n_train,seed,null_dim,lambda3,n_parallelograms
3,0,10,0,0
3,1,10,0,0
3,2,10,0,0
3,3,9,0,1
3,4,10,0,0
3,5,10,0,0
3,6,10,0,0
3,7,10,0,0
3,8,10,0,0
3,9,10,0,0
3,10,10,0,0
3,11,9,0,1
3,12,10,0,0
3,13,10,0,0
3,14,10,0,0
3,15,10,0,0
3,16,10,0,0
3,17,10,0,0
3,18,10,0,0
3,19,10,0,0
3,20,10,0,0
3,21,10,0,0
3,22,10,0,0
3,23,10,0,0
3,24,10,0,0
3,25,10,0,0
3,26,10,0,0
3,27,10,0,0
3,28,10,0,0
3,29,10,0,0
3,30,10,0,0
3,31,10,0,0
3,32,10,0,0
3,33,10,0,0
3,34,9,0,1
3,35,10,0,0
3,36,10,0,0
3,37,10,0,0
3,38,10,0,0
3,39,9,0,1
3,40,10,0,0
3,41,10,0,0
3,42,9,-1.174668433e-33,1
3,43,10,0,0
3,44,10,0,0
3,45,10,0,0
3,46,10,0,0
3,47,10,0,0
3,48,10,0,0
3,49,10,0,0
3,50,10,0,0
3,51,10,0,0
3,52,10,0,0
3,53,10,0,0
3,54,10,0,0
3,55,9,-3.188113044e-50,1
3,56,10,0,0
3,57,10,0,0
3,58,10,0,0
3,59,10,0,0
3,60,10,0,0
3,61,9,0,1
3,62,10,0,0
3,63,10,0,0
3,64,10,0,0
3,65,10,0,0
3,66,10,0,0
3,67,9,-4.710593277e-99,1
3,68,9,0,1
3,69,10,0,0
3,70,10,0,0
3,71,10,0,0
3,72,10,0,0
3,73,10,0,0
3,74,10,0,0
3,75,9,0,1
3,76,10,0,0
3,77,10,0,0
3,78,9,-3.188113044e-50,1
3,79,10,0,0
3,80,10,0,0
3,81,10,0,0
3,82,10,0,0
3,83,9,0,1
3,84,10,0,0
3,85,10,0,0
3,86,10,0,0
3,87,9,-6.516022319e-51,1
3,88,10,0,0
3,89,10,0,0
3,90,10,0,0
3,91,10,0,0
3,92,10,0,0
3,93,10,0,0
3,94,10,0,0
3,95,9,-1.174668433e-33,1
3,96,9,-3.188113044e-50,1
3,97,10,0,0
3,98,10,0,0
3,99,9,0,1
3,100,10,0,0
3,101,10,0,0
3,102,10,0,0
3,103,10,0,0
3,104,10,0,0
3,105,10,0,0
3,106,10,0,0
3,107,10,0,0
3,108,10,0,0
3,109,10,0,0
3,110,10,0,0
3,111,10,0,0
3,112,10,0,0
3,113,10,0,0
3,114,9,0,1
3,115,10,0,0
3,116,10,0,0
3,117,10,0,0
3,118,10,0,0
3,119,10,0,0
3,120,10,0,0
3,121,10,0,0
3,122,9,0,1
3,123,10,0,0
3,124,10,0,0
3,125,10,0,0
3,126,10,0,0
3,127,10,0,0
3,128,10,0,0
3,129,10,0,0
3,130,10,0,0
3,131,10,0,0
3,132,10,0,0
3,133,9,0,1
3,134,10,0,0
3,135,10,0,0
3,136,10,0,0
3,137,9,-3.188113044e-50,1
3,138,10,0,0
3,139,10,0,0
3,140,10,0,0
3,141,9,-3.188113044e-50,1
3,142,10,0,0
3,143,10,0,0
3,144,10,0,0
3,145,10,0,0
3,146,9,0,1
3,147,10,0,0
3,148,10,0,0
3,149,10,0,0
3,150,10,0,0
3,151,10,0,0
3,152,10,0,0
3,153,9,0,1
3,154,10,0,0
3,155,10,0,0
3,156,10,0,0
3,157,10,0,0
3,158,10,0,0
3,159,10,0,0
3,160,10,0,0
3,161,10,0,0
3,162,10,0,0
3,163,10,0,0
3,164,10,0,0
3,165,10,0,0
3,166,9,0,1
3,167,9,-3.188113044e-50,1
3,168,10,0,0
3,169,10,0,0
3,170,10,0,0
3,171,10,0,0
3,172,10,0,0
3,173,10,0,0
3,174,10,0,0
3,175,10,0,0
3,176,9,-3.188113044e-50,1
3,177,10,0,0
3,178,10,0,0
3,179,10,0,0
3,180,9,-4.710593277e-99,1
3,181,10,0,0
3,182,10,0,0
3,183,10,0,0
3,184,10,0,0
3,185,9,-3.188113044e-50,1
3,186,10,0,0
3,187,10,0,0
3,188,10,0,0
3,189,10,0,0
3,190,10,0,0
3,191,10,0,0
3,192,10,0,0
3,193,10,0,0
3,194,10,0,0
3,195,10,0,0
3,196,9,0,1
3,197,10,0,0
3,198,10,0,0
3,199,10,0,0
3,200,10,0,0
3,201,10,0,0
3,202,10,0,0
3,203,10,0,0
3,204,10,0,0
3,205,10,0,0
3,206,10,0,0
3,207,10,0,0
3,208,10,0,0
3,209,9,-3.188113044e-50,1
3,210,10,0,0
3,211,9,0,1
3,212,9,0,1
3,213,10,0,0
3,214,9,0,1
3,215,10,0,0
3,216,10,0,0
3,217,9,-1.174668433e-33,1
3,218,10,0,0
3,219,10,0,0
3,220,10,0,0
3,221,10,0,0
3,222,10,0,0
3,223,10,0,0
3,224,10,0,0
3,225,10,0,0
3,226,10,0,0
3,227,10,0,0
3,228,10,0,0
3,229,10,0,0
3,230,10,0,0
3,231,10,0,0
3,232,10,0,0
3,233,10,0,0
3,234,10,0,0
3,235,9,-1.174668433e-33,1
3,236,10,0,0
3,237,10,0,0
3,238,10,0,0
3,239,10,0,0
3,240,10,0,0
3,241,10,0,0
3,242,10,0,0
3,243,10,0,0
3,244,9,0,1
3,245,10,0,0
3,246,10,0,0
3,247,10,0,0
3,248,10,0,0
3,249,9,0,1
3,250,10,0,0
3,251,10,0,0
3,252,10,0,0
3,253,10,0,0
3,254,9,0,1
3,255,10,0,0
3,256,10,0,0
3,257,10,0,0
3,258,10,0,0
3,259,10,0,0
3,260,10,0,0
3,261,9,0,1
3,262,10,0,0
3,263,10,0,0
3,264,9,-1.174668433e-33,1
3,265,10,0,0
3,266,10,0,0
3,267,9,0,1
3,268,9,0,1
3,269,10,0,0
3,270,10,0,0
3,271,10,0,0
3,272,10,0,0
3,273,10,0,0
3,274,10,0,0
3,275,10,0,0
3,276,10,0,0
3,277,9,-4.710593277e-99,1
3,278,9,-3.202803699e-50,1
3,279,10,0,0
3,280,10,0,0
3,281,10,0,0
3,282,10,0,0
3,283,10,0,0
3,284,9,0,1
3,285,10,0,0
3,286,10,0,0
3,287,10,0,0
3,288,10,0,0
3,289,10,0,0
3,290,10,0,0
3,291,10,0,0
3,292,10,0,0
3,293,9,0,1
3,294,10,0,0
3,295,10,0,0
3,296,10,0,0
3,297,10,0,0
3,298,10,0,0
3,299,10,0,0
3,300,9,-3.188113044e-50,1
3,301,10,0,0
3,302,10,0,0
3,303,10,0,0
3,304,10,0,0
3,305,10,0,0
3,306,10,0,0
3,307,10,0,0
3,308,10,0,0
3,309,10,0,0
3,310,10,0,0
3,311,10,0,0
3,312,10,0,0
3,313,10,0,0
3,314,10,0,0
3,315,10,0,0
3,316,10,0,0
3,317,10,0,0
3,318,10,0,0
3,319,10,0,0
3,320,10,0,0
3,321,10,0,0
3,322,10,0,0
3,323,10,0,0
3,324,10,0,0
3,325,10,0,0
3,326,10,0,0
3,327,10,0,0
3,328,10,0,0
3,329,10,0,0
3,330,10,0,0
3,331,10,0,0
3,332,10,0,0
3,333,10,0,0
3,334,10,0,0
3,335,9,-6.516022319e-51,1
3,336,10,0,0
3,337,10,0,0
3,338,10,0,0
3,339,10,0,0
3,340,10,0,0
3,341,9,0,1
3,342,10,0,0
3,343,10,0,0
3,344,10,0,0
3,345,10,0,0
3,346,10,0,0
3,347,10,0,0
3,348,10,0,0
3,349,10,0,0
3,350,10,0,0
3,351,10,0,0
3,352,10,0,0
3,353,10,0,0
3,354,10,0,0
3,355,10,0,0
3,356,10,0,0
3,357,10,0,0
3,358,10,0,0
3,359,10,0,0
3,360,10,0,0
3,361,10,0,0
3,362,10,0,0
3,363,10,0,0
3,364,9,-6.516022319e-51,1
3,365,10,0,0
3,366,10,0,0
3,367,10,0,0
3,368,10,0,0
3,369,10,0,0
3,370,9,-3.188113044e-50,1
3,371,10,0,0
3,372,10,0,0
3,373,10,0,0
3,374,10,0,0
3,375,10,0,0
3,376,10,0,0
3,377,10,0,0
3,378,10,0,0
3,379,10,0,0
3,380,10,0,0
3,381,9,0,1
3,382,10,0,0
3,383,10,0,0
3,384,10,0,0
3,385,10,0,0
3,386,10,0,0
3,387,10,0,0
3,388,10,0,0
3,389,9,-6.516022319e-51,1
3,390,10,0,0
3,391,10,0,0
3,392,9,-6.516022319e-51,1
3,393,10,0,0
3,394,10,0,0
3,395,9,0,1
3,396,10,0,0
3,397,10,0,0
3,398,10,0,0
3,399,10,0,0
3,400,10,0,0
3,401,10,0,0
3,402,10,0,0
3,403,10,0,0
3,404,9,0,1
3,405,9,-3.188113044e-50,1
3,406,10,0,0
3,407,10,0,0
3,408,10,0,0
3,409,10,0,0
3,410,10,0,0
3,411,10,0,0
3,412,10,0,0
3,413,10,0,0
3,414,10,0,0
3,415,10,0,0
3,416,10,0,0
3,417,10,0,0
3,418,10,0,0
3,419,10,0,0
3,420,9,-3.188113044e-50,1
3,421,10,0,0
3,422,10,0,0
3,423,10,0,0
3,424,9,-3.188113044e-50,1
3,425,10,0,0
3,426,10,0,0
3,427,9,-3.202803699e-50,1
3,428,9,-1.174668433e-33,1
3,429,10,0,0
3,430,10,0,0
3,431,10,0,0
3,432,10,0,0
3,433,10,0,0
3,434,10,0,0
3,435,10,0,0
3,436,10,0,0
3,437,10,0,0
3,438,10,0,0
3,439,10,0,0
3,440,10,0,0
3,441,10,0,0
3,442,10,0,0
3,443,10,0,0
3,444,10,0,0
3,445,10,0,0
3,446,10,0,0
3,447,9,0,1
3,448,10,0,0
3,449,10,0,0
3,450,10,0,0
3,451,10,0,0
3,452,10,0,0
3,453,10,0,0
3,454,10,0,0
3,455,9,0,1
3,456,10,0,0
3,457,10,0,0
3,458,10,0,0
3,459,10,0,0
3,460,10,0,0
3,461,10,0,0
3,462,10,0,0
3,463,10,0,0
3,464,10,0,0
3,465,9,-3.202803699e-50,1
3,466,10,0,0
3,467,10,0,0
3,468,9,-3.202803699e-50,1
3,469,10,0,0
3,470,10,0,0
3,471,10,0,0
3,472,10,0,0
3,473,10,0,0
3,474,10,0,0
3,475,10,0,0
3,476,9,-3.188113044e-50,1
3,477,10,0,0
3,478,10,0,0
3,479,10,0,0
3,480,10,0,0
3,481,10,0,0
3,482,10,0,0
3,483,10,0,0
3,484,10,0,0
3,485,10,0,0
3,486,10,0,0
3,487,10,0,0
3,488,10,0,0
3,489,10,0,0
3,490,10,0,0
3,491,10,0,0
3,492,10,0,0
3,493,10,0,0
3,494,9,0,1
3,495,10,0,0
3,496,10,0,0
3,497,10,0,0
3,498,9,-6.516022319e-51,1
3,499,10,0,0
3,500,10,0,0
3,501,10,0,0
3,502,10,0,0
3,503,10,0,0
3,504,10,0,0
3,505,10,0,0
3,506,10,0,0
3,507,10,0,0
3,508,10,0,0
3,509,10,0,0
3,510,10,0,0
3,511,10,0,0
3,512,10,0,0
3,513,10,0,0
3,514,10,0,0
3,515,9,-3.202803699e-50,1
3,516,9,0,1
3,517,10,0,0
3,518,10,0,0
3,519,10,0,0
3,520,10,0,0
3,521,10,0,0
3,522,10,0,0
3,523,9,0,1
3,524,9,0,1
3,525,10,0,0
3,526,10,0,0
3,527,10,0,0
3,528,10,0,0
3,529,10,0,0
3,530,10,0,0
3,531,10,0,0
3,532,10,0,0
3,533,9,-3.188113044e-50,1
3,534,10,0,0
3,535,10,0,0
3,536,10,0,0
3,537,10,0,0
3,538,10,0,0
3,539,10,0,0
3,540,10,0,0
3,541,10,0,0
3,542,10,0,0
3,543,10,0,0
3,544,10,0,0
3,545,10,0,0
3,546,10,0,0
3,547,10,0,0
3,548,10,0,0
3,549,10,0,0
3,550,10,0,0
3,551,10,0,0
3,552,10,0,0
3,553,10,0,0
3,554,10,0,0
3,555,10,0,0
3,556,10,0,0
3,557,10,0,0
3,558,10,0,0
3,559,10,0,0
3,560,10,0,0
3,561,10,0,0
3,562,10,0,0
3,563,10,0,0
3,564,10,0,0
3,565,9,0,1
3,566,10,0,0
3,567,10,0,0
3,568,10,0,0
3,569,10,0,0
3,570,9,0,1
3,571,10,0,0
3,572,9,-3.202803699e-50,1
3,573,10,0,0
3,574,10,0,0
3,575,10,0,0
3,576,10,0,0
3,577,10,0,0
3,578,10,0,0
3,579,10,0,0
3,580,10,0,0
3,581,9,0,1
3,582,10,0,0
3,583,9,-3.188113044e-50,1
3,584,10,0,0
3,585,10,0,0
3,586,9,-3.202803699e-50,1
3,587,10,0,0
3,588,10,0,0
3,589,10,0,0
3,590,10,0,0
3,591,10,0,0
3,592,9,0,1
3,593,10,0,0
3,594,9,0,1
3,595,10,0,0
3,596,10,0,0
3,597,10,0,0
3,598,10,0,0
3,599,10,0,0
3,600,10,0,0
3,601,10,0,0
3,602,10,0,0
3,603,10,0,0
3,604,10,0,0
3,605,10,0,0
3,606,10,0,0
3,607,9,0,1
3,608,10,0,0
3,609,10,0,0
3,610,10,0,0
3,611,10,0,0
3,612,10,0,0
3,613,10,0,0
3,614,9,0,1
3,615,10,0,0
3,616,10,0,0
3,617,10,0,0
3,618,10,0,0
3,619,10,0,0
3,620,9,0,1
3,621,10,0,0
3,622,10,0,0
3,623,10,0,0
3,624,9,-6.516022319e-51,1
3,625,10,0,0
3,626,10,0,0
3,627,10,0,0
3,628,10,0,0
3,629,10,0,0
3,630,9,0,1
3,631,10,0,0
3,632,10,0,0
3,633,10,0,0
3,634,10,0,0
3,635,10,0,0
3,636,9,0,1
3,637,10,0,0
3,638,10,0,0
3,639,10,0,0
3,640,10,0,0
3,641,10,0,0
3,642,9,0,1
3,643,10,0,0
3,644,10,0,0
3,645,10,0,0
3,646,10,0,0
3,647,10,0,0
3,648,10,0,0
3,649,9,0,1
3,650,10,0,0
3,651,10,0,0
3,652,10,0,0
3,653,10,0,0
3,654,10,0,0
3,655,10,0,0
3,656,10,0,0
3,657,9,-3.202803699e-50,1
3,658,10,0,0
3,659,9,0,1
3,660,10,0,0
3,661,10,0,0
3,662,10,0,0
3,663,10,0,0
3,664,10,0,0
3,665,10,0,0
3,666,10,0,0
3,667,10,0,0
3,668,9,0,1
3,669,10,0,0
3,670,9,0,1
3,671,9,-3.188113044e-50,1
3,672,10,0,0
3,673,10,0,0
3,674,10,0,0
3,675,10,0,0
3,676,10,0,0
3,677,10,0,0
3,678,10,0,0
3,679,10,0,0
3,680,10,0,0
3,681,10,0,0
3,682,10,0,0
3,683,10,0,0
3,684,10,0,0
3,685,10,0,0
3,686,10,0,0
3,687,10,0,0
3,688,10,0,0
3,689,9,-6.516022319e-51,1
3,690,10,0,0
3,691,10,0,0
3,692,10,0,0
3,693,10,0,0
3,694,10,0,0
3,695,9,0,1
3,696,10,0,0
3,697,10,0,0
3,698,9,-3.202803699e-50,1
3,699,10,0,0
3,700,10,0,0
3,701,10,0,0
3,702,10,0,0
3,703,10,0,0
3,704,9,-1.174668433e-33,1
3,705,9,-3.188113044e-50,1
3,706,10,0,0
3,707,10,0,0
3,708,10,0,0
3,709,10,0,0
3,710,10,0,0
3,711,10,0,0
3,712,10,0,0
3,713,10,0,0
3,714,10,0,0
3,715,10,0,0
3,716,10,0,0
3,717,10,0,0
3,718,9,0,1
3,719,10,0,0
3,720,10,0,0
3,721,10,0,0
3,722,10,0,0
3,723,10,0,0
3,724,10,0,0
3,725,9,0,1
3,726,10,0,0
3,727,10,0,0
3,728,10,0,0
3,729,10,0,0
3,730,10,0,0
3,731,10,0,0
3,732,10,0,0
3,733,9,0,1
3,734,10,0,0
3,735,10,0,0
3,736,10,0,0
3,737,10,0,0
3,738,10,0,0
3,739,10,0,0
3,740,10,0,0
3,741,10,0,0
3,742,10,0,0
3,743,10,0,0
3,744,10,0,0
3,745,10,0,0
3,746,10,0,0
3,747,10,0,0
3,748,10,0,0
3,749,10,0,0
3,750,10,0,0
3,751,10,0,0
3,752,9,0,1
3,753,10,0,0
3,754,10,0,0
3,755,10,0,0
3,756,10,0,0
3,757,10,0,0
3,758,10,0,0
3,759,10,0,0
3,760,10,0,0
3,761,10,0,0
3,762,10,0,0
3,763,10,0,0
3,764,10,0,0
3,765,10,0,0
3,766,10,0,0
3,767,10,0,0
3,768,10,0,0
3,769,9,0,1
3,770,10,0,0
3,771,10,0,0
3,772,10,0,0
3,773,10,0,0
3,774,10,0,0
3,775,10,0,0
3,776,10,0,0
3,777,10,0,0
3,778,10,0,0
3,779,10,0,0
3,780,10,0,0
3,781,10,0,0
3,782,10,0,0
3,783,10,0,0
3,784,10,0,0
3,785,10,0,0
3,786,9,0,1
3,787,10,0,0
3,788,10,0,0
3,789,10,0,0
3,790,10,0,0
3,791,10,0,0
3,792,10,0,0
3,793,10,0,0
3,794,10,0,0
3,795,10,0,0
3,796,10,0,0
3,797,9,-3.188113044e-50,1
3,798,10,0,0
3,799,10,0,0
3,800,10,0,0
3,801,10,0,0
3,802,10,0,0
3,803,9,-1.174668433e-33,1
3,804,9,-1.174668433e-33,1
3,805,10,0,0
3,806,9,-3.188113044e-50,1
3,807,10,0,0
3,808,10,0,0
3,809,10,0,0
3,810,10,0,0
3,811,10,0,0
3,812,10,0,0
3,813,10,0,0
3,814,9,-3.202803699e-50,1
3,815,9,-3.188113044e-50,1
3,816,9,0,1
3,817,10,0,0
3,818,10,0,0
3,819,10,0,0
3,820,10,0,0
3,821,10,0,0
3,822,10,0,0
3,823,10,0,0
3,824,10,0,0
3,825,9,0,1
3,826,10,0,0
3,827,10,0,0
3,828,10,0,0
3,829,10,0,0
3,830,10,0,0
3,831,10,0,0
3,832,9,-3.188113044e-50,1
3,833,10,0,0
3,834,10,0,0
3,835,10,0,0
3,836,10,0,0
3,837,10,0,0
3,838,10,0,0
3,839,10,0,0
3,840,10,0,0
3,841,10,0,0
3,842,10,0,0
3,843,9,0,1
3,844,10,0,0
3,845,9,0,1
3,846,10,0,0
3,847,10,0,0
3,848,10,0,0
3,849,10,0,0
3,850,10,0,0
3,851,9,-3.202803699e-50,1
3,852,10,0,0
3,853,9,-3.202803699e-50,1
3,854,9,-6.516022319e-51,1
3,855,10,0,0
3,856,10,0,0
3,857,10,0,0
3,858,10,0,0
3,859,10,0,0
3,860,10,0,0
3,861,10,0,0
3,862,10,0,0
3,863,10,0,0
3,864,10,0,0
3,865,9,0,1
3,866,10,0,0
3,867,10,0,0
3,868,8,-5.209868353e-33,3
3,869,10,0,0
3,870,10,0,0
3,871,9,0,1
3,872,10,0,0
3,873,10,0,0
3,874,10,0,0
3,875,10,0,0
3,876,10,0,0
3,877,10,0,0
3,878,10,0,0
3,879,10,0,0
3,880,10,0,0
3,881,10,0,0
3,882,10,0,0
3,883,10,0,0
3,884,10,0,0
3,885,10,0,0
3,886,10,0,0
3,887,10,0,0
3,888,10,0,0
3,889,10,0,0
3,890,10,0,0
3,891,9,-6.516022319e-51,1
3,892,9,0,1
3,893,10,0,0
3,894,10,0,0
3,895,9,-3.188113044e-50,1
3,896,10,0,0
3,897,10,0,0
3,898,10,0,0
3,899,10,0,0
3,900,10,0,0
3,901,10,0,0
3,902,10,0,0
3,903,10,0,0
3,904,10,0,0
3,905,10,0,0
3,906,10,0,0
3,907,10,0,0
3,908,10,0,0
3,909,10,0,0
3,910,10,0,0
3,911,10,0,0
3,912,10,0,0
3,913,10,0,0
3,914,10,0,0
3,915,10,0,0
3,916,10,0,0
3,917,9,-6.516022319e-51,1
3,918,10,0,0
3,919,10,0,0
3,920,9,-3.202803699e-50,1
3,921,10,0,0
3,922,9,-6.516022319e-51,1
3,923,10,0,0
3,924,10,0,0
3,925,10,0,0
3,926,10,0,0
3,927,10,0,0
3,928,10,0,0
3,929,10,0,0
3,930,9,0,1
3,931,10,0,0
3,932,10,0,0
3,933,10,0,0
3,934,9,0,1
3,935,9,0,1
3,936,10,0,0
3,937,10,0,0
3,938,10,0,0
3,939,10,0,0
3,940,10,0,0
3,941,10,0,0
3,942,10,0,0
3,943,10,0,0
3,944,10,0,0
3,945,10,0,0
3,946,10,0,0
3,947,10,0,0
3,948,10,0,0
3,949,10,0,0
3,950,10,0,0
3,951,10,0,0
3,952,10,0,0
3,953,10,0,0
3,954,9,0,1
3,955,9,0,1
3,956,10,0,0
3,957,10,0,0
3,958,10,0,0
3,959,10,0,0
3,960,10,0,0
3,961,9,0,1
3,962,10,0,0
3,963,10,0,0
3,964,10,0,0
3,965,10,0,0
3,966,10,0,0
3,967,10,0,0
3,968,10,0,0
3,969,10,0,0
3,970,10,0,0
3,971,10,0,0
3,972,10,0,0
3,973,10,0,0
3,974,10,0,0
3,975,10,0,0
3,976,10,0,0
3,977,10,0,0
3,978,10,0,0
3,979,10,0,0
3,980,9,-3.188113044e-50,1
3,981,10,0,0
3,982,10,0,0
3,983,10,0,0
3,984,10,0,0
3,985,10,0,0
3,986,10,0,0
3,987,10,0,0
3,988,10,0,0
3,989,10,0,0
3,990,10,0,0
3,991,10,0,0
3,992,10,0,0
3,993,9,-3.800004144e-49,1
3,994,9,0,1
3,995,10,0,0
3,996,10,0,0
3,997,10,0,0
3,998,9,0,1
3,999,10,0,0
6,0,9,-3.188113044e-50,1
6,1,8,0,3
6,2,10,0,0
6,3,8,0,3
6,4,9,0,1
6,5,9,-1.174668433e-33,1
6,6,10,0,0
6,7,10,0,0
6,8,10,0,0
6,9,10,0,0
6,10,9,0,1
6,11,8,0,2
6,12,10,0,0
6,13,10,0,0
6,14,9,-3.202803699e-50,1
6,15,9,-3.188113044e-50,1
6,16,10,0,0
6,17,9,-3.188113044e-50,1
6,18,9,-1.174668433e-33,1
6,19,9,0,1
6,20,10,0,0
6,21,10,0,0
6,22,9,0,1
6,23,7,-8.175904572e-18,4
6,24,9,0,1
6,25,9,0,1
6,26,10,0,0
6,27,9,0,1
6,28,8,-2.318582962e-33,2
6,29,10,0,0
6,30,9,0,1
6,31,9,-4.710593277e-99,1
6,32,10,0,0
6,33,9,-3.188113044e-50,1
6,34,8,0,3
6,35,9,-3.202803699e-50,1
6,36,9,-3.202803699e-50,1
6,37,10,0,0
6,38,10,0,0
6,39,9,0,1
6,40,9,0,1
6,41,8,-1.51081935e-17,2
6,42,9,-1.174668433e-33,1
6,43,9,0,1
6,44,9,0,1
6,45,9,0,1
6,46,9,0,1
6,47,10,0,0
6,48,9,0,1
6,49,9,-4.710593277e-99,1
6,50,9,0,1
6,51,9,0,1
6,52,9,-3.188113044e-50,1
6,53,9,-1.174668433e-33,1
6,54,9,-6.516022319e-51,1
6,55,8,-2.175381913e-33,2
6,56,9,-4.710593277e-99,1
6,57,9,-4.710593277e-99,1
6,58,10,0,0
6,59,10,0,0
6,60,9,-3.188113044e-50,1
6,61,8,0,3
6,62,10,0,0
6,63,10,0,0
6,64,9,0,1
6,65,8,-1.333160836e-18,2
6,66,10,0,0
6,67,8,-4.40270436e-34,2
6,68,9,0,1
6,69,10,0,0
6,70,9,0,1
6,71,10,0,0
6,72,10,0,0
6,73,10,0,0
6,74,9,0,1
6,75,9,0,1
6,76,9,-3.188113044e-50,1
6,77,10,0,0
6,78,9,-3.188113044e-50,1
6,79,10,0,0
6,80,10,0,0
6,81,9,0,1
6,82,8,-4.096147997e-18,2
6,83,9,0,1
6,84,10,0,0
6,85,9,-6.516022319e-51,1
6,86,10,0,0
6,87,9,-6.516022319e-51,1
6,88,9,0,1
6,89,9,0,1
6,90,9,-3.202803699e-50,1
6,91,10,0,0
6,92,10,0,0
6,93,8,-8.770998104e-21,2
6,94,10,0,0
6,95,8,0,2
6,96,9,-3.188113044e-50,1
6,97,9,-3.188113044e-50,1
6,98,9,0,1
6,99,9,0,1
6,100,10,0,0
6,101,10,0,0
6,102,10,0,0
6,103,9,0,1
6,104,9,-1.174668433e-33,1
6,105,10,0,0
6,106,9,-3.202803699e-50,1
6,107,9,-3.202803699e-50,1
6,108,10,0,0
6,109,9,-6.516022319e-51,1
6,110,10,0,0
6,111,10,0,0
6,112,8,0,2
6,113,9,0,1
6,114,9,0,1
6,115,8,0,2
6,116,10,0,0
6,117,10,0,0
6,118,9,0,1
6,119,10,0,0
6,120,10,0,0
6,121,9,0,1
6,122,9,0,1
6,123,9,-4.710593277e-99,1
6,124,9,0,1
6,125,10,0,0
6,126,9,0,1
6,127,10,0,0
6,128,9,-1.174668433e-33,1
6,129,8,0,2
6,130,8,-3.895286683e-18,3
6,131,10,0,0
6,132,10,0,0
6,133,8,0,2
6,134,10,0,0
6,135,10,0,0
6,136,9,-6.516022319e-51,1
6,137,9,-3.188113044e-50,1
6,138,10,0,0
6,139,9,0,1
6,140,9,0,1
6,141,7,0,4
6,142,10,0,0
6,143,9,0,1
6,144,9,-6.516022319e-51,1
6,145,10,0,0
6,146,8,0,3
6,147,9,0,1
6,148,9,0,1
6,149,9,-3.202803699e-50,1
6,150,9,0,1
6,151,10,0,0
6,152,10,0,0
6,153,9,0,1
6,154,10,0,0
6,155,7,0,4
6,156,10,0,0
6,157,10,0,0
6,158,10,0,0
6,159,9,-3.202803699e-50,1
6,160,9,-3.188113044e-50,1
6,161,9,-6.516022319e-51,1
6,162,9,-3.188113044e-50,1
6,163,10,0,0
6,164,10,0,0
6,165,9,-1.174668433e-33,1
6,166,9,0,1
6,167,8,0,2
6,168,10,0,0
6,169,8,-6.731708603e-18,2
6,170,9,0,1
6,171,9,-3.188113044e-50,1
6,172,7,-1.328363399e-18,6
6,173,9,-4.710593277e-99,1
6,174,9,-3.188113044e-50,1
6,175,10,0,0
6,176,8,0,3
6,177,8,0,2
6,178,9,-3.800004144e-49,1
6,179,10,0,0
6,180,8,0,2
6,181,9,0,1
6,182,8,0,2
6,183,10,0,0
6,184,9,0,1
6,185,9,-3.188113044e-50,1
6,186,9,-1.174668433e-33,1
6,187,10,0,0
6,188,10,0,0
6,189,10,0,0
6,190,10,0,0
6,191,10,0,0
6,192,10,0,0
6,193,9,0,1
6,194,9,0,1
6,195,10,0,0
6,196,9,0,1
6,197,10,0,0
6,198,9,0,1
6,199,9,0,1
6,200,10,0,0
6,201,10,0,0
6,202,10,0,0
6,203,10,0,0
6,204,9,0,1
6,205,9,0,1
6,206,9,0,1
6,207,9,0,1
6,208,9,-4.710593277e-99,1
6,209,8,-4.886839483e-34,2
6,210,10,0,0
6,211,8,-5.803858213e-50,2
6,212,9,0,1
6,213,9,-3.202803699e-50,1
6,214,9,0,1
6,215,9,-3.202803699e-50,1
6,216,10,0,0
6,217,9,-1.174668433e-33,1
6,218,9,-3.188113044e-50,1
6,219,9,0,1
6,220,10,0,0
6,221,10,0,0
6,222,10,0,0
6,223,8,-3.006382208e-33,3
6,224,9,-4.710593277e-99,1
6,225,9,-3.202803699e-50,1
6,226,9,-1.174668433e-33,1
6,227,9,0,1
6,228,9,-3.188113044e-50,1
6,229,9,-3.188113044e-50,1
6,230,9,0,1
6,231,10,0,0
6,232,10,0,0
6,233,9,0,1
6,234,9,-3.188113044e-50,1
6,235,9,-1.174668433e-33,1
6,236,10,0,0
6,237,10,0,0
6,238,9,0,1
6,239,10,0,0
6,240,9,0,1
6,241,9,0,1
6,242,9,0,1
6,243,8,-9.646258546e-34,2
6,244,8,-1.37161311e-33,2
6,245,10,0,0
6,246,9,0,1
6,247,9,0,1
6,248,9,-4.710593277e-99,1
6,249,9,0,1
6,250,10,0,0
6,251,10,0,0
6,252,9,-1.174668433e-33,1
6,253,10,0,0
6,254,8,0,2
6,255,10,0,0
6,256,10,0,0
6,257,9,-3.202803699e-50,1
6,258,9,0,1
6,259,10,0,0
6,260,9,0,1
6,261,9,0,1
6,262,10,0,0
6,263,9,-6.516022319e-51,1
6,264,9,-1.174668433e-33,1
6,265,9,0,1
6,266,10,0,0
6,267,8,0,2
6,268,9,0,1
6,269,9,-3.188113044e-50,1
6,270,9,0,1
6,271,10,0,0
6,272,10,0,0
6,273,9,-3.188113044e-50,1
6,274,10,0,0
6,275,9,-3.188113044e-50,1
6,276,9,-6.516022319e-51,1
6,277,8,0,3
6,278,8,-3.789403868e-21,2
6,279,10,0,0
6,280,10,0,0
6,281,9,0,1
6,282,10,0,0
6,283,9,0,1
6,284,8,-2.053071496e-17,2
6,285,10,0,0
6,286,10,0,0
6,287,8,0,2
6,288,10,0,0
6,289,10,0,0
6,290,10,0,0
6,291,10,0,0
6,292,10,0,0
6,293,9,0,1
6,294,9,-6.516022319e-51,1
6,295,9,0,1
6,296,10,0,0
6,297,10,0,0
6,298,10,0,0
6,299,10,0,0
6,300,9,-3.188113044e-50,1
6,301,10,0,0
6,302,10,0,0
6,303,8,-3.895286683e-18,3
6,304,10,0,0
6,305,10,0,0
6,306,10,0,0
6,307,9,0,1
6,308,10,0,0
6,309,10,0,0
6,310,10,0,0
6,311,10,0,0
6,312,10,0,0
6,313,10,0,0
6,314,10,0,0
6,315,10,0,0
6,316,9,0,1
6,317,10,0,0
6,318,9,0,1
6,319,9,-1.174668433e-33,1
6,320,10,0,0
6,321,9,-3.188113044e-50,1
6,322,9,-3.202803699e-50,1
6,323,9,-1.174668433e-33,1
6,324,10,0,0
6,325,9,0,1
6,326,10,0,0
6,327,10,0,0
6,328,10,0,0
6,329,9,0,1
6,330,10,0,0
6,331,10,0,0
6,332,9,0,1
6,333,10,0,0
6,334,10,0,0
6,335,9,-6.516022319e-51,1
6,336,9,0,1
6,337,8,-3.122724764e-18,2
6,338,10,0,0
6,339,9,0,1
6,340,9,0,1
6,341,9,0,1
6,342,9,0,1
6,343,10,0,0
6,344,9,0,1
6,345,10,0,0
6,346,9,0,1
6,347,9,0,1
6,348,9,0,1
6,349,10,0,0
6,350,10,0,0
6,351,9,0,1
6,352,10,0,0
6,353,10,0,0
6,354,8,-9.38673711e-19,2
6,355,10,0,0
6,356,9,-3.188113044e-50,1
6,357,9,0,1
6,358,9,-3.202803699e-50,1
6,359,10,0,0
6,360,9,-3.202803699e-50,1
6,361,9,-3.188113044e-50,1
6,362,10,0,0
6,363,10,0,0
6,364,9,-6.516022319e-51,1
6,365,10,0,0
6,366,9,-6.516022319e-51,1
6,367,9,-3.188113044e-50,1
6,368,10,0,0
6,369,9,0,1
6,370,9,-3.188113044e-50,1
6,371,8,0,2
6,372,9,-3.202803699e-50,1
6,373,10,0,0
6,374,10,0,0
6,375,10,0,0
6,376,10,0,0
6,377,9,0,1
6,378,10,0,0
6,379,9,-1.174668433e-33,1
6,380,9,0,1
6,381,9,0,1
6,382,8,0,2
6,383,9,0,1
6,384,9,-4.710593277e-99,1
6,385,9,-3.202803699e-50,1
6,386,10,0,0
6,387,10,0,0
6,388,9,0,1
6,389,8,0,2
6,390,8,-6.804768498e-33,2
6,391,9,0,1
6,392,8,-3.220678531e-18,3
6,393,9,-3.188113044e-50,1
6,394,9,0,1
6,395,9,0,1
6,396,9,-3.202803699e-50,1
6,397,10,0,0
6,398,9,0,1
6,399,9,-4.710593277e-99,1
6,400,10,0,0
6,401,10,0,0
6,402,10,0,0
6,403,9,0,1
6,404,8,0,3
6,405,9,-3.188113044e-50,1
6,406,9,0,1
6,407,9,-4.710593277e-99,1
6,408,10,0,0
6,409,10,0,0
6,410,10,0,0
6,411,9,-3.202803699e-50,1
6,412,9,0,1
6,413,9,-3.188113044e-50,1
6,414,9,0,1
6,415,10,0,0
6,416,10,0,0
6,417,10,0,0
6,418,10,0,0
6,419,9,-3.188113044e-50,1
6,420,8,0,2
6,421,9,-3.202803699e-50,1
6,422,9,0,1
6,423,10,0,0
6,424,9,-3.188113044e-50,1
6,425,10,0,0
6,426,9,0,1
6,427,9,-3.202803699e-50,1
6,428,9,-1.174668433e-33,1
6,429,9,0,1
6,430,9,0,1
6,431,9,-6.516022319e-51,1
6,432,9,0,1
6,433,9,-3.188113044e-50,1
6,434,10,0,0
6,435,9,0,1
6,436,10,0,0
6,437,9,-3.800004144e-49,1
6,438,10,0,0
6,439,10,0,0
6,440,10,0,0
6,441,10,0,0
6,442,8,0,2
6,443,10,0,0
6,444,10,0,0
6,445,10,0,0
6,446,9,-4.710593277e-99,1
6,447,8,0,3
6,448,10,0,0
6,449,9,-3.188113044e-50,1
6,450,9,0,1
6,451,10,0,0
6,452,10,0,0
6,453,10,0,0
6,454,9,-3.188113044e-50,1
6,455,8,0,2
6,456,10,0,0
6,457,10,0,0
6,458,10,0,0
6,459,9,0,1
6,460,9,-3.202803699e-50,1
6,461,9,0,1
6,462,10,0,0
6,463,10,0,0
6,464,8,0,2
6,465,8,-3.811933001e-18,3
6,466,8,-6.28639585e-33,2
6,467,9,0,1
6,468,8,-1.944501875e-17,3
6,469,10,0,0
6,470,9,0,1
6,471,9,0,1
6,472,10,0,0
6,473,10,0,0
6,474,9,-4.710593277e-99,1
6,475,10,0,0
6,476,9,-3.188113044e-50,1
6,477,9,-6.516022319e-51,1
6,478,9,-3.800004144e-49,1
6,479,9,-1.174668433e-33,1
6,480,9,-3.202803699e-50,1
6,481,10,0,0
6,482,9,0,1
6,483,10,0,0
6,484,10,0,0
6,485,10,0,0
6,486,10,0,0
6,487,10,0,0
6,488,9,-3.202803699e-50,1
6,489,10,0,0
6,490,10,0,0
6,491,9,-1.174668433e-33,1
6,492,9,0,1
6,493,10,0,0
6,494,9,0,1
6,495,10,0,0
6,496,8,-1.150472583e-17,2
6,497,10,0,0
6,498,8,0,3
6,499,10,0,0
6,500,10,0,0
6,501,10,0,0
6,502,9,-4.710593277e-99,1
6,503,9,-3.188113044e-50,1
6,504,10,0,0
6,505,9,-4.710593277e-99,1
6,506,9,0,1
6,507,9,-3.188113044e-50,1
6,508,9,0,1
6,509,9,0,1
6,510,9,0,1
6,511,9,0,1
6,512,10,0,0
6,513,10,0,0
6,514,9,-3.188113044e-50,1
6,515,9,-3.202803699e-50,1
6,516,8,-3.895286683e-18,3
6,517,10,0,0
6,518,10,0,0
6,519,10,0,0
6,520,10,0,0
6,521,9,0,1
6,522,9,0,1
6,523,9,0,1
6,524,9,0,1
6,525,9,0,1
6,526,10,0,0
6,527,8,-4.042277801e-19,2
6,528,9,0,1
6,529,9,-6.516022319e-51,1
6,530,8,-1.742475555e-50,2
6,531,9,0,1
6,532,10,0,0
6,533,8,-2.319096725e-18,2
6,534,10,0,0
6,535,9,-4.710593277e-99,1
6,536,9,-1.174668433e-33,1
6,537,9,0,1
6,538,8,-1.70073521e-18,2
6,539,10,0,0
6,540,10,0,0
6,541,10,0,0
6,542,9,-1.174668433e-33,1
6,543,9,-4.710593277e-99,1
6,544,8,0,3
6,545,10,0,0
6,546,10,0,0
6,547,10,0,0
6,548,9,-1.174668433e-33,1
6,549,10,0,0
6,550,9,0,1
6,551,9,0,1
6,552,9,-3.188113044e-50,1
6,553,9,-6.516022319e-51,1
6,554,9,-4.710593277e-99,1
6,555,10,0,0
6,556,10,0,0
6,557,9,-4.710593277e-99,1
6,558,10,0,0
6,559,10,0,0
6,560,9,-1.174668433e-33,1
6,561,10,0,0
6,562,10,0,0
6,563,10,0,0
6,564,8,0,2
6,565,9,0,1
6,566,9,-1.174668433e-33,1
6,567,9,0,1
6,568,10,0,0
6,569,10,0,0
6,570,9,0,1
6,571,10,0,0
6,572,9,-3.202803699e-50,1
6,573,8,-3.099296033e-34,2
6,574,10,0,0
6,575,9,0,1
6,576,9,-3.202803699e-50,1
6,577,10,0,0
6,578,10,0,0
6,579,10,0,0
6,580,10,0,0
6,581,8,0,2
6,582,10,0,0
6,583,9,-3.188113044e-50,1
6,584,10,0,0
6,585,9,0,1
6,586,7,-4.148603065e-21,3
6,587,10,0,0
6,588,10,0,0
6,589,10,0,0
6,590,9,0,1
6,591,9,-4.710593277e-99,1
6,592,9,0,1
6,593,10,0,0
6,594,8,0,2
6,595,9,0,1
6,596,10,0,0
6,597,9,-3.202803699e-50,1
6,598,9,0,1
6,599,9,0,1
6,600,9,0,1
6,601,9,-6.516022319e-51,1
6,602,9,-3.188113044e-50,1
6,603,9,-3.188113044e-50,1
6,604,9,0,1
6,605,9,0,1
6,606,9,0,1
6,607,9,0,1
6,608,10,0,0
6,609,10,0,0
6,610,9,0,1
6,611,10,0,0
6,612,10,0,0
6,613,9,0,1
6,614,9,0,1
6,615,9,0,1
6,616,10,0,0
6,617,10,0,0
6,618,9,0,1
6,619,10,0,0
6,620,9,0,1
6,621,10,0,0
6,622,9,0,1
6,623,9,0,1
6,624,9,-6.516022319e-51,1
6,625,9,0,1
6,626,9,-3.800004144e-49,1
6,627,9,-3.800004144e-49,1
6,628,9,0,1
6,629,10,0,0
6,630,9,0,1
6,631,9,-4.710593277e-99,1
6,632,9,-3.188113044e-50,1
6,633,8,-3.264358139e-34,2
6,634,10,0,0
6,635,10,0,0
6,636,9,0,1
6,637,9,0,1
6,638,10,0,0
6,639,10,0,0
6,640,8,-9.326429426e-51,2
6,641,9,-1.174668433e-33,1
6,642,9,0,1
6,643,10,0,0
6,644,9,0,1
6,645,10,0,0
6,646,9,0,1
6,647,9,-3.188113044e-50,1
6,648,10,0,0
6,649,9,0,1
6,650,9,0,1
6,651,9,-3.202803699e-50,1
6,652,9,0,1
6,653,10,0,0
6,654,9,0,1
6,655,10,0,0
6,656,8,-1.013833628e-50,2
6,657,9,-3.202803699e-50,1
6,658,10,0,0
6,659,9,0,1
6,660,9,0,1
6,661,10,0,0
6,662,9,-3.202803699e-50,1
6,663,10,0,0
6,664,10,0,0
6,665,10,0,0
6,666,10,0,0
6,667,9,-1.174668433e-33,1
6,668,9,0,1
6,669,9,-1.174668433e-33,1
6,670,9,0,1
6,671,9,-3.188113044e-50,1
6,672,10,0,0
6,673,10,0,0
6,674,10,0,0
6,675,10,0,0
6,676,8,-1.674661941e-18,2
6,677,9,0,1
6,678,8,0,3
6,679,10,0,0
6,680,8,0,2
6,681,10,0,0
6,682,9,0,1
6,683,9,0,1
6,684,10,0,0
6,685,9,-1.174668433e-33,1
6,686,10,0,0
6,687,9,-1.174668433e-33,1
6,688,10,0,0
6,689,9,-6.516022319e-51,1
6,690,10,0,0
6,691,9,0,1
6,692,8,-2.389977882e-19,2
6,693,10,0,0
6,694,9,0,1
6,695,8,0,2
6,696,10,0,0
6,697,10,0,0
6,698,9,-3.202803699e-50,1
6,699,9,-1.174668433e-33,1
6,700,10,0,0
6,701,9,0,1
6,702,10,0,0
6,703,10,0,0
6,704,9,-1.174668433e-33,1
6,705,8,0,2
6,706,10,0,0
6,707,10,0,0
6,708,10,0,0
6,709,10,0,0
6,710,8,-4.423392214e-49,2
6,711,10,0,0
6,712,10,0,0
6,713,9,0,1
6,714,10,0,0
6,715,9,0,1
6,716,9,0,1
6,717,9,0,1
6,718,9,0,1
6,719,8,-5.057215318e-18,2
6,720,10,0,0
6,721,10,0,0
6,722,9,-3.202803699e-50,1
6,723,10,0,0
6,724,9,-3.202803699e-50,1
6,725,9,0,1
6,726,10,0,0
6,727,10,0,0
6,728,9,0,1
6,729,10,0,0
6,730,9,-6.516022319e-51,1
6,731,9,-3.800004144e-49,1
6,732,9,-3.202803699e-50,1
6,733,9,0,1
6,734,9,0,1
6,735,10,0,0
6,736,10,0,0
6,737,10,0,0
6,738,10,0,0
6,739,10,0,0
6,740,10,0,0
6,741,10,0,0
6,742,10,0,0
6,743,9,-4.710593277e-99,1
6,744,10,0,0
6,745,10,0,0
6,746,9,0,1
6,747,10,0,0
6,748,10,0,0
6,749,10,0,0
6,750,8,-1.10241175e-17,2
6,751,9,0,1
6,752,8,0,3
6,753,9,0,1
6,754,9,-3.800004144e-49,1
6,755,9,0,1
6,756,10,0,0
6,757,9,0,1
6,758,9,-4.710593277e-99,1
6,759,8,-3.006382208e-33,3
6,760,9,0,1
6,761,9,-4.710593277e-99,1
6,762,9,0,1
6,763,10,0,0
6,764,10,0,0
6,765,10,0,0
6,766,9,-3.188113044e-50,1
6,767,10,0,0
6,768,10,0,0
6,769,9,0,1
6,770,9,0,1
6,771,8,0,2
6,772,9,0,1
6,773,8,0,2
6,774,10,0,0
6,775,9,0,1
6,776,9,0,1
6,777,10,0,0
6,778,9,0,1
6,779,9,0,1
6,780,9,0,1
6,781,10,0,0
6,782,9,-3.188113044e-50,1
6,783,10,0,0
6,784,9,-3.188113044e-50,1
6,785,10,0,0
6,786,8,-1.406103062e-52,2
6,787,9,0,1
6,788,10,0,0
6,789,10,0,0
6,790,10,0,0
6,791,8,0,3
6,792,9,-3.188113044e-50,1
6,793,9,-3.188113044e-50,1
6,794,9,-3.202803699e-50,1
6,795,10,0,0
6,796,9,0,1
6,797,9,-3.188113044e-50,1
6,798,9,-3.800004144e-49,1
6,799,10,0,0
6,800,10,0,0
6,801,10,0,0
6,802,10,0,0
6,803,8,0,3
6,804,9,-1.174668433e-33,1
6,805,9,0,1
6,806,8,0,2
6,807,10,0,0
6,808,10,0,0
6,809,10,0,0
6,810,9,0,1
6,811,9,-3.188113044e-50,1
6,812,10,0,0
6,813,9,0,1
6,814,8,0,3
6,815,9,-3.188113044e-50,1
6,816,9,0,1
6,817,10,0,0
6,818,9,-1.174668433e-33,1
6,819,9,-4.710593277e-99,1
6,820,9,0,1
6,821,9,-3.202803699e-50,1
6,822,8,-2.446342592e-50,2
6,823,9,0,1
6,824,9,-3.202803699e-50,1
6,825,9,0,1
6,826,10,0,0
6,827,10,0,0
6,828,9,0,1
6,829,10,0,0
6,830,10,0,0
6,831,10,0,0
6,832,9,-3.188113044e-50,1
6,833,9,0,1
6,834,8,-5.035081506e-18,2
6,835,10,0,0
6,836,10,0,0
6,837,10,0,0
6,838,9,-3.188113044e-50,1
6,839,8,-2.710295536e-18,2
6,840,10,0,0
6,841,10,0,0
6,842,10,0,0
6,843,9,0,1
6,844,9,-3.202803699e-50,1
6,845,9,0,1
6,846,9,0,1
6,847,9,-3.188113044e-50,1
6,848,10,0,0
6,849,9,0,1
6,850,10,0,0
6,851,9,-3.202803699e-50,1
6,852,10,0,0
6,853,9,-3.202803699e-50,1
6,854,9,-6.516022319e-51,1
6,855,10,0,0
6,856,9,-6.516022319e-51,1
6,857,10,0,0
6,858,10,0,0
6,859,10,0,0
6,860,9,-1.174668433e-33,1
6,861,9,-6.516022319e-51,1
6,862,9,0,1
6,863,9,-1.174668433e-33,1
6,864,9,0,1
6,865,9,0,1
6,866,10,0,0
6,867,9,0,1
6,868,8,-5.209868353e-33,3
6,869,9,0,1
6,870,10,0,0
6,871,9,0,1
6,872,8,-5.209868353e-33,3
6,873,9,0,1
6,874,9,0,1
6,875,9,-3.188113044e-50,1
6,876,9,-3.188113044e-50,1
6,877,9,-1.174668433e-33,1
6,878,10,0,0
6,879,10,0,0
6,880,10,0,0
6,881,10,0,0
6,882,8,0,3
6,883,10,0,0
6,884,10,0,0
6,885,10,0,0
6,886,10,0,0
6,887,9,0,1
6,888,9,0,1
6,889,9,0,1
6,890,10,0,0
6,891,9,-6.516022319e-51,1
6,892,8,0,2
6,893,10,0,0
6,894,8,0,3
6,895,7,-2.844173446e-18,4
6,896,9,0,1
6,897,10,0,0
6,898,10,0,0
6,899,10,0,0
6,900,9,-3.800004144e-49,1
6,901,10,0,0
6,902,10,0,0
6,903,9,0,1
6,904,9,0,1
6,905,10,0,0
6,906,9,0,1
6,907,9,-6.516022319e-51,1
6,908,10,0,0
6,909,9,0,1
6,910,10,0,0
6,911,9,0,1
6,912,9,-4.710593277e-99,1
6,913,9,-3.202803699e-50,1
6,914,9,-3.202803699e-50,1
6,915,10,0,0
6,916,10,0,0
6,917,9,-6.516022319e-51,1
6,918,10,0,0
6,919,10,0,0
6,920,8,-3.811933001e-18,3
6,921,9,-3.202803699e-50,1
6,922,8,0,2
6,923,10,0,0
6,924,9,-1.174668433e-33,1
6,925,9,-1.174668433e-33,1
6,926,10,0,0
6,927,9,-6.516022319e-51,1
6,928,10,0,0
6,929,8,-1.219219449e-18,2
6,930,8,-3.220678531e-18,3
6,931,10,0,0
6,932,9,-3.202803699e-50,1
6,933,9,-1.174668433e-33,1
6,934,9,0,1
6,935,9,0,1
6,936,9,-6.516022319e-51,1
6,937,9,-3.202803699e-50,1
6,938,10,0,0
6,939,9,0,1
6,940,9,-3.188113044e-50,1
6,941,9,-3.188113044e-50,1
6,942,8,-3.006382208e-33,3
6,943,9,0,1
6,944,10,0,0
6,945,10,0,0
6,946,10,0,0
6,947,8,0,2
6,948,10,0,0
6,949,10,0,0
6,950,9,0,1
6,951,10,0,0
6,952,10,0,0
6,953,9,-3.202803699e-50,1
6,954,9,0,1
6,955,8,-1.356206792e-17,2
6,956,10,0,0
6,957,9,-3.188113044e-50,1
6,958,10,0,0
6,959,9,0,1
6,960,9,0,1
6,961,9,0,1
6,962,9,-1.174668433e-33,1
6,963,10,0,0
6,964,9,0,1
6,965,10,0,0
6,966,10,0,0
6,967,10,0,0
6,968,10,0,0
6,969,10,0,0
6,970,9,0,1
6,971,10,0,0
6,972,9,0,1
6,973,9,0,1
6,974,8,-9.411158221e-19,2
6,975,9,0,1
6,976,9,0,1
6,977,10,0,0
6,978,10,0,0
6,979,9,0,1
6,980,8,-1.289481134e-33,2
6,981,10,0,0
6,982,9,-3.188113044e-50,1
6,983,10,0,0
6,984,9,0,1
6,985,10,0,0
6,986,9,-6.516022319e-51,1
6,987,9,0,1
6,988,9,0,1
6,989,10,0,0
6,990,10,0,0
6,991,9,-6.516022319e-51,1
6,992,9,0,1
6,993,8,-2.805091532e-19,2
6,994,8,0,3
6,995,10,0,0
6,996,10,0,0
6,997,10,0,0
6,998,9,0,1
6,999,10,0,0
9,0,8,-7.468015396e-18,3
9,1,7,-4.355523322e-18,4
9,2,9,0,1
9,3,8,0,3
9,4,7,0,3
9,5,8,0,2
9,6,9,0,1
9,7,10,0,0
9,8,8,0,2
9,9,9,0,1
9,10,8,0,2
9,11,7,-2.162235606e-17,3
9,12,9,-3.188113044e-50,1
9,13,10,0,0
9,14,8,-3.220678531e-18,3
9,15,8,-5.323192578e-33,2
9,16,7,0,4
9,17,9,-3.188113044e-50,1
9,18,9,-1.174668433e-33,1
9,19,7,0,3
9,20,9,-3.800004144e-49,1
9,21,8,-1.944501875e-17,3
9,22,8,-5.551578327e-36,2
9,23,5,-3.342746049e-18,9
9,24,9,0,1
9,25,7,-7.884789649e-18,4
9,26,9,-3.188113044e-50,1
9,27,9,0,1
9,28,6,-4.545455821e-18,5
9,29,9,0,1
9,30,8,0,2
9,31,9,-4.710593277e-99,1
9,32,10,0,0
9,33,9,-3.188113044e-50,1
9,34,7,0,4
9,35,9,-3.202803699e-50,1
9,36,8,-5.391136456e-18,2
9,37,7,0,4
9,38,9,-4.710593277e-99,1
9,39,9,0,1
9,40,8,0,2
9,41,6,0,7
9,42,8,0,3
9,43,8,0,2
9,44,7,2.111414803e-34,3
9,45,8,-7.468015396e-18,3
9,46,9,0,1
9,47,9,0,1
9,48,8,5.919472206e-65,2
9,49,9,-4.710593277e-99,1
9,50,9,0,1
9,51,9,0,1
9,52,9,-3.188113044e-50,1
9,53,7,0,3
9,54,8,0,2
9,55,8,-2.175381913e-33,2
9,56,8,0,2
9,57,9,-4.710593277e-99,1
9,58,10,0,0
9,59,8,-2.391483726e-17,2
9,60,7,-1.221976662e-17,3
9,61,7,0,4
9,62,9,-3.202803699e-50,1
9,63,9,0,1
9,64,8,-7.455442533e-18,2
9,65,7,0,3
9,66,9,0,1
9,67,8,-4.40270436e-34,2
9,68,8,0,2
9,69,10,0,0
9,70,9,0,1
9,71,9,0,1
9,72,8,-2.018802152e-18,2
9,73,8,-3.104313065e-33,2
9,74,8,0,3
9,75,8,-3.643234039e-51,2
9,76,9,-3.188113044e-50,1
9,77,9,-4.710593277e-99,1
9,78,7,0,3
9,79,9,0,1
9,80,10,0,0
9,81,9,0,1
9,82,6,-7.353073093e-20,4
9,83,8,-3.406549928e-18,2
9,84,10,0,0
9,85,9,-6.516022319e-51,1
9,86,10,0,0
9,87,8,-1.141057014e-52,2
9,88,8,0,2
9,89,8,-5.266069901e-19,2
9,90,7,-1.487967386e-17,4
9,91,9,-3.202803699e-50,1
9,92,9,0,1
9,93,7,-4.199947087e-18,4
9,94,8,-4.524806389e-18,2
9,95,7,-5.829572288e-18,3
9,96,7,3.767324463e-34,4
9,97,8,-7.925567016e-20,2
9,98,9,0,1
9,99,8,0,2
9,100,9,0,1
9,101,8,-7.590422601e-18,2
9,102,9,-4.710593277e-99,1
9,103,7,-1.559989763e-17,3
9,104,8,-2.729516235e-19,2
9,105,9,0,1
9,106,8,-1.51081935e-17,2
9,107,9,-3.202803699e-50,1
9,108,7,-1.306336882e-18,3
9,109,8,-7.426471878e-18,2
9,110,9,0,1
9,111,10,0,0
9,112,8,0,2
9,113,9,0,1
9,114,8,-1.788047858e-18,2
9,115,8,0,2
9,116,10,0,0
9,117,9,-1.174668433e-33,1
9,118,8,0,3
9,119,10,0,0
9,120,10,0,0
9,121,7,0,4
9,122,8,1.855569318e-33,2
9,123,8,-1.008735251e-34,2
9,124,8,0,2
9,125,10,0,0
9,126,8,0,2
9,127,9,0,1
9,128,8,0,2
9,129,6,0,4
9,130,8,-3.895286683e-18,3
9,131,8,-3.410271182e-18,2
9,132,9,0,1
9,133,7,0,4
9,134,9,-3.800004144e-49,1
9,135,9,-3.202803699e-50,1
9,136,8,0,3
9,137,8,0,3
9,138,9,-3.202803699e-50,1
9,139,7,0,3
9,140,7,0,3
9,141,7,0,4
9,142,9,0,1
9,143,7,-4.92624697e-19,3
9,144,9,-6.516022319e-51,1
9,145,9,0,1
9,146,8,0,3
9,147,9,0,1
9,148,9,0,1
9,149,7,-1.085992015e-18,3
9,150,6,-5.07598552e-18,5
9,151,9,0,1
9,152,9,0,1
9,153,8,0,2
9,154,7,0,3
9,155,7,0,4
9,156,10,0,0
9,157,9,-3.202803699e-50,1
9,158,7,0,4
9,159,9,-3.202803699e-50,1
9,160,8,0,2
9,161,8,-5.31180982e-18,2
9,162,8,-4.199205678e-22,2
9,163,9,0,1
9,164,9,-3.202803699e-50,1
9,165,9,-1.174668433e-33,1
9,166,8,0,2
9,167,8,0,2
9,168,10,0,0
9,169,8,-6.731708603e-18,2
9,170,9,0,1
9,171,8,0,2
9,172,7,-1.328363399e-18,6
9,173,7,-1.271920513e-17,4
9,174,9,-3.188113044e-50,1
9,175,9,0,1
9,176,7,-2.422802165e-49,4
9,177,7,0,3
9,178,8,-7.380097446e-33,2
9,179,9,0,1
9,180,7,-1.376310398e-17,3
9,181,7,-3.049717323e-34,3
9,182,7,-4.508592181e-34,3
9,183,10,0,0
9,184,9,0,1
9,185,7,-4.118908587e-33,3
9,186,8,-1.356206792e-17,2
9,187,10,0,0
9,188,10,0,0
9,189,9,0,1
9,190,8,0,2
9,191,9,0,1
9,192,9,-3.202803699e-50,1
9,193,8,-7.577243267e-18,3
9,194,9,0,1
9,195,9,0,1
9,196,9,0,1
9,197,9,0,1
9,198,8,0,2
9,199,9,0,1
9,200,9,-4.710593277e-99,1
9,201,9,-3.188113044e-50,1
9,202,9,-1.174668433e-33,1
9,203,10,0,0
9,204,8,-8.047942963e-19,2
9,205,8,-4.356450038e-19,2
9,206,8,-4.655848484e-33,2
9,207,9,0,1
9,208,9,-4.710593277e-99,1
9,209,6,-1.417341391e-17,5
9,210,9,0,1
9,211,8,-5.803858213e-50,2
9,212,9,0,1
9,213,7,-1.337791828e-34,4
9,214,8,0,2
9,215,8,0,2
9,216,10,0,0
9,217,8,-1.924955478e-34,2
9,218,9,-3.188113044e-50,1
9,219,9,0,1
9,220,9,-3.202803699e-50,1
9,221,9,-6.516022319e-51,1
9,222,8,-6.27089395e-19,2
9,223,7,0,4
9,224,8,-5.209868353e-33,3
9,225,9,-3.202803699e-50,1
9,226,8,-6.785438625e-19,2
9,227,9,0,1
9,228,8,-6.27089395e-19,2
9,229,8,-3.895286683e-18,3
9,230,8,0,3
9,231,8,0,2
9,232,9,-3.188113044e-50,1
9,233,9,0,1
9,234,9,-3.188113044e-50,1
9,235,8,-1.73223626e-34,2
9,236,9,0,1
9,237,9,-3.188113044e-50,1
9,238,9,0,1
9,239,9,-6.516022319e-51,1
9,240,9,0,1
9,241,8,-1.924955478e-34,2
9,242,8,-5.493206519e-19,2
9,243,7,0,3
9,244,6,0,5
9,245,9,0,1
9,246,8,0,2
9,247,9,0,1
9,248,7,-8.149207414e-18,4
9,249,8,0,2
9,250,10,0,0
9,251,9,0,1
9,252,9,-1.174668433e-33,1
9,253,9,0,1
9,254,7,-8.822668364e-18,3
9,255,8,-7.389122402e-18,2
9,256,10,0,0
9,257,9,-3.202803699e-50,1
9,258,8,-1.10241175e-17,2
9,259,8,0,2
9,260,8,0,2
9,261,8,-5.493206519e-19,2
9,262,9,0,1
9,263,8,-1.092897361e-35,2
9,264,7,-6.8567518e-18,4
9,265,8,0,2
9,266,10,0,0
9,267,7,-4.196355938e-18,3
9,268,9,0,1
9,269,8,0,2
9,270,8,-4.344800019e-34,2
9,271,9,0,1
9,272,9,0,1
9,273,8,-9.646258546e-34,2
9,274,9,-6.516022319e-51,1
9,275,8,-3.895286683e-18,3
9,276,8,0,3
9,277,7,-9.441360799e-18,4
9,278,7,-1.662835841e-33,3
9,279,9,0,1
9,280,10,0,0
9,281,8,-1.419854197e-69,2
9,282,9,0,1
9,283,8,0,2
9,284,7,0,4
9,285,9,0,1
9,286,8,0,2
9,287,8,0,2
9,288,9,0,1
9,289,9,0,1
9,290,8,-3.006382208e-33,3
9,291,9,-1.174668433e-33,1
9,292,10,0,0
9,293,8,-1.820990622e-33,2
9,294,9,-6.516022319e-51,1
9,295,9,0,1
9,296,9,0,1
9,297,9,0,1
9,298,9,0,1
9,299,10,0,0
9,300,8,-3.959982722e-19,2
9,301,10,0,0
9,302,10,0,0
9,303,8,-3.895286683e-18,3
9,304,10,0,0
9,305,9,0,1
9,306,10,0,0
9,307,8,-1.788047858e-18,2
9,308,9,0,1
9,309,9,0,1
9,310,8,0,2
9,311,8,-7.720791209e-68,2
9,312,8,-1.723677517e-19,2
9,313,9,-3.188113044e-50,1
9,314,9,0,1
9,315,9,-6.516022319e-51,1
9,316,9,0,1
9,317,9,-1.174668433e-33,1
9,318,7,0,4
9,319,8,-1.896168769e-17,2
9,320,8,0,2
9,321,8,-6.990438941e-20,2
9,322,9,-3.202803699e-50,1
9,323,8,0,2
9,324,9,0,1
9,325,8,-1.788047858e-18,2
9,326,9,0,1
9,327,8,-5.31180982e-18,2
9,328,9,0,1
9,329,8,-2.166190483e-50,2
9,330,9,0,1
9,331,9,0,1
9,332,8,0,2
9,333,10,0,0
9,334,9,-3.188113044e-50,1
9,335,9,-6.516022319e-51,1
9,336,8,0,3
9,337,7,-3.448127061e-18,3
9,338,10,0,0
9,339,9,0,1
9,340,7,-9.50283075e-18,3
9,341,8,-6.37276316e-33,2
9,342,8,-4.5381279e-67,2
9,343,9,0,1
9,344,9,0,1
9,345,10,0,0
9,346,8,0,2
9,347,9,0,1
9,348,9,0,1
9,349,9,0,1
9,350,10,0,0
9,351,8,-4.84658565e-33,2
9,352,8,0,3
9,353,10,0,0
9,354,7,0,3
9,355,9,0,1
9,356,8,-1.343475976e-18,2
9,357,8,-5.493206519e-19,2
9,358,8,-1.201966281e-17,2
9,359,10,0,0
9,360,9,-3.202803699e-50,1
9,361,9,-3.188113044e-50,1
9,362,9,-3.188113044e-50,1
9,363,8,0,2
9,364,8,-1.083080993e-49,2
9,365,10,0,0
9,366,7,0,3
9,367,8,-1.402565777e-18,2
9,368,9,-3.202803699e-50,1
9,369,8,-3.099296033e-34,2
9,370,8,-1.161175867e-17,2
9,371,7,-3.302184829e-18,3
9,372,9,-3.202803699e-50,1
9,373,9,0,1
9,374,8,-3.264358139e-34,2
9,375,9,-1.174668433e-33,1
9,376,8,-3.665450229e-34,2
9,377,8,-3.170718119e-18,2
9,378,8,-5.493206519e-19,2
9,379,7,0,4
9,380,9,0,1
9,381,8,0,2
9,382,8,0,2
9,383,9,0,1
9,384,9,-4.710593277e-99,1
9,385,8,-7.282145764e-18,2
9,386,9,-3.800004144e-49,1
9,387,9,0,1
9,388,8,3.906256837e-34,2
9,389,8,0,2
9,390,8,-6.804768498e-33,2
9,391,8,-2.829771613e-34,2
9,392,8,-3.220678531e-18,3
9,393,7,-1.20847473e-17,4
9,394,7,-1.357169648e-18,3
9,395,8,-6.070268771e-51,2
9,396,8,-1.273743784e-18,2
9,397,9,-3.202803699e-50,1
9,398,8,5.860915682e-99,2
9,399,9,-4.710593277e-99,1
9,400,8,-2.467115015e-18,2
9,401,9,-3.202803699e-50,1
9,402,8,-1.153972057e-20,2
9,403,9,0,1
9,404,8,0,3
9,405,9,-3.188113044e-50,1
9,406,9,0,1
9,407,8,-4.197305615e-33,2
9,408,9,0,1
9,409,9,-3.188113044e-50,1
9,410,8,-4.781819354e-33,2
9,411,9,-3.202803699e-50,1
9,412,9,0,1
9,413,9,-3.188113044e-50,1
9,414,9,0,1
9,415,8,-1.153972057e-20,2
9,416,9,-3.188113044e-50,1
9,417,8,-5.493206519e-19,2
9,418,9,-3.188113044e-50,1
9,419,8,-4.199205678e-22,2
9,420,8,0,2
9,421,9,-3.202803699e-50,1
9,422,8,0,3
9,423,8,-9.385676698e-18,2
9,424,8,-6.504701237e-18,2
9,425,10,0,0
9,426,8,0,3
9,427,9,-3.202803699e-50,1
9,428,8,0,2
9,429,8,-7.577243267e-18,3
9,430,9,0,1
9,431,9,-6.516022319e-51,1
9,432,8,-1.056582755e-51,2
9,433,9,-3.188113044e-50,1
9,434,9,0,1
9,435,7,-1.051794826e-19,3
9,436,8,-6.522064214e-34,2
9,437,9,-3.800004144e-49,1
9,438,9,0,1
9,439,8,1.074736824e-84,2
9,440,7,-5.297241756e-18,4
9,441,10,0,0
9,442,6,0,4
9,443,9,-6.516022319e-51,1
9,444,9,-3.202803699e-50,1
9,445,9,-4.710593277e-99,1
9,446,9,-4.710593277e-99,1
9,447,8,0,3
9,448,10,0,0
9,449,9,-3.188113044e-50,1
9,450,7,0,3
9,451,8,0,2
9,452,9,0,1
9,453,8,-1.476071249e-17,2
9,454,9,-3.188113044e-50,1
9,455,8,0,2
9,456,9,0,1
9,457,9,0,1
9,458,10,0,0
9,459,8,0,2
9,460,9,-3.202803699e-50,1
9,461,8,-7.577243267e-18,3
9,462,9,0,1
9,463,9,0,1
9,464,7,-2.324850459e-19,3
9,465,7,-1.093308668e-17,4
9,466,8,-6.28639585e-33,2
9,467,9,0,1
9,468,6,-2.213143614e-33,6
9,469,9,0,1
9,470,8,0,2
9,471,8,0,2
9,472,8,-6.548007016e-51,2
9,473,10,0,0
9,474,7,-9.690506743e-18,4
9,475,10,0,0
9,476,9,-3.188113044e-50,1
9,477,9,-6.516022319e-51,1
9,478,8,-9.852850126e-19,3
9,479,9,-1.174668433e-33,1
9,480,8,-3.759002247e-33,2
9,481,9,-3.188113044e-50,1
9,482,8,-8.277176693e-19,2
9,483,10,0,0
9,484,9,0,1
9,485,9,-3.188113044e-50,1
9,486,8,-3.693031194e-50,2
9,487,9,0,1
9,488,9,-3.202803699e-50,1
9,489,9,0,1
9,490,9,-1.174668433e-33,1
9,491,8,-9.38673711e-19,2
9,492,8,-2.446342592e-50,2
9,493,10,0,0
9,494,9,0,1
9,495,9,-1.174668433e-33,1
9,496,8,-1.150472583e-17,2
9,497,10,0,0
9,498,7,-5.117061694e-18,4
9,499,9,-3.188113044e-50,1
9,500,10,0,0
9,501,8,-3.922189518e-34,2
9,502,7,-1.195279891e-17,4
9,503,9,-3.188113044e-50,1
9,504,9,0,1
9,505,8,-4.5381279e-67,2
9,506,8,0,2
9,507,9,-3.188113044e-50,1
9,508,7,-1.261430534e-33,3
9,509,9,0,1
9,510,8,0,3
9,511,7,-2.72560814e-33,4
9,512,8,-3.15501921e-33,2
9,513,9,-3.202803699e-50,1
9,514,8,-7.925567016e-20,2
9,515,8,-2.251380811e-19,2
9,516,8,-3.895286683e-18,3
9,517,9,-6.516022319e-51,1
9,518,8,0,3
9,519,9,0,1
9,520,9,-3.202803699e-50,1
9,521,8,-2.212490155e-18,2
9,522,8,-1.056582755e-51,2
9,523,8,0,2
9,524,7,-1.213041131e-18,3
9,525,8,-5.131859948e-18,2
9,526,8,0,2
9,527,7,-7.351746038e-20,4
9,528,7,-9.275902699e-34,3
9,529,7,0,4
9,530,7,-5.117061694e-18,4
9,531,9,0,1
9,532,10,0,0
9,533,7,-1.071466456e-20,4
9,534,8,-7.78901348e-34,2
9,535,8,0,3
9,536,8,-6.450059181e-18,2
9,537,8,0,2
9,538,8,-1.70073521e-18,2
9,539,10,0,0
9,540,8,-1.900239205e-35,2
9,541,7,0,4
9,542,9,-1.174668433e-33,1
9,543,8,0,2
9,544,8,0,3
9,545,8,-3.54887164e-20,2
9,546,8,0,2
9,547,9,-3.202803699e-50,1
9,548,9,-1.174668433e-33,1
9,549,8,0,2
9,550,7,-7.656073884e-18,3
9,551,9,0,1
9,552,9,-3.188113044e-50,1
9,553,8,0,2
9,554,8,4.589057195e-67,2
9,555,9,0,1
9,556,9,0,1
9,557,8,-1.055922736e-35,2
9,558,8,0,2
9,559,9,0,1
9,560,8,-6.872693769e-51,2
9,561,9,0,1
9,562,8,-1.018441905e-18,2
9,563,10,0,0
9,564,7,-8.404870412e-19,3
9,565,9,0,1
9,566,9,-1.174668433e-33,1
9,567,7,-1.443695898e-33,3
9,568,9,-6.516022319e-51,1
9,569,9,-3.188113044e-50,1
9,570,8,-2.002544873e-18,2
9,571,9,0,1
9,572,9,-3.202803699e-50,1
9,573,6,0,5
9,574,8,-1.239225288e-34,2
9,575,9,0,1
9,576,9,-3.202803699e-50,1
9,577,9,0,1
9,578,9,-3.188113044e-50,1
9,579,9,0,1
9,580,10,0,0
9,581,7,0,3
9,582,10,0,0
9,583,9,-3.188113044e-50,1
9,584,8,-1.70073521e-18,2
9,585,8,-5.493206519e-19,2
9,586,7,-4.148603065e-21,3
9,587,10,0,0
9,588,9,0,1
9,589,10,0,0
9,590,8,0,2
9,591,9,-4.710593277e-99,1
9,592,8,-3.591068818e-33,2
9,593,9,-3.188113044e-50,1
9,594,7,0,3
9,595,7,-1.302510383e-17,4
9,596,9,0,1
9,597,9,-3.202803699e-50,1
9,598,9,0,1
9,599,9,0,1
9,600,8,0,2
9,601,8,-5.067942543e-18,2
9,602,8,4.883866662e-34,2
9,603,7,-1.296291925e-18,3
9,604,8,-3.516411441e-18,2
9,605,8,0,2
9,606,8,-7.813985629e-50,2
9,607,9,0,1
9,608,9,0,1
9,609,9,0,1
9,610,8,-7.610882727e-18,2
9,611,10,0,0
9,612,9,-6.516022319e-51,1
9,613,9,0,1
9,614,7,-1.83119469e-18,3
9,615,8,-3.264358139e-34,2
9,616,9,0,1
9,617,9,-3.188113044e-50,1
9,618,8,0,2
9,619,9,-1.174668433e-33,1
9,620,7,-1.333022371e-17,3
9,621,10,0,0
9,622,9,0,1
9,623,8,-2.251380811e-19,2
9,624,9,-6.516022319e-51,1
9,625,9,0,1
9,626,8,-9.852850126e-19,3
9,627,9,-3.800004144e-49,1
9,628,7,0,3
9,629,10,0,0
9,630,8,-1.102035391e-17,2
9,631,7,-1.524097276e-17,3
9,632,8,-5.721190831e-18,2
9,633,6,7.225851371e-19,5
9,634,10,0,0
9,635,10,0,0
9,636,9,0,1
9,637,8,0,3
9,638,9,0,1
9,639,10,0,0
9,640,7,-1.145082678e-33,3
9,641,7,-1.410354168e-33,3
9,642,8,2.437974114e-49,2
9,643,10,0,0
9,644,8,-2.710295536e-18,2
9,645,10,0,0
9,646,8,0,2
9,647,8,-5.107460958e-20,2
9,648,9,-1.174668433e-33,1
9,649,7,-5.546207902e-34,4
9,650,8,0,2
9,651,8,-2.223430082e-18,2
9,652,8,0,2
9,653,8,-2.053071496e-17,2
9,654,8,0,2
9,655,9,-6.516022319e-51,1
9,656,8,-1.013833628e-50,2
9,657,7,0,3
9,658,9,0,1
9,659,8,-1.293678297e-18,2
9,660,9,0,1
9,661,8,-5.067942543e-18,2
9,662,9,-3.202803699e-50,1
9,663,8,0,2
9,664,10,0,0
9,665,9,-6.516022319e-51,1
9,666,9,-6.516022319e-51,1
9,667,8,-1.903795065e-33,2
9,668,9,0,1
9,669,7,0,4
9,670,8,-3.643234039e-51,2
9,671,8,-9.74248989e-34,2
9,672,9,0,1
9,673,9,0,1
9,674,10,0,0
9,675,9,-3.202803699e-50,1
9,676,8,-1.674661941e-18,2
9,677,8,-2.28665319e-49,2
9,678,8,0,3
9,679,10,0,0
9,680,8,0,2
9,681,8,-1.10241175e-17,2
9,682,9,0,1
9,683,7,0,3
9,684,9,-1.174668433e-33,1
9,685,8,-8.702619101e-18,2
9,686,8,0,2
9,687,8,-2.710295536e-18,2
9,688,9,0,1
9,689,9,-6.516022319e-51,1
9,690,8,0,2
9,691,7,0,3
9,692,8,-2.389977882e-19,2
9,693,9,0,1
9,694,9,0,1
9,695,6,0,5
9,696,10,0,0
9,697,8,-6.37276316e-33,2
9,698,9,-3.202803699e-50,1
9,699,9,-1.174668433e-33,1
9,700,8,-5.24854948e-18,2
9,701,8,-2.710295536e-18,2
9,702,8,-5.126976317e-36,2
9,703,10,0,0
9,704,9,-1.174668433e-33,1
9,705,7,0,3
9,706,9,0,1
9,707,10,0,0
9,708,10,0,0
9,709,10,0,0
9,710,7,9.004752546e-35,3
9,711,9,0,1
9,712,9,0,1
9,713,9,0,1
9,714,10,0,0
9,715,8,0,2
9,716,8,-1.305279104e-17,2
9,717,8,0,2
9,718,7,0,3
9,719,8,-5.057215318e-18,2
9,720,10,0,0
9,721,10,0,0
9,722,7,0,4
9,723,9,0,1
9,724,9,-3.202803699e-50,1
9,725,9,0,1
9,726,10,0,0
9,727,9,0,1
9,728,8,0,2
9,729,10,0,0
9,730,9,-6.516022319e-51,1
9,731,6,-2.475253541e-34,5
9,732,7,-4.558443615e-18,3
9,733,9,0,1
9,734,8,0,3
9,735,8,-1.395470587e-17,3
9,736,9,-1.174668433e-33,1
9,737,8,-2.210236496e-35,2
9,738,9,0,1
9,739,10,0,0
9,740,8,-3.85269745e-18,2
9,741,9,-1.174668433e-33,1
9,742,9,0,1
9,743,9,-4.710593277e-99,1
9,744,10,0,0
9,745,9,0,1
9,746,7,0,3
9,747,9,-3.202803699e-50,1
9,748,9,0,1
9,749,8,-8.047942963e-19,2
9,750,7,-6.219265576e-18,3
9,751,9,0,1
9,752,8,0,3
9,753,8,-5.493206519e-19,2
9,754,7,8.769962682e-34,3
9,755,8,0,2
9,756,9,-3.188113044e-50,1
9,757,8,-2.187510587e-17,2
9,758,6,-6.393849374e-34,5
9,759,8,-3.006382208e-33,3
9,760,9,0,1
9,761,8,-4.5381279e-67,2
9,762,9,0,1
9,763,8,-7.925567016e-20,2
9,764,8,-1.102035391e-17,2
9,765,10,0,0
9,766,7,0,3
9,767,9,0,1
9,768,9,0,1
9,769,8,0,2
9,770,8,0,2
9,771,7,-5.743926563e-18,4
9,772,9,0,1
9,773,8,0,2
9,774,10,0,0
9,775,9,0,1
9,776,7,0,4
9,777,9,-4.710593277e-99,1
9,778,8,0,2
9,779,9,0,1
9,780,9,0,1
9,781,9,0,1
9,782,7,-8.382375304e-18,4
9,783,8,-7.355690662e-67,2
9,784,7,-5.987502192e-19,3
9,785,9,-6.516022319e-51,1
9,786,8,-1.406103062e-52,2
9,787,9,0,1
9,788,9,0,1
9,789,10,0,0
9,790,9,-3.202803699e-50,1
9,791,8,0,3
9,792,8,-6.731708603e-18,2
9,793,9,-3.188113044e-50,1
9,794,9,-3.202803699e-50,1
9,795,9,0,1
9,796,9,0,1
9,797,7,-1.763986872e-18,4
9,798,8,0,2
9,799,8,0,3
9,800,8,-1.73223626e-34,2
9,801,8,-1.723677517e-19,2
9,802,10,0,0
9,803,7,-2.3964823e-33,4
9,804,7,-1.728745548e-18,3
9,805,8,-5.493206519e-19,2
9,806,7,-1.292286783e-18,4
9,807,10,0,0
9,808,9,0,1
9,809,8,0,2
9,810,8,-1.035393903e-17,2
9,811,8,-2.173756748e-18,2
9,812,8,-1.356206792e-17,2
9,813,9,0,1
9,814,7,-1.583053469e-17,4
9,815,8,0,2
9,816,7,-4.656705677e-33,3
9,817,9,-3.202803699e-50,1
9,818,8,-1.774794596e-19,2
9,819,9,-4.710593277e-99,1
9,820,8,-1.617969767e-18,2
9,821,8,0,2
9,822,6,0,6
9,823,8,-2.829771613e-34,2
9,824,8,0,2
9,825,8,0,2
9,826,9,0,1
9,827,9,-6.516022319e-51,1
9,828,8,0,2
9,829,8,0,2
9,830,9,0,1
9,831,9,-4.710593277e-99,1
9,832,8,-2.59462617e-33,2
9,833,8,0,2
9,834,8,-5.035081506e-18,2
9,835,10,0,0
9,836,10,0,0
9,837,9,0,1
9,838,9,-3.188113044e-50,1
9,839,7,-2.879652629e-18,3
9,840,10,0,0
9,841,10,0,0
9,842,8,0,2
9,843,8,-2.389977882e-19,2
9,844,7,-7.483938805e-18,3
9,845,8,-7.294367324e-35,2
9,846,9,0,1
9,847,8,-3.17836015e-50,2
9,848,10,0,0
9,849,8,4.589057195e-67,2
9,850,9,0,1
9,851,8,-1.723677517e-19,2
9,852,10,0,0
9,853,9,-3.202803699e-50,1
9,854,9,-6.516022319e-51,1
9,855,9,0,1
9,856,8,-3.184720834e-50,2
9,857,8,-1.11848339e-33,2
9,858,9,0,1
9,859,8,0,3
9,860,8,-1.774794596e-19,2
9,861,8,-2.541745256e-19,2
9,862,8,0,3
9,863,8,0,2
9,864,8,-1.944501875e-17,3
9,865,9,0,1
9,866,8,0,2
9,867,8,-3.895286683e-18,3
9,868,7,4.581916512e-34,4
9,869,9,0,1
9,870,10,0,0
9,871,8,-4.356450038e-19,2
9,872,8,-5.209868353e-33,3
9,873,8,-2.389977882e-19,2
9,874,8,0,2
9,875,9,-3.188113044e-50,1
9,876,8,-1.727208698e-18,2
9,877,7,-3.145931207e-18,3
9,878,9,0,1
9,879,10,0,0
9,880,8,-2.710295536e-18,2
9,881,8,0,3
9,882,7,0,4
9,883,8,-7.577243267e-18,3
9,884,10,0,0
9,885,9,0,1
9,886,9,0,1
9,887,9,0,1
9,888,8,-7.12961573e-18,2
9,889,7,-2.849212477e-18,3
9,890,9,-3.202803699e-50,1
9,891,8,0,2
9,892,7,-6.138307891e-18,4
9,893,10,0,0
9,894,8,0,3
9,895,6,6.574437435e-18,5
9,896,9,0,1
9,897,9,0,1
9,898,9,0,1
9,899,9,0,1
9,900,9,-3.800004144e-49,1
9,901,9,0,1
9,902,8,-2.446342592e-50,2
9,903,8,-4.423392214e-49,2
9,904,8,-3.08313513e-34,2
9,905,9,-3.188113044e-50,1
9,906,9,0,1
9,907,9,-6.516022319e-51,1
9,908,8,0,2
9,909,8,-1.088007393e-33,2
9,910,10,0,0
9,911,8,0,3
9,912,8,-1.476071249e-17,2
9,913,9,-3.202803699e-50,1
9,914,9,-3.202803699e-50,1
9,915,9,-3.188113044e-50,1
9,916,7,1.958695501e-33,4
9,917,7,-9.859190253e-19,3
9,918,9,0,1
9,919,7,-1.135493784e-33,4
9,920,8,-3.811933001e-18,3
9,921,8,-1.38491196e-17,2
9,922,6,-7.078647718e-18,4
9,923,10,0,0
9,924,8,-6.450059181e-18,2
9,925,8,0,2
9,926,9,0,1
9,927,8,-3.827355842e-34,2
9,928,9,-3.202803699e-50,1
9,929,7,-1.087089936e-17,3
9,930,7,-1.319295666e-33,4
9,931,8,-2.710295536e-18,2
9,932,7,-6.626552422e-18,4
9,933,8,0,2
9,934,8,0,2
9,935,9,0,1
9,936,7,-1.406916397e-17,4
9,937,8,-5.119976972e-18,2
9,938,9,-4.710593277e-99,1
9,939,8,0,2
9,940,8,-7.577243267e-18,3
9,941,9,-3.188113044e-50,1
9,942,7,-3.992798149e-18,4
9,943,8,-1.37161311e-33,2
9,944,8,-3.895286683e-18,3
9,945,10,0,0
9,946,10,0,0
9,947,6,-6.243086572e-19,5
9,948,9,-3.188113044e-50,1
9,949,9,-3.188113044e-50,1
9,950,9,0,1
9,951,9,0,1
9,952,9,0,1
9,953,8,0,2
9,954,8,-1.039987866e-67,2
9,955,8,-1.356206792e-17,2
9,956,9,0,1
9,957,8,-1.16585979e-33,2
9,958,9,0,1
9,959,7,-7.483920579e-18,3
9,960,9,0,1
9,961,8,0,2
9,962,9,-1.174668433e-33,1
9,963,8,0,2
9,964,8,-2.829771613e-34,2
9,965,8,-6.070268771e-51,2
9,966,10,0,0
9,967,8,-1.51081935e-17,2
9,968,9,0,1
9,969,9,-6.516022319e-51,1
9,970,9,0,1
9,971,9,0,1
9,972,9,0,1
9,973,9,0,1
9,974,7,0,3
9,975,9,0,1
9,976,8,0,3
9,977,9,-3.188113044e-50,1
9,978,9,0,1
9,979,8,0,3
9,980,7,-6.215138131e-19,3
9,981,10,0,0
9,982,8,4.883866662e-34,2
9,983,9,-1.174668433e-33,1
9,984,9,0,1
9,985,9,0,1
9,986,8,0,3
9,987,8,0,2
9,988,8,0,2
9,989,10,0,0
9,990,9,-3.202803699e-50,1
9,991,9,-6.516022319e-51,1
9,992,8,-5.057215318e-18,2
9,993,7,0,4
9,994,8,0,3
9,995,8,-3.264358139e-34,2
9,996,10,0,0
9,997,10,0,0
9,998,9,0,1
9,999,9,-6.516022319e-51,1
12,0,8,-7.468015396e-18,3
12,1,6,-4.272623384e-18,5
12,2,9,0,1
12,3,7,-6.757370978e-35,4
12,4,7,0,3
12,5,8,0,2
12,6,8,-2.847845679e-37,2
12,7,8,0,2
12,8,8,0,2
12,9,7,-1.413758483e-18,3
12,10,7,-3.48980637e-18,3
12,11,7,-2.162235606e-17,3
12,12,7,-1.111106807e-18,3
12,13,9,0,1
12,14,6,-4.046297662e-18,5
12,15,6,0,4
12,16,6,-1.402333127e-33,5
12,17,9,-3.188113044e-50,1
12,18,7,0,4
12,19,5,9.415971157e-18,6
12,20,7,-8.87459701e-18,4
12,21,7,-3.64313371e-18,4
12,22,7,0,3
12,23,4,2.043223006e-17,10
12,24,9,0,1
12,25,6,-2.818552881e-18,5
12,26,8,-5.323192578e-33,2
12,27,7,0,3
12,28,5,-2.360784586e-18,8
12,29,8,0,2
12,30,7,-4.167392419e-18,3
12,31,7,-9.31640107e-34,3
12,32,9,0,1
12,33,8,-4.655848484e-33,2
12,34,7,0,4
12,35,8,-1.05840285e-20,2
12,36,8,-5.391136456e-18,2
12,37,5,0,8
12,38,8,-7.577243267e-18,3
12,39,9,0,1
12,40,7,-1.462563406e-33,3
12,41,6,0,7
12,42,7,-3.403852287e-17,4
12,43,8,0,2
12,44,7,2.111414803e-34,3
12,45,7,0,4
12,46,8,-1.056582755e-51,2
12,47,7,-6.223730035e-18,4
12,48,6,9.269020724e-34,4
12,49,8,5.860915682e-99,2
12,50,8,0,2
12,51,7,-2.036103741e-18,3
12,52,8,-4.655848484e-33,2
12,53,5,0,6
12,54,8,0,2
12,55,7,2.235426454e-34,3
12,56,7,-8.140671315e-18,3
12,57,7,-1.848892747e-33,3
12,58,10,0,0
12,59,6,-6.654638308e-18,4
12,60,6,0,6
12,61,5,0,7
12,62,7,0,3
12,63,8,0,2
12,64,8,-7.455442533e-18,2
12,65,6,4.469556701e-52,4
12,66,8,-7.333401457e-50,2
12,67,8,-4.40270436e-34,2
12,68,7,-1.309614997e-17,4
12,69,8,-3.006382208e-33,3
12,70,7,-8.199913206e-19,3
12,71,8,0,3
12,72,5,-2.149626781e-34,5
12,73,8,-3.104313065e-33,2
12,74,6,0,7
12,75,6,-1.537666346e-17,4
12,76,8,-2.55341163e-36,2
12,77,7,-6.773699622e-18,3
12,78,7,0,3
12,79,8,-7.925567016e-20,2
12,80,8,-7.590422601e-18,2
12,81,7,-2.977912935e-18,3
12,82,5,-1.309422082e-18,6
12,83,6,0,4
12,84,9,0,1
12,85,8,0,2
12,86,9,0,1
12,87,7,0,3
12,88,7,0,4
12,89,7,0,3
12,90,6,0,5
12,91,8,0,2
12,92,6,0,6
12,93,6,0,7
12,94,8,-4.524806389e-18,2
12,95,6,-1.214529104e-18,6
12,96,6,-1.068218968e-17,5
12,97,6,0,5
12,98,7,2.577222609e-34,3
12,99,7,0,4
12,100,8,0,2
12,101,7,-1.534667213e-18,3
12,102,9,-4.710593277e-99,1
12,103,7,-1.559989763e-17,3
12,104,7,-5.583159344e-35,4
12,105,7,-7.293802432e-18,4
12,106,6,-3.942030313e-18,6
12,107,7,-2.014574327e-17,3
12,108,6,-8.651625733e-19,4
12,109,7,-1.710600784e-20,3
12,110,7,-4.219090038e-18,4
12,111,8,0,2
12,112,8,0,2
12,113,8,0,2
12,114,6,-2.434299579e-19,5
12,115,8,0,2
12,116,7,0,3
12,117,9,-1.174668433e-33,1
12,118,8,0,3
12,119,9,0,1
12,120,8,-3.042717395e-38,2
12,121,6,0,5
12,122,7,-6.985931755e-19,3
12,123,8,-1.008735251e-34,2
12,124,7,0,4
12,125,9,-3.188113044e-50,1
12,126,7,-3.650229626e-18,4
12,127,8,0,2
12,128,7,-6.21533152e-18,3
12,129,5,2.494458379e-33,8
12,130,7,0,4
12,131,7,-1.064660955e-17,3
12,132,7,0,3
12,133,7,0,4
12,134,7,-7.594876635e-18,3
12,135,9,-3.202803699e-50,1
12,136,7,-7.073740167e-35,4
12,137,7,-1.505756162e-18,4
12,138,8,-1.05840285e-20,2
12,139,6,-2.74660326e-19,4
12,140,6,0,4
12,141,6,-4.185042977e-18,5
12,142,6,-4.203485537e-18,4
12,143,6,-5.06296442e-18,5
12,144,8,-4.851226661e-51,2
12,145,7,-5.191584277e-18,3
12,146,7,0,6
12,147,7,0,3
12,148,7,-3.514880095e-33,3
12,149,5,-1.65199842e-18,6
12,150,5,4.541597011e-19,8
12,151,8,-1.356206792e-17,2
12,152,8,-2.187510587e-17,2
12,153,7,-8.368908572e-50,3
12,154,6,0,4
12,155,6,0,5
12,156,9,-1.174668433e-33,1
12,157,7,-1.065832263e-18,4
12,158,6,0,5
12,159,8,-1.221395232e-50,2
12,160,8,0,2
12,161,7,-7.81092375e-18,3
12,162,6,0,4
12,163,8,-2.432559115e-33,2
12,164,9,-3.202803699e-50,1
12,165,8,-1.055922736e-35,2
12,166,7,-3.37912755e-18,3
12,167,6,-8.348286244e-18,5
12,168,9,0,1
12,169,6,-2.003233822e-34,5
12,170,7,0,3
12,171,7,-1.162966974e-18,3
12,172,6,0,7
12,173,7,-1.271920513e-17,4
12,174,8,-4.789284015e-19,2
12,175,7,-6.561214145e-18,3
12,176,6,-3.332780557e-34,5
12,177,6,-5.362103667e-34,4
12,178,7,-2.510156647e-17,3
12,179,7,-2.125490002e-34,3
12,180,6,-1.41081174e-17,5
12,181,5,-4.994730221e-18,5
12,182,7,-4.508592181e-34,3
12,183,10,0,0
12,184,7,0,3
12,185,6,0,4
12,186,7,-6.011263884e-18,4
12,187,7,-1.050532981e-17,3
12,188,9,-3.188113044e-50,1
12,189,7,0,3
12,190,8,0,2
12,191,8,0,2
12,192,8,-1.944501875e-17,3
12,193,6,-1.095933111e-17,7
12,194,7,-4.729384691e-19,3
12,195,8,0,2
12,196,7,-2.74660326e-19,4
12,197,7,-9.770413271e-18,3
12,198,7,0,4
12,199,8,0,2
12,200,7,-7.900749318e-18,3
12,201,9,-3.188113044e-50,1
12,202,8,-7.694891157e-34,2
12,203,7,-7.242739017e-19,4
12,204,5,-1.520346279e-18,5
12,205,7,0,3
12,206,7,0,3
12,207,8,0,2
12,208,8,0,2
12,209,6,-1.417341391e-17,5
12,210,8,0,2
12,211,8,-5.803858213e-50,2
12,212,8,0,2
12,213,5,7.823799263e-18,6
12,214,7,-1.682325898e-18,3
12,215,7,-1.862608525e-33,3
12,216,9,-3.188113044e-50,1
12,217,7,-3.433130456e-19,4
12,218,8,-7.082514395e-34,2
12,219,9,0,1
12,220,7,-1.625981193e-17,3
12,221,8,0,3
12,222,7,0,4
12,223,6,-1.624534517e-18,5
12,224,7,-1.945775146e-19,4
12,225,7,0,4
12,226,7,-4.056940813e-35,3
12,227,8,0,2
12,228,7,-5.10443749e-18,4
12,229,5,0,7
12,230,6,-5.152992449e-18,5
12,231,7,0,3
12,232,8,-4.199205678e-22,2
12,233,8,-2.829771613e-34,2
12,234,8,-1.114734451e-33,2
12,235,7,-8.096254298e-18,3
12,236,7,-2.733913864e-18,3
12,237,8,-1.395259947e-35,2
12,238,7,0,3
12,239,8,-3.950417509e-18,2
12,240,7,-1.278666124e-17,4
12,241,7,-2.283769337e-33,3
12,242,7,-9.514603347e-20,3
12,243,7,0,3
12,244,5,0,7
12,245,9,0,1
12,246,6,0,5
12,247,6,0,5
12,248,7,-8.149207414e-18,4
12,249,7,0,4
12,250,8,-1.159222557e-17,2
12,251,7,-6.078417024e-19,4
12,252,9,-1.174668433e-33,1
12,253,7,-1.302510383e-17,4
12,254,6,-1.00165748e-17,5
12,255,6,0,4
12,256,8,-1.567997168e-18,2
12,257,7,0,3
12,258,7,-1.084426861e-17,3
12,259,6,0,5
12,260,7,0,4
12,261,8,-5.493206519e-19,2
12,262,7,2.244596639e-18,3
12,263,7,-1.236369525e-18,3
12,264,6,0,5
12,265,8,0,2
12,266,8,-3.264358139e-34,2
12,267,7,-4.196355938e-18,3
12,268,6,-5.722277041e-18,5
12,269,7,-5.642817049e-21,3
12,270,7,-1.40539111e-33,4
12,271,9,0,1
12,272,7,3.073735348e-18,3
12,273,6,-2.018649209e-18,4
12,274,7,0,4
12,275,6,-3.048392127e-18,5
12,276,8,0,3
12,277,6,-3.984007335e-18,5
12,278,6,0,5
12,279,9,0,1
12,280,8,0,2
12,281,6,-2.887333941e-33,5
12,282,8,-1.102035391e-17,2
12,283,8,0,2
12,284,6,0,5
12,285,8,-8.125193599e-71,2
12,286,8,0,2
12,287,7,-6.73393849e-34,3
12,288,8,-4.331648421e-33,2
12,289,7,-4.66212695e-19,3
12,290,7,0,4
12,291,7,-9.342413593e-20,3
12,292,8,0,2
12,293,7,-5.411693437e-18,3
12,294,8,0,2
12,295,7,-1.328945553e-17,3
12,296,8,-3.099296033e-34,2
12,297,9,0,1
12,298,7,-3.856446157e-50,3
12,299,8,0,2
12,300,7,0,3
12,301,8,-2.14691581e-17,2
12,302,9,0,1
12,303,7,-3.292564652e-18,4
12,304,7,0,4
12,305,8,-5.107460958e-20,2
12,306,9,-3.188113044e-50,1
12,307,6,-3.393125631e-18,4
12,308,6,0,4
12,309,9,0,1
12,310,7,-3.192090494e-18,3
12,311,6,0,4
12,312,7,-1.145684752e-17,4
12,313,8,-1.740082212e-18,3
12,314,8,0,2
12,315,7,-4.204602386e-19,4
12,316,9,0,1
12,317,8,-1.055922736e-35,2
12,318,6,-1.609316336e-18,7
12,319,6,-9.27514242e-18,5
12,320,8,0,2
12,321,7,-1.338176147e-17,3
12,322,9,-3.202803699e-50,1
12,323,8,0,2
12,324,7,-2.614280536e-33,3
12,325,7,-6.225835098e-18,3
12,326,9,0,1
12,327,7,-1.342205763e-17,3
12,328,8,0,2
12,329,6,-5.895393672e-18,4
12,330,8,0,2
12,331,7,-3.974526587e-51,3
12,332,6,0,4
12,333,9,0,1
12,334,8,-8.770998104e-21,2
12,335,9,-6.516022319e-51,1
12,336,7,-5.773354425e-18,4
12,337,5,0,6
12,338,9,0,1
12,339,9,0,1
12,340,5,0,6
12,341,7,0,3
12,342,7,-2.572091828e-33,4
12,343,8,-1.102035391e-17,2
12,344,7,-3.455613424e-33,4
12,345,9,-1.174668433e-33,1
12,346,8,0,2
12,347,8,0,2
12,348,8,0,2
12,349,6,-1.740680113e-18,5
12,350,9,-4.710593277e-99,1
12,351,7,0,3
12,352,8,0,3
12,353,9,0,1
12,354,5,-2.682494138e-18,6
12,355,8,0,2
12,356,8,-1.343475976e-18,2
12,357,7,-3.478230981e-19,3
12,358,8,-1.201966281e-17,2
12,359,9,0,1
12,360,9,-3.202803699e-50,1
12,361,8,-1.476071249e-17,2
12,362,8,-7.072062709e-19,2
12,363,7,0,3
12,364,8,-1.083080993e-49,2
12,365,8,-8.099187868e-19,2
12,366,7,0,3
12,367,7,-1.116666638e-17,3
12,368,9,-3.202803699e-50,1
12,369,7,-4.719177578e-33,3
12,370,7,0,3
12,371,6,0,5
12,372,7,-8.940464842e-19,3
12,373,7,-1.168198044e-17,3
12,374,7,-3.765330237e-18,3
12,375,8,0,3
12,376,7,0,3
12,377,6,0,4
12,378,7,-3.66213768e-19,3
12,379,6,0,6
12,380,8,0,2
12,381,6,0,5
12,382,8,0,2
12,383,8,-7.590422601e-18,2
12,384,6,3.775747229e-18,4
12,385,5,6.479306366e-18,6
12,386,7,0,3
12,387,7,-1.135706539e-18,4
12,388,7,-1.044994702e-18,3
12,389,6,0,5
12,390,7,7.245800136e-36,3
12,391,7,-1.737250939e-34,3
12,392,7,-9.236473335e-18,4
12,393,6,0,6
12,394,7,-1.357169648e-18,3
12,395,7,-7.25185523e-18,3
12,396,8,-1.273743784e-18,2
12,397,8,-6.066215425e-18,2
12,398,7,-1.427119386e-33,3
12,399,8,0,2
12,400,7,-1.505756162e-18,4
12,401,9,-3.202803699e-50,1
12,402,6,5.976910265e-18,4
12,403,9,0,1
12,404,7,0,4
12,405,7,0,4
12,406,7,0,4
12,407,7,-3.498429071e-18,4
12,408,8,-5.067942543e-18,2
12,409,7,-7.6569925e-18,4
12,410,6,-3.757419329e-18,4
12,411,9,-3.202803699e-50,1
12,412,8,0,2
12,413,7,-1.054021024e-18,3
12,414,8,-5.493206519e-19,2
12,415,7,-1.521966447e-18,4
12,416,7,-4.486557668e-18,3
12,417,8,-5.493206519e-19,2
12,418,7,0,3
12,419,6,-6.579978736e-18,5
12,420,7,-9.054605251e-20,3
12,421,8,-3.21575996e-18,2
12,422,7,0,4
12,423,6,4.698346006e-34,4
12,424,8,-6.504701237e-18,2
12,425,8,0,2
12,426,7,-3.28760485e-18,4
12,427,8,-1.161175867e-17,2
12,428,8,0,2
12,429,8,-7.577243267e-18,3
12,430,7,-1.041361374e-20,4
12,431,6,0,4
12,432,6,-2.962406967e-18,5
12,433,6,6.575605033e-18,5
12,434,9,0,1
12,435,7,-1.051794826e-19,3
12,436,7,-2.919284331e-33,3
12,437,8,-4.827294576e-19,2
12,438,7,-8.191879009e-18,3
12,439,7,-6.471700773e-19,3
12,440,5,-2.762831449e-18,7
12,441,8,-2.432559115e-33,2
12,442,4,3.617394164e-18,8
12,443,9,-6.516022319e-51,1
12,444,8,-2.559567583e-20,2
12,445,8,4.589057195e-67,2
12,446,8,-1.476071249e-17,2
12,447,7,0,4
12,448,9,0,1
12,449,9,-3.188113044e-50,1
12,450,5,2.85930723e-33,6
12,451,5,1.515740596e-18,5
12,452,9,0,1
12,453,8,-1.476071249e-17,2
12,454,7,-2.420198487e-18,4
12,455,7,0,3
12,456,9,0,1
12,457,8,-1.73223626e-34,2
12,458,10,0,0
12,459,8,0,2
12,460,9,-3.202803699e-50,1
12,461,8,-7.577243267e-18,3
12,462,7,-2.255545716e-18,3
12,463,8,0,2
12,464,6,0,4
12,465,6,-5.563363979e-18,5
12,466,8,-6.28639585e-33,2
12,467,9,0,1
12,468,5,-2.905683885e-18,9
12,469,7,0,3
12,470,8,0,2
12,471,6,-5.6308859e-18,7
12,472,7,5.336967301e-50,3
12,473,10,0,0
12,474,6,-3.429472369e-18,5
12,475,8,0,2
12,476,9,-3.188113044e-50,1
12,477,8,-4.40270436e-34,2
12,478,6,-6.783253323e-18,7
12,479,7,-6.45756519e-33,3
12,480,6,-7.290341379e-18,4
12,481,9,-3.188113044e-50,1
12,482,7,-5.005110234e-35,3
12,483,10,0,0
12,484,7,-2.470024687e-18,3
12,485,8,-5.209868353e-33,3
12,486,6,4.794467705e-34,5
12,487,6,0,4
12,488,7,-6.207587115e-18,4
12,489,8,-1.585061289e-33,2
12,490,8,0,2
12,491,7,-3.89094015e-18,4
12,492,5,-6.355554525e-19,5
12,493,7,-6.905020255e-18,4
12,494,8,-2.251380811e-19,2
12,495,8,-1.922942893e-18,2
12,496,7,0,4
12,497,9,-1.174668433e-33,1
12,498,6,0,6
12,499,7,-2.061314615e-17,4
12,500,9,-3.202803699e-50,1
12,501,7,-5.284218682e-33,3
12,502,6,-2.074882379e-18,7
12,503,8,-7.925567016e-20,2
12,504,8,0,2
12,505,6,-1.393548007e-18,5
12,506,8,0,2
12,507,7,-2.168603694e-18,3
12,508,7,-1.261430534e-33,3
12,509,8,0,2
12,510,7,0,4
12,511,5,2.837921199e-18,7
12,512,8,-3.15501921e-33,2
12,513,8,0,2
12,514,6,-1.031626769e-17,5
12,515,7,-9.690506743e-18,4
12,516,7,-9.477539521e-18,4
12,517,7,0,3
12,518,6,-3.388638976e-19,5
12,519,7,-8.457980827e-34,3
12,520,9,-3.202803699e-50,1
12,521,8,-2.212490155e-18,2
12,522,7,0,3
12,523,7,-2.846510642e-20,3
12,524,7,-1.213041131e-18,3
12,525,6,-9.720448825e-21,5
12,526,7,-3.342604774e-19,3
12,527,7,-7.351746038e-20,4
12,528,7,-9.275902699e-34,3
12,529,7,0,4
12,530,7,-5.117061694e-18,4
12,531,9,0,1
12,532,10,0,0
12,533,6,-7.595859877e-18,6
12,534,6,0,4
12,535,6,-6.067083179e-18,7
12,536,8,-6.450059181e-18,2
12,537,6,-3.489278489e-18,5
12,538,7,-2.662051252e-35,3
12,539,10,0,0
12,540,6,0,5
12,541,7,0,4
12,542,7,-6.550176385e-18,3
12,543,8,0,2
12,544,5,-6.106578541e-18,6
12,545,8,-3.54887164e-20,2
12,546,8,0,2
12,547,8,-1.05840285e-20,2
12,548,8,-1.548691794e-18,2
12,549,8,0,2
12,550,6,-2.520317635e-18,4
12,551,7,0,3
12,552,8,-9.646258546e-34,2
12,553,6,-2.1781697e-18,5
12,554,7,-5.599431157e-19,3
12,555,8,-1.008735251e-34,2
12,556,8,-1.775750283e-48,2
12,557,7,-4.629284159e-49,4
12,558,6,0,5
12,559,7,-7.683156405e-33,4
12,560,6,-1.553765473e-18,4
12,561,7,2.997170334e-18,3
12,562,8,-1.018441905e-18,2
12,563,9,0,1
12,564,7,-8.404870412e-19,3
12,565,8,-2.389977882e-19,2
12,566,8,-8.949839362e-34,2
12,567,7,-1.443695898e-33,3
12,568,8,-4.736514264e-34,2
12,569,7,-1.063315592e-17,4
12,570,7,0,3
12,571,7,0,4
12,572,8,-4.343375512e-18,2
12,573,6,0,5
12,574,7,-1.050496088e-34,3
12,575,8,-2.639757199e-18,2
12,576,9,-3.202803699e-50,1
12,577,9,0,1
12,578,9,-3.188113044e-50,1
12,579,7,0,4
12,580,8,-5.067942543e-18,2
12,581,7,0,3
12,582,9,0,1
12,583,7,-6.418608193e-34,3
12,584,7,-8.906960764e-18,3
12,585,6,3.392302751e-18,4
12,586,6,-1.098227939e-17,4
12,587,8,-4.93674503e-33,2
12,588,8,-5.493206519e-19,2
12,589,8,0,2
12,590,6,-7.529727203e-19,4
12,591,8,-7.333401457e-50,2
12,592,6,-8.010626516e-21,5
12,593,7,-7.07239593e-18,3
12,594,5,0,5
12,595,6,0,5
12,596,9,0,1
12,597,7,-3.82584131e-18,3
12,598,7,0,3
12,599,7,-1.99976788e-33,3
12,600,7,-2.528312488e-33,3
12,601,7,0,3
12,602,8,4.883866662e-34,2
12,603,6,-1.135977701e-19,4
12,604,8,-3.516411441e-18,2
12,605,6,0,6
12,606,7,1.120560657e-50,3
12,607,7,-4.112152488e-34,3
12,608,8,0,2
12,609,7,-4.132345347e-18,4
12,610,7,-9.743630006e-18,3
12,611,9,0,1
12,612,6,-1.309796011e-17,4
12,613,8,-2.710295536e-18,2
12,614,6,0,4
12,615,6,-3.013973947e-33,5
12,616,8,-3.006382208e-33,3
12,617,8,-1.249328192e-66,2
12,618,7,1.031191709e-33,3
12,619,8,0,2
12,620,7,-1.333022371e-17,3
12,621,8,0,2
12,622,7,-1.635731085e-17,3
12,623,8,-2.251380811e-19,2
12,624,8,0,2
12,625,8,-5.493206519e-19,2
12,626,6,4.972956819e-18,5
12,627,7,-7.401799341e-18,3
12,628,7,0,3
12,629,8,-3.801178593e-19,2
12,630,7,-2.841883917e-18,4
12,631,6,-1.76007559e-19,5
12,632,6,0,5
12,633,4,3.254198157e-18,10
12,634,8,0,2
12,635,8,0,2
12,636,8,0,2
12,637,7,-8.355767673e-18,4
12,638,8,0,2
12,639,9,-4.710593277e-99,1
12,640,6,-5.515045269e-18,4
12,641,5,2.244610033e-36,5
12,642,7,-1.075540961e-17,3
12,643,10,0,0
12,644,7,-1.401467281e-17,3
12,645,8,-6.731708603e-18,2
12,646,6,0,4
12,647,8,-5.107460958e-20,2
12,648,7,-8.921806288e-18,3
12,649,7,-5.546207902e-34,4
12,650,7,0,3
12,651,7,0,3
12,652,7,-4.208223523e-19,3
12,653,8,-2.053071496e-17,2
12,654,8,0,2
12,655,8,-1.092897361e-35,2
12,656,6,-7.956995352e-33,5
12,657,6,0,4
12,658,7,3.538558508e-34,3
12,659,6,0,5
12,660,7,-3.194057173e-33,4
12,661,7,0,3
12,662,8,-1.102035391e-17,2
12,663,8,0,2
12,664,9,0,1
12,665,7,-2.765314306e-36,3
12,666,8,-6.504701237e-18,2
12,667,8,-1.903795065e-33,2
12,668,8,-2.975137255e-34,2
12,669,6,-3.759468163e-18,5
12,670,6,0,4
12,671,7,-2.685821865e-21,3
12,672,6,-1.517952862e-18,5
12,673,8,-1.356206792e-17,2
12,674,9,-6.516022319e-51,1
12,675,8,0,3
12,676,7,-2.514882912e-33,4
12,677,6,-3.715388353e-34,5
12,678,7,0,4
12,679,10,0,0
12,680,6,-2.677468568e-18,4
12,681,7,0,3
12,682,8,0,2
12,683,6,-1.157965336e-18,5
12,684,8,0,2
12,685,8,-8.702619101e-18,2
12,686,7,-5.904590224e-18,3
12,687,5,-2.453960202e-18,6
12,688,8,-3.895286683e-18,3
12,689,9,-6.516022319e-51,1
12,690,8,0,2
12,691,6,-2.745622289e-18,4
12,692,7,-4.33559914e-19,3
12,693,8,0,2
12,694,8,0,2
12,695,4,5.389678063e-35,8
12,696,9,0,1
12,697,6,0,5
12,698,8,-7.633416615e-18,2
12,699,8,-9.38673711e-19,2
12,700,7,-6.264758452e-20,3
12,701,6,-7.009729187e-18,5
12,702,7,-3.408510644e-18,3
12,703,10,0,0
12,704,7,-3.821372061e-18,3
12,705,6,0,5
12,706,7,0,3
12,707,7,1.058658486e-33,3
12,708,10,0,0
12,709,10,0,0
12,710,5,6.605687036e-35,5
12,711,8,-4.945051034e-18,2
12,712,7,-2.943135875e-33,3
12,713,7,0,4
12,714,9,0,1
12,715,7,-4.460001443e-50,3
12,716,7,-4.86485252e-18,3
12,717,6,0,5
12,718,6,-3.682287617e-18,4
12,719,7,-2.939978975e-18,4
12,720,8,-8.33753413e-19,2
12,721,8,-3.895286683e-18,3
12,722,7,0,4
12,723,7,-5.265750343e-34,3
12,724,7,-1.58384038e-20,4
12,725,7,-4.103055132e-34,3
12,726,9,0,1
12,727,9,0,1
12,728,8,0,2
12,729,8,-7.624541185e-18,2
12,730,7,0,3
12,731,5,-3.462686954e-34,6
12,732,5,1.696558379e-18,7
12,733,7,0,3
12,734,6,1.599879785e-18,5
12,735,7,-1.024306196e-17,4
12,736,9,-1.174668433e-33,1
12,737,7,-4.83769666e-18,4
12,738,8,0,2
12,739,10,0,0
12,740,6,3.550844379e-19,5
12,741,7,-1.138791907e-17,3
12,742,9,0,1
12,743,9,-4.710593277e-99,1
12,744,7,-3.110838684e-18,3
12,745,9,0,1
12,746,5,0,6
12,747,8,-3.209131478e-18,2
12,748,7,-4.518828037e-19,3
12,749,5,-5.638965366e-19,6
12,750,5,5.489363183e-18,6
12,751,9,0,1
12,752,7,0,4
12,753,7,-9.151367429e-18,3
12,754,6,-8.646670703e-18,4
12,755,7,0,3
12,756,8,-1.740082212e-18,3
12,757,7,0,4
12,758,6,-6.393849374e-34,5
12,759,6,-5.840914103e-18,5
12,760,7,-3.468986378e-18,3
12,761,7,-2.572091828e-33,4
12,762,9,0,1
12,763,7,-4.377024825e-18,4
12,764,8,-1.102035391e-17,2
12,765,7,-7.246043269e-18,4
12,766,6,-9.143508306e-19,5
12,767,7,0,3
12,768,8,-5.067942543e-18,2
12,769,5,-7.071365567e-18,6
12,770,7,0,3
12,771,6,-5.16365806e-18,5
12,772,9,0,1
12,773,7,-6.639131618e-37,3
12,774,9,-1.174668433e-33,1
12,775,7,0,3
12,776,6,0,5
12,777,9,-4.710593277e-99,1
12,778,7,0,3
12,779,7,-5.027545504e-34,3
12,780,7,-2.855042727e-33,3
12,781,9,0,1
12,782,6,3.160953394e-33,5
12,783,6,-6.947798247e-34,4
12,784,7,-5.987502192e-19,3
12,785,7,0,3
12,786,6,-5.648931193e-18,4
12,787,8,0,3
12,788,6,0,5
12,789,9,0,1
12,790,8,-1.018441905e-18,2
12,791,7,0,4
12,792,7,2.624845633e-33,3
12,793,6,2.326006849e-18,7
12,794,8,-7.009155083e-19,2
12,795,9,0,1
12,796,8,0,2
12,797,6,-8.936597196e-34,5
12,798,8,0,2
12,799,8,0,3
12,800,7,0,3
12,801,7,-1.239201985e-33,3
12,802,8,0,2
12,803,7,-2.3964823e-33,4
12,804,7,-1.728745548e-18,3
12,805,6,-6.637802339e-18,5
12,806,7,-1.292286783e-18,4
12,807,9,-1.174668433e-33,1
12,808,8,-7.009155083e-19,2
12,809,8,0,2
12,810,7,0,4
12,811,7,-2.422802165e-49,4
12,812,6,-1.092425322e-17,4
12,813,8,0,3
12,814,5,0,8
12,815,8,0,2
12,816,6,-1.519639004e-33,4
12,817,8,-5.305594059e-19,2
12,818,8,-1.774794596e-19,2
12,819,8,-7.577243267e-18,3
12,820,7,-2.015119034e-17,3
12,821,7,0,4
12,822,6,0,6
12,823,7,0,3
12,824,8,0,2
12,825,7,0,3
12,826,6,-9.259042493e-19,4
12,827,7,0,4
12,828,8,0,2
12,829,7,-1.339016119e-17,3
12,830,8,-1.008735251e-34,2
12,831,8,-9.525065005e-34,2
12,832,6,-1.128444193e-17,5
12,833,7,-5.028516122e-34,4
12,834,7,-1.376583256e-17,3
12,835,8,0,2
12,836,7,-2.096747229e-17,4
12,837,7,-3.712083984e-34,3
12,838,7,-5.743926563e-18,4
12,839,6,0,4
12,840,8,-2.027252175e-18,2
12,841,8,0,2
12,842,7,-5.24085387e-21,3
12,843,7,0,3
12,844,6,-3.948186356e-18,4
12,845,7,-6.800229811e-18,3
12,846,9,0,1
12,847,7,-6.123920636e-19,3
12,848,10,0,0
12,849,7,-7.411879972e-34,3
12,850,9,0,1
12,851,7,-9.680084155e-34,3
12,852,9,0,1
12,853,7,-7.242739017e-19,4
12,854,9,-6.516022319e-51,1
12,855,7,-1.37334431e-18,3
12,856,7,-8.149207414e-18,4
12,857,7,-2.435308399e-50,3
12,858,9,0,1
12,859,7,0,4
12,860,7,-2.892821592e-17,3
12,861,7,-1.13705533e-19,3
12,862,7,0,4
12,863,7,0,3
12,864,7,0,4
12,865,7,1.206715937e-33,3
12,866,8,0,2
12,867,6,-4.127747216e-33,5
12,868,7,4.581916512e-34,4
12,869,7,-2.195936371e-18,3
12,870,8,0,2
12,871,6,-6.906359629e-18,5
12,872,6,-1.01509889e-17,5
12,873,7,0,4
12,874,7,0,4
12,875,7,0,4
12,876,8,-1.727208698e-18,2
12,877,6,0,4
12,878,7,0,3
12,879,9,0,1
12,880,6,-3.275652073e-18,4
12,881,6,-1.287308618e-50,5
12,882,7,0,4
12,883,7,-4.045269686e-18,4
12,884,10,0,0
12,885,7,-4.662290396e-35,3
12,886,9,0,1
12,887,8,0,2
12,888,6,0,5
12,889,6,-1.505668027e-18,4
12,890,8,-9.786295224e-34,2
12,891,6,0,5
12,892,7,-6.138307891e-18,4
12,893,9,-1.174668433e-33,1
12,894,7,-9.82596861e-51,4
12,895,5,-9.615415147e-18,7
12,896,7,-1.677218058e-17,4
12,897,8,-6.548007016e-51,2
12,898,8,0,2
12,899,8,-1.526700358e-19,2
12,900,7,-3.88785824e-18,4
12,901,6,-4.724635733e-18,4
12,902,6,-6.499208981e-34,5
12,903,6,-1.457555755e-17,5
12,904,7,-1.680475636e-33,3
12,905,7,-6.212210751e-18,3
12,906,8,-1.775750283e-48,2
12,907,9,-6.516022319e-51,1
12,908,7,-3.246973492e-19,3
12,909,7,0,3
12,910,7,0,4
12,911,6,-6.985560845e-18,5
12,912,7,5.306458666e-33,3
12,913,8,-2.269742138e-18,2
12,914,7,-1.311461125e-18,3
12,915,7,-1.841400059e-17,3
12,916,6,1.269995827e-20,6
12,917,6,2.379655669e-18,4
12,918,8,-3.1541075e-51,2
12,919,5,0,7
12,920,6,-1.491225343e-17,5
12,921,7,-1.083157658e-17,4
12,922,6,-7.078647718e-18,4
12,923,8,-4.199205678e-22,2
12,924,8,-6.450059181e-18,2
12,925,6,1.334305392e-34,4
12,926,7,0,3
12,927,8,-3.827355842e-34,2
12,928,8,-1.05840285e-20,2
12,929,6,5.367691839e-18,5
12,930,6,4.412005273e-33,5
12,931,7,-1.806863691e-18,3
12,932,7,-6.626552422e-18,4
12,933,7,-4.320091346e-18,3
12,934,6,0,5
12,935,7,0,3
12,936,7,-1.406916397e-17,4
12,937,5,-6.367061833e-18,5
12,938,8,0,2
12,939,8,0,2
12,940,7,0,4
12,941,8,-5.721190831e-18,2
12,942,7,-3.992798149e-18,4
12,943,7,-8.789136646e-19,3
12,944,6,0,6
12,945,9,0,1
12,946,8,0,2
12,947,4,3.767491514e-19,10
12,948,8,-3.407320027e-33,2
12,949,8,-2.975137255e-34,2
12,950,9,0,1
12,951,8,0,2
12,952,8,-1.088007393e-33,2
12,953,6,-1.222958244e-17,6
12,954,7,-1.182454959e-34,3
12,955,6,-4.479783617e-18,4
12,956,9,0,1
12,957,7,-4.762083047e-19,3
12,958,7,-1.385015633e-18,3
12,959,6,-1.200982528e-18,5
12,960,7,0,3
12,961,7,-9.671039425e-18,3
12,962,8,-1.055922736e-35,2
12,963,5,0,5
12,964,7,0,3
12,965,7,0,3
12,966,9,-3.188113044e-50,1
12,967,7,-5.558253342e-18,3
12,968,8,-9.929181497e-36,2
12,969,8,-5.568699981e-19,2
12,970,8,2.27767853e-98,2
12,971,7,0,4
12,972,9,0,1
12,973,8,-2.460029942e-33,2
12,974,5,-9.053594647e-19,5
12,975,7,-1.230871032e-17,3
12,976,7,-1.03189533e-17,4
12,977,7,-2.465401799e-18,4
12,978,9,0,1
12,979,6,0,7
12,980,5,5.010063723e-18,6
12,981,7,1.892970777e-51,4
12,982,6,-6.723306519e-18,5
12,983,6,-2.458772562e-18,4
12,984,8,0,2
12,985,8,-5.493206519e-19,2
12,986,5,0,6
12,987,7,0,3
12,988,6,3.43800802e-33,6
12,989,9,0,1
12,990,8,0,2
12,991,7,-3.061665057e-18,3
12,992,6,-1.058177864e-17,5
12,993,7,0,4
12,994,8,0,3
12,995,7,-7.137551239e-21,3
12,996,8,-2.710295536e-18,2
12,997,7,-8.53847624e-34,3
12,998,9,0,1
12,999,8,-2.345650813e-18,2
15,0,6,0,5
15,1,5,0,7
15,2,7,-8.150218856e-18,3
15,3,5,1.055866716e-18,6
15,4,7,0,3
15,5,5,-4.268311972e-18,7
15,6,5,-8.655871849e-18,6
15,7,7,-1.636154558e-18,3
15,8,7,0,3
15,9,6,0,6
15,10,4,1.672803189e-17,7
15,11,5,-8.549591896e-18,6
15,12,6,0,4
15,13,7,-1.873124459e-19,3
15,14,4,4.288794965e-18,7
15,15,5,8.795107285e-18,6
15,16,5,-3.289505423e-34,7
15,17,8,-6.731708603e-18,2
15,18,6,0,5
15,19,3,1.613808497e-17,9
15,20,5,2.353630446e-18,6
15,21,5,8.9833854e-35,6
15,22,6,-3.796838863e-35,4
15,23,3,2.751929318e-17,12
15,24,7,2.2701281e-50,3
15,25,5,9.445515485e-18,8
15,26,6,0,4
15,27,6,6.485884961e-52,4
15,28,5,-2.360784586e-18,8
15,29,8,0,2
15,30,5,0,6
15,31,6,2.221112598e-18,4
15,32,7,0,3
15,33,6,0,6
15,34,5,-8.65675966e-18,7
15,35,5,-5.677097994e-18,8
15,36,6,-5.798088567e-18,5
15,37,4,1.638444227e-17,9
15,38,7,-4.981123254e-33,4
15,39,7,0,3
15,40,5,0,5
15,41,5,0,8
15,42,6,-3.907469247e-18,5
15,43,7,-1.169592825e-17,3
15,44,7,2.111414803e-34,3
15,45,5,5.726115629e-18,6
15,46,8,-1.056582755e-51,2
15,47,5,-5.016855332e-19,6
15,48,5,3.772324913e-18,5
15,49,6,-1.60859885e-18,5
15,50,6,0,4
15,51,7,-2.036103741e-18,3
15,52,6,-6.926649249e-34,4
15,53,4,2.181368882e-18,7
15,54,7,0,3
15,55,6,-8.478840814e-18,5
15,56,6,-1.456739229e-34,4
15,57,5,-8.237076051e-18,6
15,58,9,0,1
15,59,5,-1.381799373e-19,6
15,60,6,0,6
15,61,4,0,10
15,62,6,-2.311983463e-18,4
15,63,7,-4.206074772e-34,3
15,64,7,-9.872136802e-18,3
15,65,5,0,5
15,66,6,1.284119529e-18,4
15,67,8,-4.40270436e-34,2
15,68,5,2.177606444e-19,8
15,69,6,-4.163053001e-18,5
15,70,5,9.755251944e-18,5
15,71,5,0,7
15,72,4,-5.497554634e-33,7
15,73,6,-1.075642969e-17,5
15,74,5,0,8
15,75,4,2.365601021e-17,6
15,76,6,0,5
15,77,5,-3.816156059e-18,5
15,78,6,-4.02255771e-18,5
15,79,6,0,4
15,80,6,-6.443011779e-18,5
15,81,6,0,5
15,82,4,8.986807076e-18,7
15,83,6,0,4
15,84,8,-2.710295536e-18,2
15,85,6,-8.517542522e-18,5
15,86,8,-2.710295536e-18,2
15,87,5,0,6
15,88,5,2.261329399e-18,8
15,89,6,-1.476797123e-18,4
15,90,5,-8.109831648e-18,6
15,91,6,1.206163622e-18,4
15,92,4,1.805912527e-18,9
15,93,4,7.752736779e-18,9
15,94,6,-9.988715785e-19,4
15,95,6,-1.214529104e-18,6
15,96,3,2.922854373e-17,9
15,97,5,0,6
15,98,7,2.577222609e-34,3
15,99,6,4.76882375e-18,5
15,100,6,-3.966570791e-19,5
15,101,5,3.120189745e-19,5
15,102,7,6.778535996e-19,3
15,103,5,-2.163312346e-17,6
15,104,6,0,5
15,105,6,0,5
15,106,4,3.006729113e-17,8
15,107,6,-1.635652963e-18,4
15,108,4,0,9
15,109,6,-3.751765969e-18,4
15,110,7,-4.219090038e-18,4
15,111,6,-4.84536585e-39,4
15,112,5,4.723445177e-18,5
15,113,6,-3.900188419e-51,5
15,114,5,0,7
15,115,7,0,3
15,116,6,-2.345210565e-18,4
15,117,7,-7.029863492e-18,3
15,118,6,0,5
15,119,7,-1.914533586e-18,3
15,120,7,-2.391664215e-33,3
15,121,5,0,6
15,122,6,-1.202089514e-18,4
15,123,6,-3.157409051e-18,4
15,124,6,0,6
15,125,8,-3.17836015e-50,2
15,126,5,-7.738865249e-34,8
15,127,8,0,2
15,128,6,-6.531757785e-18,5
15,129,3,6.934206951e-20,12
15,130,5,-1.769487758e-34,6
15,131,6,-1.168777287e-17,4
15,132,5,8.242183618e-19,5
15,133,6,0,5
15,134,5,4.787867085e-18,6
15,135,7,-2.166203937e-18,3
15,136,6,0,5
15,137,6,9.722160351e-34,5
15,138,6,-3.845366815e-34,4
15,139,5,-1.37330163e-19,8
15,140,4,0,7
15,141,5,0,6
15,142,5,-1.118293227e-17,6
15,143,5,1.519965628e-49,6
15,144,7,-1.613726317e-17,4
15,145,7,-5.191584277e-18,3
15,146,6,-9.8785676e-18,7
15,147,6,-3.156443513e-18,5
15,148,5,-5.073945628e-18,6
15,149,4,-7.504487444e-18,9
15,150,4,1.917482826e-17,9
15,151,7,-4.519993719e-18,3
15,152,7,-1.508591474e-18,3
15,153,5,0,8
15,154,6,0,4
15,155,4,3.927227276e-18,8
15,156,6,-1.463383543e-17,5
15,157,5,-2.444868629e-18,6
15,158,3,9.811260972e-20,8
15,159,7,0,3
15,160,6,0,5
15,161,6,0,5
15,162,5,5.208191325e-18,6
15,163,7,-4.56636415e-35,3
15,164,8,0,2
15,165,5,1.407286504e-18,6
15,166,5,-4.156386202e-18,6
15,167,5,2.93773046e-18,6
15,168,9,0,1
15,169,5,-3.172222517e-18,11
15,170,5,0,6
15,171,5,-9.029619698e-19,6
15,172,4,7.070491963e-18,10
15,173,5,3.435798515e-35,6
15,174,7,-9.147457545e-34,3
15,175,6,0,5
15,176,4,2.890572363e-17,10
15,177,4,1.171272322e-17,6
15,178,5,1.25909155e-17,5
15,179,5,0,6
15,180,5,-2.765466903e-18,6
15,181,4,6.957756107e-18,7
15,182,6,-1.411294651e-17,5
15,183,9,-3.188113044e-50,1
15,184,5,0,6
15,185,6,0,4
15,186,7,-6.011263884e-18,4
15,187,5,0,6
15,188,7,-2.765382872e-18,3
15,189,4,0,8
15,190,6,0,4
15,191,5,0,6
15,192,8,-1.944501875e-17,3
15,193,5,0,8
15,194,5,-4.087040568e-18,5
15,195,6,-3.947985199e-18,4
15,196,6,-2.197282608e-19,5
15,197,7,-9.770413271e-18,3
15,198,4,2.417103535e-18,8
15,199,6,-1.167814948e-33,5
15,200,6,-1.876828257e-17,4
15,201,6,-1.617547821e-19,5
15,202,7,-3.961322347e-18,3
15,203,5,0,6
15,204,4,2.147925403e-18,6
15,205,6,0,6
15,206,7,0,3
15,207,7,0,3
15,208,6,0,5
15,209,5,1.088785194e-17,6
15,210,7,0,3
15,211,6,-1.204122726e-17,4
15,212,5,6.230441732e-18,6
15,213,5,7.823799263e-18,6
15,214,5,-1.017124114e-19,5
15,215,7,-1.862608525e-33,3
15,216,8,-3.999185868e-67,2
15,217,5,5.050538408e-18,6
15,218,6,-9.363160853e-34,5
15,219,7,-2.668807624e-18,4
15,220,7,-1.625981193e-17,3
15,221,7,0,4
15,222,6,0,6
15,223,5,-3.142165003e-18,6
15,224,6,-9.112804904e-18,5
15,225,7,0,4
15,226,6,-5.07167332e-18,4
15,227,7,-7.679456566e-18,4
15,228,7,-5.10443749e-18,4
15,229,5,0,7
15,230,5,-5.589660598e-18,6
15,231,5,0,5
15,232,7,-8.916320631e-18,3
15,233,5,0,6
15,234,5,6.021173133e-18,6
15,235,5,0,7
15,236,4,7.98369416e-18,7
15,237,5,0,6
15,238,5,-8.700133302e-18,5
15,239,8,-3.950417509e-18,2
15,240,6,0,6
15,241,6,-1.025133744e-18,4
15,242,5,-3.521070113e-18,5
15,243,6,0,5
15,244,4,7.375685167e-18,8
15,245,7,0,3
15,246,4,1.119081585e-18,7
15,247,5,-1.290691893e-17,7
15,248,5,-1.101059512e-17,8
15,249,6,0,5
15,250,6,-1.758019946e-17,6
15,251,6,3.567982831e-19,5
15,252,6,0,4
15,253,6,0,5
15,254,5,-6.918630474e-35,8
15,255,5,-3.232356131e-18,5
15,256,6,-3.163158755e-18,4
15,257,5,4.904549917e-18,5
15,258,5,1.420488003e-17,6
15,259,5,0,7
15,260,6,0,5
15,261,5,0,6
15,262,7,2.244596639e-18,3
15,263,6,5.331869559e-18,4
15,264,6,0,5
15,265,6,0,4
15,266,6,-1.450927599e-17,4
15,267,5,-6.506422888e-18,7
15,268,5,-1.245532709e-17,6
15,269,5,6.523478684e-18,6
15,270,5,-1.084664066e-18,8
15,271,7,-1.477771296e-17,3
15,272,5,3.821854308e-18,5
15,273,5,0,5
15,274,7,0,4
15,275,5,-2.157775991e-33,6
15,276,7,0,4
15,277,6,-3.984007335e-18,5
15,278,3,2.498298986e-17,9
15,279,8,-8.861096732e-52,2
15,280,7,0,3
15,281,6,-2.887333941e-33,5
15,282,7,-2.444893457e-18,3
15,283,7,-3.731384459e-18,4
15,284,5,-3.59088787e-18,8
15,285,6,7.655163104e-34,4
15,286,6,-1.805328899e-34,5
15,287,6,-3.037067263e-18,4
15,288,5,3.604662194e-18,5
15,289,6,-4.925762323e-18,4
15,290,4,2.67205637e-17,8
15,291,5,4.088730592e-18,6
15,292,7,-1.061254042e-17,3
15,293,4,9.919091461e-18,7
15,294,6,-1.416319671e-17,4
15,295,6,-1.165452747e-17,5
15,296,6,-5.052583619e-18,5
15,297,8,-5.493206519e-19,2
15,298,7,-7.392944221e-18,4
15,299,6,0,4
15,300,5,0,6
15,301,7,0,3
15,302,8,-5.493206519e-19,2
15,303,7,-3.292564652e-18,4
15,304,6,-7.460598694e-18,5
15,305,8,-5.107460958e-20,2
15,306,8,0,3
15,307,6,-3.393125631e-18,4
15,308,4,5.291442695e-18,7
15,309,6,-3.93954044e-18,4
15,310,6,-3.004056111e-18,4
15,311,5,0,6
15,312,4,-4.216158861e-18,8
15,313,6,-6.423872541e-18,7
15,314,5,-8.964819884e-18,6
15,315,5,0,6
15,316,6,0,4
15,317,7,-1.403719111e-17,3
15,318,6,-1.609316336e-18,7
15,319,4,-1.412236433e-18,7
15,320,7,0,4
15,321,7,-1.338176147e-17,3
15,322,7,-1.319108541e-17,3
15,323,7,0,3
15,324,5,4.095665025e-18,5
15,325,5,0,7
15,326,9,0,1
15,327,7,-1.342205763e-17,3
15,328,7,0,3
15,329,6,-5.895393672e-18,4
15,330,7,-1.465646187e-32,3
15,331,7,-3.974526587e-51,3
15,332,6,0,4
15,333,7,-2.769775816e-18,3
15,334,5,-5.739003456e-18,5
15,335,8,0,2
15,336,5,-3.973136501e-18,7
15,337,3,1.660830963e-17,12
15,338,7,-2.279465396e-50,3
15,339,8,0,2
15,340,4,1.086094774e-17,7
15,341,6,0,4
15,342,6,2.856418653e-33,6
15,343,6,-1.440560499e-17,6
15,344,6,0,6
15,345,7,0,3
15,346,6,-1.151044937e-33,4
15,347,7,-8.928870329e-19,3
15,348,7,-4.381662818e-18,4
15,349,4,8.363285404e-18,8
15,350,7,-5.04211014e-35,3
15,351,6,-1.903858895e-18,4
15,352,7,0,4
15,353,6,0,5
15,354,4,2.351529727e-18,9
15,355,5,5.920451729e-18,6
15,356,7,0,3
15,357,6,-8.665102044e-18,4
15,358,7,-5.701944451e-18,3
15,359,7,0,3
15,360,7,-3.296669928e-18,4
15,361,7,-5.313352371e-18,3
15,362,6,-2.529336445e-18,4
15,363,6,0,4
15,364,5,-4.072606175e-18,6
15,365,6,-3.744364782e-18,5
15,366,5,0,6
15,367,6,6.738680086e-34,4
15,368,7,-1.035539037e-18,3
15,369,7,-4.719177578e-33,3
15,370,6,0,4
15,371,5,1.415225714e-19,7
15,372,5,0,6
15,373,6,-1.99090401e-18,5
15,374,5,0,7
15,375,7,0,4
15,376,5,0,6
15,377,3,1.369334271e-17,9
15,378,7,-3.66213768e-19,3
15,379,4,0,10
15,380,7,-4.33270394e-18,3
15,381,6,0,5
15,382,6,-1.225384452e-17,4
15,383,5,-1.487648761e-34,7
15,384,5,-4.571372124e-19,5
15,385,3,2.435845323e-17,8
15,386,6,4.955994858e-18,4
15,387,4,9.449137045e-18,7
15,388,6,0,6
15,389,6,0,5
15,390,4,1.632701331e-18,6
15,391,4,1.179930804e-17,7
15,392,5,0,8
15,393,3,0,11
15,394,6,-1.739595716e-18,4
15,395,6,-3.280627204e-34,4
15,396,8,-5.017092859e-18,3
15,397,6,-3.309568675e-18,4
15,398,6,-5.442564913e-34,4
15,399,7,-8.140671315e-18,3
15,400,5,0,7
15,401,7,-8.486687964e-18,3
15,402,6,5.976910265e-18,4
15,403,7,6.207001845e-36,3
15,404,6,-3.025830936e-18,5
15,405,7,0,4
15,406,5,0,7
15,407,7,-3.498429071e-18,4
15,408,7,-1.113320996e-17,3
15,409,6,-7.181704522e-18,5
15,410,5,0,5
15,411,7,-2.758444521e-18,3
15,412,7,-2.528312488e-33,3
15,413,5,0,6
15,414,7,-1.301369785e-33,3
15,415,5,0,7
15,416,6,-6.417949013e-19,4
15,417,7,0,3
15,418,6,-1.449767067e-33,5
15,419,6,-6.579978736e-18,5
15,420,6,-2.310606168e-19,5
15,421,6,-2.894525318e-34,5
15,422,4,2.927587148e-17,9
15,423,5,-4.269321257e-35,5
15,424,6,0,4
15,425,8,0,2
15,426,6,0,6
15,427,6,-3.629421633e-18,6
15,428,6,0,5
15,429,6,-9.098781185e-19,5
15,430,6,0,5
15,431,6,0,4
15,432,5,-5.328919149e-21,6
15,433,5,1.369705859e-18,6
15,434,6,3.238584347e-18,4
15,435,7,-1.051794826e-19,3
15,436,6,-1.38642061e-33,4
15,437,6,-7.350650988e-33,6
15,438,5,9.253379356e-18,6
15,439,6,-5.001727964e-18,4
15,440,5,-2.762831449e-18,7
15,441,5,-5.673323636e-35,6
15,442,3,2.969864198e-17,12
15,443,7,0,3
15,444,7,0,3
15,445,7,-3.842327763e-49,3
15,446,6,-9.983610242e-34,5
15,447,6,0,5
15,448,7,-1.173451805e-17,3
15,449,8,-9.74248989e-34,2
15,450,5,2.85930723e-33,6
15,451,4,0,7
15,452,8,-1.821371214e-33,2
15,453,5,7.987306017e-18,5
15,454,5,2.678582443e-17,6
15,455,5,0,5
15,456,7,1.970813339e-50,3
15,457,6,-9.216960819e-18,5
15,458,8,-1.088007393e-33,2
15,459,8,0,3
15,460,8,-1.076566591e-33,3
15,461,5,-6.661024687e-18,7
15,462,6,0,4
15,463,6,-5.179483409e-18,4
15,464,5,7.59192814e-18,6
15,465,5,3.328659501e-18,6
15,466,7,-3.442871039e-18,3
15,467,8,-9.929181497e-36,2
15,468,5,-2.905683885e-18,9
15,469,6,-4.154861084e-18,4
15,470,5,-3.68243451e-18,5
15,471,5,-2.772039024e-18,8
15,472,6,-1.566186841e-34,4
15,473,9,0,1
15,474,5,2.753236728e-18,6
15,475,6,-6.710653504e-20,4
15,476,7,0,4
15,477,7,0,3
15,478,5,0,8
15,479,6,-3.575708969e-18,4
15,480,4,-1.789459125e-19,7
15,481,7,-1.901577369e-33,3
15,482,4,7.839013095e-18,7
15,483,8,-9.087472135e-19,2
15,484,6,-3.031904063e-20,4
15,485,7,-2.979952899e-18,4
15,486,4,8.644681734e-18,10
15,487,5,-1.506645382e-18,6
15,488,7,-6.207587115e-18,4
15,489,6,-6.074450223e-33,5
15,490,7,-1.829749459e-33,3
15,491,4,7.479228892e-18,9
15,492,4,8.643587906e-18,6
15,493,6,-1.931254215e-17,5
15,494,6,-1.318340281e-17,4
15,495,7,0,4
15,496,6,-3.882444777e-18,5
15,497,8,-2.710295536e-18,2
15,498,5,-6.846916152e-18,7
15,499,7,-2.061314615e-17,4
15,500,7,-8.149659962e-18,4
15,501,5,1.313050762e-17,6
15,502,5,-3.024165777e-18,9
15,503,7,0,3
15,504,7,-1.033347822e-18,3
15,505,4,1.188273522e-18,7
15,506,6,-7.435726236e-18,4
15,507,5,5.456234862e-18,6
15,508,5,0,7
15,509,7,0,3
15,510,7,0,4
15,511,4,1.411483471e-17,10
15,512,6,-3.858337888e-18,5
15,513,7,-2.883706176e-19,3
15,514,5,0,7
15,515,6,0,5
15,516,6,2.038523585e-18,7
15,517,7,0,3
15,518,5,-6.12285296e-18,6
15,519,6,-1.877934669e-18,5
15,520,7,-3.640802304e-18,4
15,521,6,0,6
15,522,6,0,5
15,523,6,0,5
15,524,6,-7.188596455e-18,4
15,525,5,0,6
15,526,6,0,4
15,527,6,-1.514799081e-18,5
15,528,6,-1.213333174e-18,4
15,529,6,0,5
15,530,5,4.063254611e-18,6
15,531,7,-1.826524726e-17,4
15,532,8,-6.990438941e-20,2
15,533,5,7.298771308e-19,9
15,534,5,0,6
15,535,6,-6.067083179e-18,7
15,536,6,0,5
15,537,5,9.052921128e-18,6
15,538,5,0,6
15,539,7,-2.067529174e-18,3
15,540,4,1.014721684e-34,8
15,541,6,0,5
15,542,6,-2.696406288e-18,5
15,543,5,3.20625852e-18,6
15,544,5,7.459399987e-19,9
15,545,6,-2.641861717e-18,4
15,546,7,-4.285092549e-19,3
15,547,6,-1.952691611e-18,4
15,548,5,4.428652829e-19,5
15,549,6,-1.474516778e-18,4
15,550,6,-2.520317635e-18,4
15,551,6,-7.340561073e-18,4
15,552,7,-9.705507356e-35,3
15,553,6,-2.1781697e-18,5
15,554,7,-5.599431157e-19,3
15,555,7,-7.087236673e-18,3
15,556,7,-1.619721587e-17,3
15,557,7,-4.629284159e-49,4
15,558,5,0,8
15,559,5,0,7
15,560,4,1.881154238e-17,7
15,561,4,6.924506594e-18,7
15,562,7,-1.400791981e-18,3
15,563,9,0,1
15,564,6,0,4
15,565,6,-9.699952563e-18,5
15,566,6,-8.245756106e-18,4
15,567,5,1.978926071e-18,5
15,568,7,-7.241914478e-35,4
15,569,6,-3.999214241e-18,5
15,570,5,4.88208975e-18,6
15,571,6,0,7
15,572,6,4.364740891e-18,4
15,573,6,0,5
15,574,6,-1.208509959e-36,4
15,575,5,6.847773966e-18,5
15,576,6,0,4
15,577,8,0,2
15,578,8,-1.543890769e-18,2
15,579,6,0,6
15,580,7,-5.106437888e-18,3
15,581,7,0,3
15,582,8,0,2
15,583,5,6.382408576e-35,5
15,584,5,-3.546080519e-18,6
15,585,3,1.671659573e-17,8
15,586,4,0,7
15,587,7,-1.011326001e-17,3
15,588,7,-3.989906407e-19,3
15,589,6,0,5
15,590,6,-7.529727203e-19,4
15,591,6,-1.722583999e-18,4
15,592,4,2.372130699e-17,7
15,593,5,1.323675164e-18,6
15,594,3,0,9
15,595,4,0,8
15,596,8,-2.241829184e-33,2
15,597,5,-2.10364212e-18,5
15,598,6,-2.564319868e-18,4
15,599,5,3.29278896e-18,5
15,600,7,-2.528312488e-33,3
15,601,6,2.635773075e-18,4
15,602,7,-8.170976025e-19,3
15,603,4,-1.162370667e-17,8
15,604,7,-4.224975137e-18,3
15,605,6,0,7
15,606,5,6.570952073e-33,6
15,607,4,1.346990251e-17,8
15,608,7,0,4
15,609,5,9.627194411e-19,6
15,610,6,-1.177628864e-18,4
15,611,9,0,1
15,612,4,1.99304467e-17,7
15,613,6,0,4
15,614,6,-1.072988321e-17,6
15,615,5,-1.173736993e-18,7
15,616,8,-3.006382208e-33,3
15,617,7,-3.109407483e-17,3
15,618,5,-3.504520739e-18,5
15,619,6,0,4
15,620,7,-1.333022371e-17,3
15,621,7,0,4
15,622,5,-1.157864592e-18,5
15,623,7,-4.421069533e-18,3
15,624,8,0,2
15,625,7,-3.66213768e-19,3
15,626,4,4.930246614e-19,8
15,627,5,0,5
15,628,6,0,4
15,629,8,-3.801178593e-19,2
15,630,5,6.006927965e-18,7
15,631,4,1.814005357e-17,10
15,632,5,6.403173708e-18,6
15,633,3,2.164818171e-17,12
15,634,6,0,5
15,635,7,-3.907679057e-18,3
15,636,6,-3.677145627e-35,4
15,637,6,-2.550181997e-18,5
15,638,7,-7.900219984e-68,3
15,639,7,-1.948462425e-19,4
15,640,5,1.540301924e-18,6
15,641,5,2.244610033e-36,5
15,642,5,-3.301887594e-41,7
15,643,8,0,2
15,644,5,-1.131136764e-18,6
15,645,6,0,7
15,646,4,0,6
15,647,7,-2.011755359e-18,3
15,648,5,0,5
15,649,4,-5.722211424e-18,8
15,650,6,0,5
15,651,6,-9.034120235e-19,4
15,652,6,-1.395089496e-17,4
15,653,7,0,3
15,654,5,0,6
15,655,6,0,4
15,656,4,-4.564780225e-18,9
15,657,4,2.127910566e-18,7
15,658,6,-5.172626033e-34,4
15,659,5,-7.006483808e-19,7
15,660,5,5.068533544e-18,8
15,661,6,-1.188964469e-17,5
15,662,7,-1.243880696e-33,3
15,663,5,5.967545779e-35,5
15,664,7,0,3
15,665,5,-3.946383905e-18,5
15,666,6,-7.839986203e-19,4
15,667,7,-2.557276354e-17,3
15,668,6,0,5
15,669,5,-1.300382758e-34,6
15,670,5,0,5
15,671,6,0,4
15,672,4,-6.030340323e-18,8
15,673,6,-2.473799159e-18,4
15,674,7,0,3
15,675,7,-6.020295111e-18,4
15,676,5,0,7
15,677,4,1.072709746e-18,7
15,678,6,0,5
15,679,8,-2.032763559e-34,2
15,680,6,-2.498771404e-18,6
15,681,7,0,3
15,682,6,-8.525773589e-18,5
15,683,4,-1.252864037e-17,7
15,684,6,2.124758642e-50,5
15,685,5,-3.194989267e-33,6
15,686,6,3.872196787e-18,4
15,687,4,3.234112011e-18,8
15,688,8,-3.895286683e-18,3
15,689,7,1.810194458e-33,3
15,690,7,-2.235630978e-18,3
15,691,5,0,5
15,692,7,-4.33559914e-19,3
15,693,8,0,2
15,694,6,1.931435209e-33,4
15,695,4,5.389678063e-35,8
15,696,8,0,2
15,697,5,0,6
15,698,6,5.421015966e-18,4
15,699,8,-9.38673711e-19,2
15,700,5,-5.65247373e-18,6
15,701,5,-8.582766623e-18,6
15,702,6,0,5
15,703,9,-3.800004144e-49,1
15,704,6,-4.669665319e-18,5
15,705,4,4.986138369e-19,7
15,706,6,-2.511978116e-18,4
15,707,5,3.478847208e-33,6
15,708,9,0,1
15,709,8,-2.637687758e-34,2
15,710,3,1.342551432e-17,12
15,711,6,2.768289323e-34,4
15,712,5,0,6
15,713,6,0,5
15,714,7,-1.396576863e-18,3
15,715,5,1.229229071e-34,6
15,716,7,-4.86485252e-18,3
15,717,5,0,6
15,718,6,-3.682287617e-18,4
15,719,6,-6.230872061e-18,5
15,720,7,-1.313413671e-35,3
15,721,8,-3.895286683e-18,3
15,722,6,-3.162904682e-19,6
15,723,5,7.73730944e-34,6
15,724,4,-1.327019255e-18,9
15,725,6,-2.544233152e-19,4
15,726,8,0,2
15,727,8,0,2
15,728,6,-2.806139887e-20,5
15,729,6,-2.933319946e-18,4
15,730,6,-4.701568522e-18,4
15,731,3,1.36899928e-17,8
15,732,5,1.696558379e-18,7
15,733,5,-3.055457251e-20,7
15,734,4,2.046568686e-18,7
15,735,6,-7.248314276e-18,5
15,736,7,-4.145317088e-34,3
15,737,5,-4.732843702e-18,8
15,738,5,8.080943842e-18,6
15,739,8,-5.072468968e-19,2
15,740,5,8.821508183e-18,6
15,741,6,0,4
15,742,6,0,5
15,743,6,-6.876364367e-18,4
15,744,4,-7.214599564e-18,6
15,745,8,-3.570371007e-33,2
15,746,5,0,6
15,747,6,1.593359586e-18,5
15,748,7,-4.518828037e-19,3
15,749,4,8.596271476e-18,10
15,750,3,1.353543065e-17,9
15,751,6,0,5
15,752,6,0,6
15,753,6,0,4
15,754,5,1.832764039e-17,6
15,755,6,4.664639183e-18,4
15,756,7,-5.780552625e-19,4
15,757,7,0,4
15,758,5,8.192050981e-18,6
15,759,5,0,6
15,760,5,3.789519081e-18,6
15,761,4,-1.231252216e-17,7
15,762,7,9.165524081e-34,3
15,763,7,-4.377024825e-18,4
15,764,7,-7.836179057e-34,3
15,765,5,0,6
15,766,5,0,6
15,767,5,0,5
15,768,7,-4.196355938e-18,3
15,769,5,-7.071365567e-18,6
15,770,6,-2.095044344e-17,5
15,771,6,-5.16365806e-18,5
15,772,7,-5.642817049e-21,3
15,773,6,1.739317211e-18,4
15,774,7,-8.371210689e-18,3
15,775,6,-7.73784712e-18,4
15,776,5,-4.080377915e-18,7
15,777,7,-1.376541885e-33,3
15,778,5,0,5
15,779,5,0,5
15,780,5,3.605548596e-18,6
15,781,6,-7.997231246e-18,4
15,782,6,3.160953394e-33,5
15,783,5,-2.232614489e-18,6
15,784,7,-5.987502192e-19,3
15,785,6,-5.50485606e-18,4
15,786,4,-3.561056212e-19,7
15,787,6,1.01471636e-17,7
15,788,4,-4.712682092e-18,8
15,789,7,0,4
15,790,6,0,4
15,791,6,-5.126347184e-36,6
15,792,4,1.367530592e-17,8
15,793,5,-2.513990524e-19,8
15,794,6,0,5
15,795,7,-2.720747507e-18,3
15,796,6,0,5
15,797,4,0,7
15,798,6,-1.914689105e-18,4
15,799,6,-5.515602676e-18,7
15,800,5,0,7
15,801,6,6.541785602e-33,4
15,802,8,0,2
15,803,6,-1.034680821e-17,5
15,804,6,-9.192111233e-19,4
15,805,6,-6.637802339e-18,5
15,806,6,0,7
15,807,6,-1.642638441e-17,4
15,808,7,-5.17346826e-18,3
15,809,5,0,5
15,810,6,-1.966037832e-35,5
15,811,6,-3.562439872e-51,5
15,812,4,0,6
15,813,6,-1.910673122e-18,5
15,814,4,0,11
15,815,8,0,2
15,816,4,1.257390968e-17,6
15,817,6,0,4
15,818,7,-3.839995223e-18,3
15,819,5,1.334731751e-17,8
15,820,5,0,5
15,821,6,1.889745984e-18,5
15,822,4,1.873254468e-17,8
15,823,5,-1.021808887e-18,6
15,824,6,-3.545014985e-18,4
15,825,6,0,5
15,826,4,4.427082876e-18,9
15,827,5,0,8
15,828,6,0,4
15,829,4,7.981673116e-18,6
15,830,7,-1.451499577e-19,3
15,831,7,-1.411814157e-18,4
15,832,5,-2.14937064e-18,6
15,833,6,0,5
15,834,4,1.737169404e-18,7
15,835,6,-3.511918637e-18,4
15,836,7,-2.096747229e-17,4
15,837,5,-4.330194251e-19,6
15,838,7,-5.743926563e-18,4
15,839,5,3.262835484e-18,5
15,840,5,0,8
15,841,5,0,7
15,842,4,0,7
15,843,5,7.280186486e-18,5
15,844,6,-3.948186356e-18,4
15,845,6,0,4
15,846,7,-1.398698398e-18,3
15,847,5,5.76874407e-18,8
15,848,9,0,1
15,849,5,-1.934571657e-18,5
15,850,7,0,4
15,851,6,0,4
15,852,6,0,5
15,853,6,-2.528750985e-18,5
15,854,7,2.509542535e-33,3
15,855,5,0,5
15,856,6,-1.298017933e-18,5
15,857,6,0,4
15,858,7,-2.616229779e-34,4
15,859,5,0,6
15,860,6,-1.011675335e-17,4
15,861,7,-1.13705533e-19,3
15,862,7,0,4
15,863,6,0,5
15,864,6,0,5
15,865,6,6.697140784e-18,4
15,866,7,0,3
15,867,5,0,6
15,868,5,-3.433469716e-18,6
15,869,6,-1.846247168e-18,4
15,870,5,1.179398646e-17,8
15,871,5,-4.551031426e-18,6
15,872,5,-8.18827096e-19,7
15,873,6,0,5
15,874,7,0,4
15,875,6,0,7
15,876,7,0,4
15,877,5,-6.219108426e-18,5
15,878,7,0,3
15,879,8,0,2
15,880,5,6.04504899e-19,5
15,881,5,-3.868440652e-34,6
15,882,6,-4.742290708e-34,5
15,883,6,0,5
15,884,7,-5.617945244e-18,3
15,885,6,1.760422919e-34,4
15,886,9,0,1
15,887,6,0,5
15,888,5,7.788378577e-18,7
15,889,6,-1.505668027e-18,4
15,890,7,-5.193283589e-18,3
15,891,5,0,8
15,892,6,-4.037710023e-34,5
15,893,6,-2.082120509e-18,4
15,894,7,-9.82596861e-51,4
15,895,4,-3.635653145e-18,9
15,896,6,-2.723572385e-18,5
15,897,7,0,3
15,898,7,-8.271657384e-18,4
15,899,6,-1.527465599e-18,5
15,900,7,-3.88785824e-18,4
15,901,5,-6.969955165e-19,6
15,902,4,3.790225722e-19,7
15,903,5,-1.319696564e-18,6
15,904,6,-2.386879432e-17,5
15,905,5,3.384235599e-18,5
15,906,6,-6.288996886e-18,4
15,907,8,-3.264358139e-34,2
15,908,7,-3.246973492e-19,3
15,909,5,1.461133442e-18,6
15,910,6,0,6
15,911,4,1.737377109e-17,8
15,912,5,-1.06313907e-17,6
15,913,5,9.149846067e-18,5
15,914,6,-3.593162593e-18,4
15,915,6,-1.415404438e-17,4
15,916,4,9.457442069e-18,13
15,917,5,-3.097423988e-18,6
15,918,6,0,4
15,919,5,0,7
15,920,6,-1.491225343e-17,5
15,921,5,-8.851310568e-18,6
15,922,5,-1.770724172e-18,6
15,923,8,-4.199205678e-22,2
15,924,6,-1.939610936e-34,5
15,925,6,0,5
15,926,5,1.934748798e-17,6
15,927,6,-1.944904335e-17,5
15,928,6,0,5
15,929,4,1.437268735e-17,8
15,930,6,4.412005273e-33,5
15,931,6,8.133090175e-19,4
15,932,5,-4.093499808e-18,7
15,933,6,-4.132027753e-18,4
15,934,6,0,6
15,935,6,-4.211325667e-33,4
15,936,6,-2.293220393e-18,5
15,937,4,-1.352595496e-18,6
15,938,8,0,2
15,939,8,0,2
15,940,6,5.933310781e-35,5
15,941,8,0,3
15,942,5,-8.104023208e-18,6
15,943,6,7.167361515e-18,4
15,944,4,1.550148678e-18,10
15,945,7,-3.650229626e-18,4
15,946,6,-6.141417852e-18,5
15,947,4,3.767491514e-19,10
15,948,6,-1.609110377e-18,4
15,949,6,-4.494619802e-33,4
15,950,6,-8.276271761e-18,4
15,951,6,-5.175903466e-18,5
15,952,5,0,5
15,953,5,-9.872191633e-18,7
15,954,5,6.45273925e-18,6
15,955,5,3.156620515e-18,5
15,956,7,0,3
15,957,7,-4.762083047e-19,3
15,958,7,-1.385015633e-18,3
15,959,5,3.754779696e-18,6
15,960,6,-4.758882663e-19,5
15,961,7,-9.671039425e-18,3
15,962,7,-2.003051917e-34,3
15,963,4,3.263819088e-18,7
15,964,5,3.900962138e-18,5
15,965,5,-2.917586883e-18,6
15,966,6,0,5
15,967,6,0,4
15,968,7,-9.788865588e-18,3
15,969,8,-5.568699981e-19,2
15,970,8,2.27767853e-98,2
15,971,6,-4.581698016e-18,5
15,972,6,0,6
15,973,7,-1.136555463e-17,4
15,974,5,-9.053594647e-19,5
15,975,6,4.767225351e-19,5
15,976,6,-3.53107839e-18,5
15,977,4,9.514328284e-18,8
15,978,7,1.613282328e-33,3
15,979,5,5.236852679e-18,8
15,980,4,8.912910625e-20,7
15,981,4,-6.665169702e-18,7
15,982,5,0,7
15,983,5,-5.011059407e-18,5
15,984,6,0,4
15,985,7,0,3
15,986,4,3.264398593e-18,7
15,987,6,0,4
15,988,5,-2.969082956e-18,9
15,989,9,0,1
15,990,8,0,2
15,991,4,4.534290983e-18,7
15,992,4,1.478786445e-17,8
15,993,5,4.24069709e-19,8
15,994,6,-2.801625741e-18,5
15,995,6,7.586742058e-18,4
15,996,7,-6.043970991e-18,4
15,997,5,1.430854996e-17,5
15,998,8,-3.665450229e-34,2
15,999,8,-2.345650813e-18,2
18,0,5,-5.487314713e-18,6
18,1,4,0,8
18,2,4,9.229531317e-18,7
18,3,4,4.389601241e-18,7
18,4,5,0,5
18,5,4,7.184922791e-18,9
18,6,3,-3.945597203e-18,8
18,7,4,6.257090533e-18,6
18,8,6,0,5
18,9,5,0,7
18,10,3,1.896594359e-17,8
18,11,5,-8.549591896e-18,6
18,12,5,0,5
18,13,4,8.507422067e-18,7
18,14,3,1.544181203e-17,11
18,15,3,-3.197363781e-18,10
18,16,4,-2.038575653e-18,10
18,17,5,2.472385956e-18,5
18,18,5,2.539361582e-18,6
18,19,3,1.613808497e-17,9
18,20,4,7.220334303e-19,8
18,21,3,-6.001283527e-18,9
18,22,3,2.695792049e-17,11
18,23,2,0.01217368126,14
18,24,5,2.556465085e-17,5
18,25,3,3.331146248e-17,11
18,26,6,0,4
18,27,4,-1.115387426e-36,7
18,28,4,1.007378006e-18,9
18,29,6,0,6
18,30,3,3.301404891e-17,8
18,31,5,4.248617368e-19,6
18,32,6,-1.729872911e-17,4
18,33,4,-9.139134332e-35,9
18,34,5,-8.65675966e-18,7
18,35,3,2.117148789e-18,11
18,36,4,1.913452089e-17,10
18,37,4,4.648183929e-18,11
18,38,4,1.376911578e-17,7
18,39,5,4.532000724e-18,5
18,40,3,1.12762976e-17,10
18,41,5,0,8
18,42,4,2.74643302e-18,10
18,43,5,-9.430319716e-18,5
18,44,6,1.42859969e-33,4
18,45,5,-6.841177965e-18,8
18,46,6,0,5
18,47,3,2.085306312e-17,8
18,48,3,3.860336325e-17,9
18,49,5,-8.52608973e-18,6
18,50,3,2.43639057e-17,9
18,51,6,0,4
18,52,3,4.680456402e-18,11
18,53,2,0.009370499719,9
18,54,4,1.056313647e-18,6
18,55,4,2.047268287e-17,8
18,56,4,2.151595634e-18,7
18,57,3,1.085985896e-17,9
18,58,8,0,2
18,59,4,1.871830498e-17,8
18,60,5,8.948998373e-18,7
18,61,3,3.549891539e-17,12
18,62,4,3.696115359e-18,8
18,63,5,-8.930348331e-19,5
18,64,5,7.448033752e-19,6
18,65,3,-2.915601596e-18,8
18,66,5,2.465518246e-18,5
18,67,7,-3.807778788e-18,3
18,68,4,-4.105894653e-18,9
18,69,6,-4.163053001e-18,5
18,70,4,2.420084143e-18,7
18,71,4,1.804579042e-17,9
18,72,4,1.244955104e-33,8
18,73,4,-2.320105983e-18,7
18,74,4,2.520600296e-17,9
18,75,4,2.365601021e-17,6
18,76,5,2.370692516e-18,6
18,77,4,1.383946304e-18,9
18,78,4,1.012204927e-17,8
18,79,4,9.129182524e-18,8
18,80,4,1.657249509e-17,7
18,81,5,-3.207423481e-19,7
18,82,3,2.980632345e-17,8
18,83,5,1.015179423e-17,6
18,84,7,0,3
18,85,4,1.458293147e-17,9
18,86,6,-1.387172622e-18,4
18,87,3,-5.249147035e-18,10
18,88,3,1.404730017e-17,12
18,89,4,2.981316921e-18,6
18,90,3,8.73340545e-18,8
18,91,5,-7.677103636e-18,5
18,92,4,1.805912527e-18,9
18,93,3,3.189622456e-17,11
18,94,5,-1.330254168e-33,5
18,95,5,0,8
18,96,3,1.67938357e-17,10
18,97,3,1.764941085e-17,11
18,98,5,3.181529224e-18,5
18,99,4,1.347260392e-17,7
18,100,5,-5.99622597e-34,6
18,101,3,7.253979451e-18,8
18,102,5,-1.505451796e-17,5
18,103,2,0.003830319081,12
18,104,5,2.205129497e-18,6
18,105,4,0,8
18,106,2,0.003137348341,10
18,107,5,0,6
18,108,3,1.031911739e-17,11
18,109,4,4.991243199e-18,9
18,110,5,-5.172498136e-18,8
18,111,6,-4.84536585e-39,4
18,112,4,0,6
18,113,5,0,6
18,114,4,2.318062883e-17,8
18,115,5,0,5
18,116,4,-7.293482604e-19,7
18,117,6,-3.747116122e-18,6
18,118,6,0,5
18,119,4,2.933138293e-19,7
18,120,7,-2.391664215e-33,3
18,121,5,0,9
18,122,5,-1.497283882e-18,5
18,123,6,-3.157409051e-18,4
18,124,5,0,8
18,125,6,-5.025055405e-18,4
18,126,4,1.206560033e-17,9
18,127,8,0,3
18,128,4,8.214246189e-19,9
18,129,3,6.934206951e-20,12
18,130,4,0,8
18,131,3,1.653906052e-17,8
18,132,3,4.512562601e-17,10
18,133,5,0,7
18,134,4,3.073235398e-17,9
18,135,6,-2.475962748e-18,4
18,136,5,-5.128004054e-19,6
18,137,4,0,8
18,138,6,-3.845366815e-34,4
18,139,3,1.563451551e-19,12
18,140,2,0.004606974877,10
18,141,3,2.324655347e-20,9
18,142,3,6.744477518e-18,10
18,143,3,2.748021841e-18,9
18,144,5,-4.910559657e-18,6
18,145,5,1.490195704e-18,7
18,146,6,-1.215501597e-17,8
18,147,4,0,10
18,148,3,-5.837833403e-18,12
18,149,3,4.533842251e-17,10
18,150,3,5.66181693e-17,11
18,151,4,3.123177361e-18,7
18,152,4,-4.153667464e-18,7
18,153,4,-1.048378521e-17,9
18,154,5,0,5
18,155,3,6.152322206e-18,11
18,156,6,-1.463383543e-17,5
18,157,3,5.118542006e-17,11
18,158,2,0.004414982782,12
18,159,5,-3.235103491e-34,5
18,160,4,6.522166728e-18,9
18,161,4,1.255812938e-18,8
18,162,5,0,7
18,163,5,-3.233714876e-18,5
18,164,6,-7.333306724e-18,4
18,165,3,9.83412832e-18,9
18,166,4,0,10
18,167,4,8.98586656e-19,7
18,168,6,-6.733635189e-34,4
18,169,4,5.640762482e-18,12
18,170,4,0,8
18,171,3,1.887518671e-17,10
18,172,2,0.00494828034,14
18,173,3,2.074045912e-17,9
18,174,6,-1.117562486e-18,4
18,175,5,0,8
18,176,3,2.597826556e-18,15
18,177,3,-2.871690107e-18,10
18,178,4,1.087670669e-17,7
18,179,4,1.255503281e-17,7
18,180,4,-6.499538068e-18,9
18,181,2,0.005596533019,14
18,182,4,2.340828885e-17,8
18,183,7,-3.869176754e-18,3
18,184,3,1.563347201e-17,10
18,185,4,0,9
18,186,5,0,7
18,187,4,6.732013412e-18,7
18,188,5,7.032863394e-18,5
18,189,3,0,11
18,190,5,0,5
18,191,4,0,9
18,192,6,0,5
18,193,4,-1.12813281e-18,10
18,194,4,1.172591232e-17,8
18,195,4,9.287272548e-19,7
18,196,4,8.278168869e-18,8
18,197,4,-3.504473845e-18,6
18,198,3,6.544725183e-19,10
18,199,4,3.328539419e-17,8
18,200,5,-6.479153442e-18,5
18,201,3,3.630938276e-17,8
18,202,5,-7.602997918e-18,6
18,203,3,6.309731829e-17,8
18,204,3,2.09476962e-17,11
18,205,4,-5.660702195e-18,9
18,206,4,-1.067282972e-18,6
18,207,4,9.438657725e-18,7
18,208,5,0,7
18,209,4,1.022348062e-17,7
18,210,5,-8.687554719e-34,5
18,211,5,-7.55345765e-18,5
18,212,3,8.017005135e-18,11
18,213,3,7.566914893e-18,9
18,214,3,1.459562266e-17,11
18,215,4,3.09803369e-18,6
18,216,7,-2.86060172e-19,3
18,217,3,2.234946531e-17,8
18,218,3,1.429930089e-17,11
18,219,6,-9.036082148e-18,5
18,220,6,-6.950902613e-18,4
18,221,5,3.41096891e-18,6
18,222,4,1.131907684e-17,8
18,223,4,0,10
18,224,4,9.264139542e-18,9
18,225,5,3.447071435e-18,7
18,226,6,-6.317301501e-34,6
18,227,4,1.571007199e-18,10
18,228,5,3.931904859e-18,9
18,229,4,0,8
18,230,3,2.567659427e-17,10
18,231,4,0,8
18,232,5,6.86682843e-18,5
18,233,4,5.835799623e-18,11
18,234,4,5.117186924e-18,7
18,235,3,1.545970804e-17,9
18,236,4,7.98369416e-18,7
18,237,4,0,11
18,238,4,6.694580869e-18,7
18,239,7,-5.247799721e-35,3
18,240,4,0,10
18,241,5,6.685803846e-18,6
18,242,3,1.651440605e-17,10
18,243,4,2.074548783e-18,8
18,244,3,4.17673783e-19,9
18,245,5,2.707160513e-18,5
18,246,3,1.646510632e-17,8
18,247,3,1.427133584e-17,14
18,248,3,2.036357395e-17,11
18,249,3,1.054386613e-17,8
18,250,6,-1.758019946e-17,6
18,251,4,0,9
18,252,4,3.48066537e-18,7
18,253,3,4.050253231e-18,9
18,254,4,-5.217440378e-18,9
18,255,3,3.651760391e-17,8
18,256,4,3.690866945e-18,7
18,257,3,3.159185116e-19,7
18,258,3,4.238793188e-17,8
18,259,5,0,7
18,260,5,-5.337730247e-18,6
18,261,2,0.003275247506,10
18,262,5,-7.862582268e-19,5
18,263,3,2.820949193e-17,10
18,264,4,0,9
18,265,5,-2.823737534e-18,5
18,266,5,7.581547367e-18,8
18,267,3,6.528143422e-17,9
18,268,3,1.631025016e-17,8
18,269,4,1.688801693e-18,8
18,270,4,4.29067727e-18,9
18,271,6,6.206838487e-18,4
18,272,4,2.215347562e-17,7
18,273,4,-8.717009689e-18,8
18,274,5,-1.10724279e-17,6
18,275,4,1.642505821e-18,7
18,276,6,8.084768399e-19,5
18,277,3,5.781334584e-18,10
18,278,2,0.01898406711,14
18,279,5,-1.119528919e-17,6
18,280,6,-1.346700349e-17,4
18,281,6,-2.887333941e-33,5
18,282,4,-8.657991273e-19,7
18,283,5,0,7
18,284,4,0,9
18,285,3,3.80965099e-17,8
18,286,5,0,6
18,287,4,5.875374424e-18,6
18,288,4,6.889142124e-18,7
18,289,6,-4.925762323e-18,4
18,290,3,1.854864563e-17,12
18,291,4,7.63108302e-18,7
18,292,5,-2.016353635e-17,5
18,293,4,3.026173478e-18,8
18,294,5,-5.789078548e-18,7
18,295,5,0,6
18,296,5,-4.329219226e-18,6
18,297,6,-2.77815388e-18,4
18,298,6,-6.100869983e-18,5
18,299,4,5.418086399e-18,8
18,300,3,3.026432674e-17,9
18,301,5,0,5
18,302,7,-1.021025223e-18,3
18,303,6,0,8
18,304,4,0,8
18,305,6,-2.463451012e-18,5
18,306,6,-1.288063049e-17,5
18,307,4,4.190246244e-18,7
18,308,4,5.291442695e-18,7
18,309,5,7.041524656e-18,5
18,310,5,0,8
18,311,4,5.342618706e-18,10
18,312,3,1.03299738e-17,11
18,313,5,9.844053586e-18,9
18,314,3,2.161844053e-17,11
18,315,3,2.258364557e-17,12
18,316,5,0,5
18,317,4,-7.32396902e-18,7
18,318,4,0,9
18,319,4,-1.412236433e-18,7
18,320,7,0,4
18,321,5,2.017715145e-17,5
18,322,5,2.733677344e-19,5
18,323,5,4.247707945e-18,5
18,324,4,1.365370277e-17,8
18,325,4,6.084166933e-18,8
18,326,7,0,3
18,327,7,-1.342205763e-17,3
18,328,6,0,4
18,329,6,-5.895393672e-18,4
18,330,4,3.880619577e-18,7
18,331,6,-6.592730821e-19,4
18,332,4,-1.358819254e-34,7
18,333,5,1.1975662e-17,5
18,334,4,-7.715027919e-18,6
18,335,5,5.75900453e-18,5
18,336,4,-3.829377004e-18,8
18,337,2,0.009637056808,13
18,338,6,-6.185056839e-52,6
18,339,7,0,3
18,340,3,3.241594118e-17,9
18,341,4,1.830458424e-17,7
18,342,4,1.525666434e-17,10
18,343,5,0,7
18,344,3,0,9
18,345,6,-8.776838238e-19,5
18,346,4,3.575601281e-18,6
18,347,5,4.122153605e-18,5
18,348,5,9.385823521e-21,6
18,349,4,8.363285404e-18,8
18,350,5,-7.659924591e-18,6
18,351,4,-3.526675688e-18,7
18,352,6,0,6
18,353,5,0,7
18,354,2,0.006088867084,12
18,355,4,-2.267986159e-19,7
18,356,4,6.474289022e-18,7
18,357,4,-2.651616441e-18,6
18,358,4,1.141185638e-17,8
18,359,6,0,5
18,360,6,0,5
18,361,6,-3.869880822e-18,4
18,362,4,1.159949051e-17,7
18,363,5,2.695699444e-35,5
18,364,3,2.384064656e-17,9
18,365,4,4.653161724e-18,8
18,366,4,1.640595571e-17,10
18,367,5,8.118545608e-18,7
18,368,5,-1.982202006e-18,5
18,369,5,-3.560370984e-34,6
18,370,4,-4.899935403e-18,7
18,371,5,1.415225714e-19,7
18,372,3,5.374689598e-17,10
18,373,6,-7.129423075e-18,6
18,374,5,0,8
18,375,6,-2.24640981e-18,5
18,376,5,-9.496032068e-18,7
18,377,2,0.005101114698,12
18,378,5,5.905241623e-18,5
18,379,4,0,10
18,380,5,0,6
18,381,5,3.796791921e-18,6
18,382,4,1.0259298e-17,7
18,383,5,-1.487648761e-34,7
18,384,4,2.956120893e-18,6
18,385,2,0.009139131351,10
18,386,6,4.955994858e-18,4
18,387,4,9.449137045e-18,7
18,388,4,5.097669171e-18,10
18,389,6,0,5
18,390,3,4.984558951e-18,12
18,391,3,5.762758093e-18,8
18,392,3,8.88971061e-18,11
18,393,3,1.916791e-19,12
18,394,4,1.53189022e-17,6
18,395,4,3.385877575e-18,6
18,396,6,8.837907645e-18,6
18,397,3,1.340168903e-17,8
18,398,4,8.699842788e-18,6
18,399,5,-3.536072245e-18,6
18,400,4,0,8
18,401,5,-1.844905492e-18,6
18,402,5,4.435356007e-18,5
18,403,5,0,8
18,404,4,1.44666773e-17,8
18,405,4,1.064592342e-17,7
18,406,4,0,10
18,407,7,-3.498429071e-18,4
18,408,6,-5.423055062e-18,4
18,409,4,2.648947629e-18,7
18,410,4,1.362740239e-17,6
18,411,6,-5.627792632e-18,5
18,412,6,-2.882380039e-18,4
18,413,3,2.94266822e-17,8
18,414,5,0,6
18,415,3,2.013582872e-17,9
18,416,4,1.176260246e-17,8
18,417,4,1.920914782e-18,7
18,418,4,5.28212246e-18,7
18,419,5,-9.516408554e-18,6
18,420,3,6.760465317e-18,11
18,421,4,1.567222026e-18,8
18,422,3,1.745061042e-17,11
18,423,5,-4.269321257e-35,5
18,424,5,0,5
18,425,6,-2.630178916e-18,5
18,426,5,2.008280394e-33,9
18,427,5,7.202312918e-18,7
18,428,5,3.516470307e-19,6
18,429,5,-1.306391354e-17,7
18,430,5,4.533811023e-18,6
18,431,4,0,7
18,432,4,7.166264778e-18,8
18,433,5,1.745656604e-18,7
18,434,4,-1.819828078e-18,7
18,435,4,0,7
18,436,4,6.653167496e-18,7
18,437,5,2.140091563e-33,7
18,438,4,7.984781804e-18,7
18,439,5,-8.880070452e-34,6
18,440,3,6.505157664e-18,9
18,441,3,2.62194095e-17,9
18,442,3,1.454624323e-17,18
18,443,6,0,5
18,444,6,-5.545205072e-34,4
18,445,7,-3.842327763e-49,3
18,446,4,8.034548148e-18,8
18,447,5,-5.65642785e-19,6
18,448,4,1.303823427e-17,7
18,449,5,-3.993459829e-18,5
18,450,5,2.85930723e-33,6
18,451,4,0,7
18,452,6,-2.110013638e-18,4
18,453,4,2.006878828e-17,7
18,454,4,0,8
18,455,3,1.327774798e-17,8
18,456,5,-8.865994245e-18,7
18,457,4,4.71939675e-18,8
18,458,6,-2.372244786e-18,4
18,459,6,0,5
18,460,6,-4.914068137e-18,5
18,461,4,2.307638769e-34,8
18,462,5,-3.364379852e-18,6
18,463,4,-1.079969634e-18,7
18,464,4,0,7
18,465,3,8.868278042e-18,8
18,466,5,-1.143665134e-17,7
18,467,5,0,6
18,468,4,0,10
18,469,5,3.736375297e-18,6
18,470,4,1.528829926e-18,7
18,471,4,8.896200658e-18,9
18,472,4,1.143271618e-17,6
18,473,7,-8.103342499e-34,3
18,474,3,3.26388061e-17,9
18,475,5,-5.894267903e-34,5
18,476,7,0,4
18,477,6,-1.260145031e-17,4
18,478,5,0,8
18,479,5,-5.645803641e-18,6
18,480,2,0.005894810943,10
18,481,6,-4.952798129e-33,6
18,482,3,1.690991923e-17,8
18,483,6,-5.432236803e-18,4
18,484,6,-3.031904063e-20,4
18,485,4,2.18219945e-18,8
18,486,2,0.002514479118,14
18,487,3,1.384073998e-17,8
18,488,6,-5.009397073e-18,5
18,489,5,-5.600718338e-18,6
18,490,5,-1.248314259e-18,5
18,491,2,0.003037470795,12
18,492,3,1.971909499e-17,9
18,493,5,-7.419523396e-18,6
18,494,5,6.776157336e-18,5
18,495,6,-1.146866706e-33,5
18,496,3,3.95307086e-18,8
18,497,6,-6.800014715e-20,4
18,498,3,6.218791537e-19,11
18,499,5,-1.241005207e-17,6
18,500,4,-3.696660823e-18,12
18,501,4,1.293543859e-17,7
18,502,4,1.043048122e-18,12
18,503,6,0,4
18,504,7,-1.033347822e-18,3
18,505,3,1.917711794e-17,8
18,506,4,1.938455449e-17,7
18,507,4,2.833712431e-18,8
18,508,3,2.74174323e-17,9
18,509,5,2.073070654e-18,5
18,510,6,-5.185359706e-21,5
18,511,4,1.411483471e-17,10
18,512,4,3.138376128e-19,8
18,513,6,-1.59123334e-17,4
18,514,4,7.171538838e-18,10
18,515,4,1.213580147e-17,9
18,516,5,-1.029979197e-17,9
18,517,5,0,8
18,518,2,0.008369114062,9
18,519,6,-1.877934669e-18,5
18,520,5,0,7
18,521,4,6.767009756e-18,8
18,522,5,0,7
18,523,6,0,5
18,524,5,6.00096553e-19,6
18,525,3,-1.390004427e-18,9
18,526,4,-4.788704678e-18,7
18,527,4,2.434991849e-18,7
18,528,4,1.139642009e-17,6
18,529,4,9.634791722e-36,7
18,530,4,4.130355521e-18,8
18,531,6,-4.895379777e-18,6
18,532,5,1.357574292e-18,6
18,533,5,7.308915528e-19,10
18,534,5,0,6
18,535,4,8.523965883e-18,9
18,536,4,1.215715446e-18,7
18,537,4,-2.611497989e-18,7
18,538,4,5.3393999e-18,10
18,539,5,0,6
18,540,3,-3.339254653e-18,9
18,541,5,0,7
18,542,3,-5.856926328e-19,9
18,543,3,2.25391111e-17,10
18,544,5,7.459399987e-19,9
18,545,4,1.216007104e-17,8
18,546,4,-9.659496863e-18,6
18,547,5,0,6
18,548,5,4.940611109e-18,6
18,549,5,-9.723621836e-18,5
18,550,5,-1.086760002e-17,5
18,551,5,-1.167405567e-17,5
18,552,5,0,5
18,553,4,2.203346942e-18,7
18,554,6,2.647024308e-34,4
18,555,6,7.021840465e-18,4
18,556,5,1.692309377e-18,5
18,557,5,-2.086485825e-18,6
18,558,4,0,9
18,559,5,0,9
18,560,3,4.446971208e-18,11
18,561,3,1.447966741e-17,8
18,562,5,2.93490613e-18,6
18,563,8,-2.710295536e-18,2
18,564,5,0,7
18,565,5,-2.408502196e-18,6
18,566,5,-2.599733149e-18,5
18,567,3,2.802331278e-18,10
18,568,5,-6.304370891e-34,6
18,569,4,-6.801237873e-18,8
18,570,3,1.849837465e-17,10
18,571,5,-4.711050881e-18,8
18,572,4,1.125455223e-17,6
18,573,4,1.71721529e-17,10
18,574,4,1.04708133e-17,7
18,575,2,0.003882526651,10
18,576,5,-7.98404788e-19,5
18,577,7,-1.085239398e-18,4
18,578,6,-7.777726328e-18,4
18,579,5,0,8
18,580,6,-1.027667913e-18,4
18,581,6,4.490684875e-19,4
18,582,6,0,4
18,583,4,8.601831521e-18,6
18,584,3,2.610713051e-17,8
18,585,3,1.671659573e-17,8
18,586,2,0.001898531242,11
18,587,5,1.945798283e-17,6
18,588,7,-3.989906407e-19,3
18,589,6,0,5
18,590,4,-9.678486759e-18,6
18,591,5,9.51780458e-18,6
18,592,3,1.351579571e-17,9
18,593,4,4.909916407e-18,7
18,594,2,0.007979046974,12
18,595,2,0.005336825425,10
18,596,6,0,4
18,597,4,-1.77295581e-19,6
18,598,4,9.003073193e-18,8
18,599,3,8.847722205e-18,8
18,600,5,1.597161414e-33,6
18,601,3,1.134196029e-17,8
18,602,5,-7.26359286e-18,5
18,603,3,1.00723623e-17,9
18,604,4,1.72033151e-18,7
18,605,5,0,12
18,606,4,-4.940926002e-18,8
18,607,3,1.571073094e-17,12
18,608,6,0,5
18,609,4,1.364658509e-18,7
18,610,4,1.002174835e-17,7
18,611,6,-1.047709897e-17,4
18,612,3,2.139240634e-17,8
18,613,6,0,5
18,614,4,0,9
18,615,4,1.840588512e-17,8
18,616,6,-1.260304502e-17,5
18,617,6,4.528829203e-35,4
18,618,4,4.929167808e-18,8
18,619,4,-7.680126671e-19,7
18,620,6,1.347113562e-33,4
18,621,5,-5.484130843e-34,7
18,622,3,1.763809507e-17,8
18,623,5,-3.820367132e-19,6
18,624,5,1.445248232e-18,5
18,625,6,2.564383024e-33,4
18,626,3,2.472785148e-17,11
18,627,4,4.887619355e-18,6
18,628,5,0,5
18,629,6,7.616889284e-34,5
18,630,5,0,8
18,631,3,2.344406651e-17,11
18,632,3,1.352591746e-17,9
18,633,3,-7.245217823e-19,13
18,634,4,0,7
18,635,5,-9.26898202e-19,6
18,636,5,-2.955840571e-34,8
18,637,5,-9.307601647e-18,6
18,638,5,-3.572358586e-18,6
18,639,4,3.832750273e-18,9
18,640,2,0.009692262117,10
18,641,4,5.880463849e-18,7
18,642,4,6.311633353e-18,9
18,643,6,3.322804246e-18,4
18,644,4,-8.04501893e-19,7
18,645,4,1.249486059e-17,12
18,646,3,3.150342828e-17,8
18,647,5,-1.206410577e-17,6
18,648,4,0,7
18,649,4,-3.324779845e-18,9
18,650,5,-8.709547702e-18,7
18,651,5,-1.906536609e-18,5
18,652,5,0,6
18,653,5,0,6
18,654,4,0,8
18,655,4,-8.287393297e-18,7
18,656,3,1.1393152e-17,12
18,657,2,0.003984468206,10
18,658,4,1.260606352e-17,7
18,659,3,9.705849775e-19,9
18,660,5,5.068533544e-18,8
18,661,4,-2.815910556e-19,7
18,662,4,2.169207773e-17,6
18,663,5,5.967545779e-35,5
18,664,6,0,4
18,665,4,-2.021546961e-17,7
18,666,4,2.032713535e-17,7
18,667,5,1.450918471e-33,6
18,668,3,2.800205313e-17,9
18,669,4,7.375610233e-18,8
18,670,4,5.354737599e-18,6
18,671,3,5.788062505e-18,9
18,672,3,2.925775027e-17,11
18,673,5,0,5
18,674,5,7.284315751e-18,5
18,675,4,0,7
18,676,4,4.376851609e-18,11
18,677,3,2.862439848e-17,10
18,678,4,0,8
18,679,5,1.825522321e-18,6
18,680,4,1.324059824e-17,8
18,681,4,1.222999842e-17,6
18,682,5,-5.621533979e-19,6
18,683,4,-1.252864037e-17,7
18,684,5,1.630475193e-18,6
18,685,3,5.152232665e-19,9
18,686,6,3.872196787e-18,4
18,687,4,1.399552197e-17,10
18,688,6,-1.442675415e-17,7
18,689,4,5.24289274e-18,7
18,690,6,1.204090105e-33,5
18,691,3,1.488743473e-17,10
18,692,4,3.613996177e-18,7
18,693,5,0,6
18,694,5,8.526212588e-18,5
18,695,3,-1.085483179e-18,9
18,696,8,0,2
18,697,5,0,6
18,698,4,4.970113746e-18,7
18,699,6,-1.791553114e-17,4
18,700,4,-4.669485237e-19,7
18,701,4,3.135354529e-18,7
18,702,5,0,6
18,703,8,-1.102035391e-17,2
18,704,4,-7.599704174e-18,7
18,705,4,9.319057178e-18,9
18,706,4,3.369349693e-18,7
18,707,5,3.478847208e-33,6
18,708,7,0,3
18,709,6,-3.058004293e-18,4
18,710,3,1.685526007e-17,16
18,711,6,2.768289323e-34,4
18,712,4,-2.567790146e-18,8
18,713,4,1.435414376e-17,7
18,714,5,0,6
18,715,4,-5.499904955e-19,7
18,716,4,3.068564956e-19,8
18,717,3,1.369997583e-17,10
18,718,4,1.339220895e-17,7
18,719,5,2.694467436e-18,6
18,720,5,2.140597852e-20,6
18,721,6,-4.702485174e-18,5
18,722,4,0,8
18,723,4,2.003291494e-17,7
18,724,3,4.288455594e-18,11
18,725,3,1.990391288e-17,8
18,726,6,0,4
18,727,7,-4.976683e-18,3
18,728,3,3.375228997e-18,9
18,729,4,-1.027937146e-17,6
18,730,5,1.091911425e-17,5
18,731,2,0.009274197658,13
18,732,3,8.928839224e-18,10
18,733,4,2.884715933e-18,8
18,734,2,0.005833950018,9
18,735,4,-2.384232805e-18,7
18,736,5,3.313706194e-18,5
18,737,3,4.375097084e-17,11
18,738,4,5.899880145e-18,7
18,739,6,-8.167148322e-18,4
18,740,4,1.133150272e-17,8
18,741,4,0,7
18,742,5,0,6
18,743,4,1.259944837e-17,7
18,744,2,0.003454097392,9
18,745,6,0,4
18,746,3,5.462215076e-19,8
18,747,4,1.032600325e-17,7
18,748,6,-4.460791241e-18,6
18,749,3,7.608028202e-19,14
18,750,2,0.008678612681,12
18,751,5,3.191157396e-19,6
18,752,4,-2.92038631e-18,9
18,753,5,2.17122032e-34,5
18,754,4,1.362979213e-17,7
18,755,5,-5.924620738e-18,7
18,756,6,-5.589511054e-19,5
18,757,4,2.02478566e-18,9
18,758,4,4.116734625e-18,7
18,759,3,1.353170742e-17,9
18,760,5,3.789519081e-18,6
18,761,4,-3.453523933e-18,8
18,762,6,-1.72498655e-19,5
18,763,7,-4.377024825e-18,4
18,764,5,-9.270103447e-18,5
18,765,4,2.174940009e-17,7
18,766,4,0,7
18,767,4,0,7
18,768,6,0,5
18,769,4,1.05426396e-18,7
18,770,4,2.273351449e-18,7
18,771,3,8.436590483e-18,9
18,772,5,0,5
18,773,4,7.291103795e-18,7
18,774,5,0,6
18,775,4,0,7
18,776,4,1.605797643e-18,11
18,777,4,8.366675837e-18,7
18,778,3,3.395637375e-18,12
18,779,4,-6.707862355e-34,7
18,780,2,0.007933679808,9
18,781,5,7.281600464e-19,6
18,782,4,-3.350780638e-18,7
18,783,3,-4.099817283e-19,10
18,784,5,1.082107152e-17,6
18,785,4,-1.668671351e-18,6
18,786,3,1.204586151e-17,10
18,787,5,2.97882267e-18,8
18,788,3,5.240859241e-17,11
18,789,6,0,5
18,790,6,0,4
18,791,4,0,8
18,792,3,1.322334267e-17,12
18,793,4,2.389383884e-17,9
18,794,4,1.39989912e-17,10
18,795,5,-1.254107804e-17,5
18,796,5,0,6
18,797,3,0,9
18,798,4,-2.083863318e-18,7
18,799,6,-5.515602676e-18,7
18,800,5,0,7
18,801,4,-4.808107376e-18,8
18,802,5,0,7
18,803,4,1.508245875e-33,8
18,804,5,6.286970125e-18,5
18,805,4,0,7
18,806,4,3.862230709e-19,10
18,807,4,1.823533177e-17,7
18,808,6,0,4
18,809,3,6.856797891e-18,10
18,810,4,0,7
18,811,4,2.350930538e-18,7
18,812,3,2.452756637e-17,8
18,813,4,7.378725301e-18,9
18,814,3,1.858627283e-17,13
18,815,6,0,5
18,816,2,0.001064117499,9
18,817,5,1.100597733e-18,5
18,818,5,3.167104903e-18,5
18,819,3,1.560383537e-17,13
18,820,3,-5.201133254e-18,9
18,821,4,5.882653379e-18,7
18,822,3,2.418846686e-17,9
18,823,5,-1.021808887e-18,6
18,824,5,-5.001395279e-18,5
18,825,5,0,6
18,826,3,2.514428373e-17,12
18,827,2,0.003424858418,12
18,828,4,-8.147683926e-19,7
18,829,4,2.237466011e-35,7
18,830,4,1.729351746e-17,7
18,831,5,-4.861039628e-33,6
18,832,3,6.40045228e-18,8
18,833,4,3.574694953e-18,7
18,834,4,1.737169404e-18,7
18,835,3,-8.301906048e-19,8
18,836,4,4.579365381e-18,7
18,837,3,3.774470189e-17,9
18,838,4,7.193838271e-19,9
18,839,4,0,6
18,840,4,8.999745543e-18,10
18,841,4,0,10
18,842,3,1.588561599e-17,8
18,843,4,2.315882209e-17,7
18,844,4,2.188833252e-17,6
18,845,5,0,5
18,846,6,-3.889985338e-18,4
18,847,3,2.667995537e-17,14
18,848,6,-7.578591938e-34,5
18,849,5,-5.290510835e-34,7
18,850,5,0,8
18,851,3,7.451586764e-18,9
18,852,4,0,9
18,853,5,3.637928193e-18,6
18,854,5,-1.047154506e-17,5
18,855,4,1.079992281e-17,7
18,856,4,5.069272177e-18,9
18,857,4,0,6
18,858,5,1.080369817e-18,6
18,859,4,1.876711932e-17,9
18,860,4,-5.532539569e-18,6
18,861,5,7.156576859e-18,7
18,862,6,0,5
18,863,6,-1.399980262e-18,8
18,864,5,-4.894414848e-18,8
18,865,5,5.915707381e-18,6
18,866,6,-4.496981364e-18,4
18,867,2,0.005277485092,10
18,868,4,1.241074997e-17,7
18,869,5,5.700355441e-18,6
18,870,2,0.008426373135,12
18,871,3,1.388506088e-17,9
18,872,4,-1.606956049e-18,9
18,873,4,0,8
18,874,5,0,7
18,875,5,0,11
18,876,6,-5.676753152e-18,5
18,877,4,2.105803209e-18,7
18,878,5,1.01585635e-18,5
18,879,6,0,5
18,880,4,1.638106645e-18,7
18,881,3,2.889417105e-17,9
18,882,4,1.070216656e-17,7
18,883,5,0,7
18,884,6,-8.927095958e-18,5
18,885,4,-1.866155576e-18,6
18,886,8,0,2
18,887,5,0,8
18,888,5,2.337612738e-18,8
18,889,5,-3.317025814e-18,6
18,890,5,-1.631221678e-18,6
18,891,3,6.910992792e-18,11
18,892,6,0,6
18,893,3,3.508476745e-17,8
18,894,6,-9.90132756e-34,5
18,895,2,0.01330436355,12
18,896,4,5.055113662e-18,7
18,897,5,-3.871030802e-18,6
18,898,4,2.879087914e-17,9
18,899,4,1.452708538e-18,8
18,900,5,-5.52029813e-18,6
18,901,2,0.004867586616,11
18,902,4,3.790225722e-19,7
18,903,3,5.390260681e-18,8
18,904,4,7.744925065e-18,10
18,905,4,7.30628725e-18,8
18,906,4,1.758874417e-17,7
18,907,7,-2.518985263e-33,3
18,908,5,-1.271928191e-18,6
18,909,4,1.273627801e-17,7
18,910,4,0,8
18,911,3,3.061896688e-17,9
18,912,4,1.129351487e-17,8
18,913,3,8.501809152e-17,10
18,914,5,0,9
18,915,5,1.238858944e-17,5
18,916,4,1.960457813e-17,14
18,917,2,0.004387514592,9
18,918,5,0,6
18,919,3,8.325284845e-18,10
18,920,5,-4.319959603e-18,6
18,921,4,1.23242399e-17,8
18,922,5,-1.770724172e-18,6
18,923,7,-1.018857578e-17,4
18,924,6,-1.939610936e-34,5
18,925,5,1.042740437e-17,7
18,926,3,3.483137909e-17,9
18,927,5,0,8
18,928,5,7.068651309e-19,7
18,929,2,0.007489512668,14
18,930,4,-4.499035388e-18,9
18,931,5,-4.408510074e-18,5
18,932,3,1.245410975e-17,9
18,933,5,1.042649956e-17,6
18,934,3,1.004972634e-18,10
18,935,4,2.172625996e-17,8
18,936,5,8.229052651e-19,6
18,937,2,0.003467587986,9
18,938,7,-8.401050534e-18,3
18,939,5,0,6
18,940,5,9.370410746e-18,7
18,941,6,0,6
18,942,4,1.218243527e-17,10
18,943,5,4.361873583e-18,5
18,944,4,1.550148678e-18,10
18,945,5,-6.747564091e-18,6
18,946,4,1.368057031e-17,9
18,947,4,-6.297218381e-18,11
18,948,4,1.264825111e-17,6
18,949,4,7.582157625e-18,7
18,950,4,2.268839701e-18,8
18,951,4,9.215573881e-18,7
18,952,4,0,7
18,953,3,2.494848806e-17,11
18,954,4,8.939036918e-18,8
18,955,4,1.423409053e-18,6
18,956,5,0,6
18,957,4,1.01495738e-17,6
18,958,6,0,4
18,959,3,1.552351e-17,11
18,960,4,1.370670865e-17,7
18,961,5,-3.259815382e-34,6
18,962,6,3.643607752e-18,4
18,963,4,3.263819088e-18,7
18,964,4,6.59438174e-18,6
18,965,5,-2.917586883e-18,6
18,966,4,1.674595377e-17,7
18,967,5,-2.978352134e-18,5
18,968,6,-3.583679025e-19,4
18,969,6,-3.051216706e-18,4
18,970,6,-1.923630185e-18,4
18,971,4,1.895197017e-17,8
18,972,4,1.232822975e-17,8
18,973,5,-5.483800415e-18,6
18,974,4,3.451771071e-18,6
18,975,4,7.145762459e-18,8
18,976,4,0,7
18,977,4,8.208366586e-18,11
18,978,5,1.06340656e-17,5
18,979,5,5.236852679e-18,8
18,980,3,6.771999922e-18,8
18,981,3,2.258116836e-17,9
18,982,5,0,7
18,983,4,4.8205136e-19,7
18,984,4,-4.374884794e-18,7
18,985,5,-6.175330236e-21,5
18,986,3,2.744407782e-17,9
18,987,4,1.698791915e-17,7
18,988,3,1.955730413e-17,12
18,989,7,0,3
18,990,6,0,4
18,991,3,2.469370133e-17,8
18,992,3,1.823487764e-17,9
18,993,5,4.24069709e-19,8
18,994,4,0,7
18,995,4,5.072286064e-18,8
18,996,5,2.440246632e-18,8
18,997,4,1.806692592e-17,6
18,998,6,-5.435202919e-18,4
18,999,5,4.167944669e-18,5
21,0,4,7.764349322e-18,7
21,1,4,4.966198734e-18,9
21,2,3,3.139130061e-17,11
21,3,2,0.002810404551,10
21,4,4,0,8
21,5,3,1.129652294e-17,10
21,6,2,0.01578682629,12
21,7,2,0.006672276753,11
21,8,5,0,6
21,9,4,1.989371284e-17,8
21,10,3,1.896594359e-17,8
21,11,3,1.159083731e-17,9
21,12,3,3.183709915e-17,8
21,13,3,4.001764043e-17,9
21,14,2,0.004154369563,15
21,15,3,1.070557188e-17,12
21,16,2,0.004301785996,12
21,17,2,0.001911802952,10
21,18,4,2.487289607e-18,7
21,19,3,1.322994026e-17,11
21,20,3,4.327221785e-19,11
21,21,2,0.001519835066,10
21,22,2,0.007151235201,15
21,23,2,0.01150328293,15
21,24,5,-8.475532357e-18,6
21,25,3,4.352194737e-17,14
21,26,3,1.256194325e-17,7
21,27,3,7.361020648e-18,10
21,28,4,1.210490229e-17,11
21,29,4,0,8
21,30,2,0.01307405416,12
21,31,4,7.518206066e-18,9
21,32,5,-8.434992618e-18,5
21,33,3,0,13
21,34,4,1.025914461e-17,8
21,35,2,0.01224887915,13
21,36,3,3.199608316e-17,11
21,37,4,3.145364438e-18,13
21,38,4,1.773899788e-18,8
21,39,3,6.634688414e-17,7
21,40,2,0.008163631131,14
21,41,4,1.564700282e-17,11
21,42,4,1.093033704e-17,12
21,43,3,2.798262276e-17,8
21,44,3,5.187754311e-17,8
21,45,4,9.931537142e-18,9
21,46,6,0,5
21,47,2,0.0006752534717,10
21,48,3,2.623287362e-17,10
21,49,4,4.170534498e-17,9
21,50,2,0.01421526835,12
21,51,4,0,7
21,52,2,0.006291560213,15
21,53,2,0.01756340381,12
21,54,4,-1.632228937e-18,7
21,55,3,2.963997262e-17,11
21,56,4,2.151595634e-18,7
21,57,2,0.01691996988,15
21,58,5,4.403461272e-18,6
21,59,2,0.004564419121,10
21,60,3,1.77481532e-17,10
21,61,3,3.549891539e-17,12
21,62,3,0,11
21,63,3,1.260187053e-17,8
21,64,3,2.587117873e-17,8
21,65,2,0.01000949934,11
21,66,3,8.777704879e-18,8
21,67,5,-2.285736286e-18,5
21,68,3,2.015627097e-17,13
21,69,4,1.432010376e-17,7
21,70,3,4.424913337e-18,8
21,71,2,0.01113853004,14
21,72,2,0.01142804477,10
21,73,3,1.261529439e-17,8
21,74,3,3.272544374e-17,11
21,75,3,4.021692885e-17,7
21,76,4,5.390002425e-18,7
21,77,2,0.003756859442,13
21,78,3,8.302258515e-18,10
21,79,2,0.01113274291,13
21,80,3,8.010571459e-18,12
21,81,3,6.167925626e-18,9
21,82,2,0.01283891937,12
21,83,3,2.469728898e-17,8
21,84,5,-2.713687274e-35,5
21,85,4,3.248393659e-18,11
21,86,4,9.985010222e-18,7
21,87,2,0.01032590409,14
21,88,3,2.139228459e-17,17
21,89,3,2.987731189e-17,7
21,90,2,0.003529900104,11
21,91,4,-1.575304411e-18,6
21,92,3,1.18520033e-17,10
21,93,2,0.01001579027,13
21,94,3,3.145193429e-17,8
21,95,4,6.490420132e-18,11
21,96,3,3.159572044e-17,14
21,97,2,0.008744942749,12
21,98,3,9.1892435e-18,8
21,99,3,1.897723522e-17,8
21,100,4,-2.801662901e-18,8
21,101,3,1.966388733e-17,10
21,102,3,4.910090546e-17,9
21,103,2,0.01751884819,16
21,104,4,3.022604297e-18,7
21,105,2,0.002274666174,11
21,106,2,0.005893151679,15
21,107,3,9.261573438e-18,8
21,108,2,0.01149060647,17
21,109,3,2.414019065e-17,10
21,110,4,1.190865344e-17,11
21,111,3,1.54686613e-17,7
21,112,2,0.001457204886,9
21,113,4,0,7
21,114,4,0,10
21,115,3,6.282587518e-18,8
21,116,2,0.00614559293,12
21,117,4,3.535287027e-18,9
21,118,5,0,6
21,119,2,0.002166626183,10
21,120,5,3.476025149e-33,5
21,121,5,0,9
21,122,3,1.5173562e-17,7
21,123,5,1.248187017e-17,5
21,124,3,2.911557409e-17,12
21,125,4,2.956607528e-17,7
21,126,4,9.509338702e-18,10
21,127,6,-1.781793264e-17,5
21,128,2,0.01147044443,16
21,129,2,0.007305792716,14
21,130,2,0.005204628105,13
21,131,2,0.007212044507,10
21,132,2,0.007717404858,13
21,133,3,1.394534579e-17,9
21,134,2,0.002067580076,11
21,135,4,1.160358591e-17,6
21,136,2,0.006029327753,10
21,137,3,2.10039888e-17,9
21,138,3,1.446298664e-17,7
21,139,3,1.563451551e-19,12
21,140,2,0.006428732037,12
21,141,2,0.006053511531,10
21,142,2,0.003755690838,11
21,143,2,0.008075822863,10
21,144,3,5.120104243e-17,8
21,145,4,9.36386667e-18,9
21,146,4,1.598657082e-17,12
21,147,4,0,11
21,148,3,-5.837833403e-18,12
21,149,2,0.006093069235,12
21,150,2,0.007848870584,16
21,151,2,0.01031952736,12
21,152,3,2.495187671e-17,11
21,153,3,2.624727985e-17,10
21,154,4,0,7
21,155,2,0.002394864229,12
21,156,4,2.519237433e-17,8
21,157,3,2.849603785e-17,12
21,158,2,0.00412088447,13
21,159,4,1.39918595e-17,7
21,160,2,0.01136599344,13
21,161,3,3.832862964e-18,10
21,162,3,5.148990215e-17,11
21,163,2,0.002184394331,8
21,164,4,-1.739040415e-18,7
21,165,2,0.01044647262,12
21,166,3,1.436392795e-17,15
21,167,4,8.98586656e-19,7
21,168,4,8.92391169e-18,6
21,169,2,0.006152009072,16
21,170,3,1.619772793e-17,11
21,171,2,0.01281631158,15
21,172,2,0.01965092607,15
21,173,3,2.676173904e-17,11
21,174,3,2.656448934e-17,10
21,175,4,0,9
21,176,3,5.083700699e-18,16
21,177,2,0.008572565708,14
21,178,2,0.002523501993,9
21,179,3,6.123804719e-18,12
21,180,3,1.973517214e-17,10
21,181,2,0.01271741989,19
21,182,2,0.031295155,14
21,183,4,7.060178883e-19,6
21,184,3,1.563347201e-17,10
21,185,3,1.246517037e-17,11
21,186,4,0,8
21,187,2,0.003957499216,11
21,188,3,3.106226725e-17,10
21,189,3,7.990617043e-18,13
21,190,4,9.201249245e-18,7
21,191,2,0.004321572058,12
21,192,4,-1.209907565e-17,7
21,193,2,0.01263437515,18
21,194,3,2.679629951e-17,11
21,195,3,1.041738658e-17,9
21,196,2,0.00533527039,11
21,197,3,1.927740888e-17,10
21,198,3,1.026638195e-17,13
21,199,3,3.903158412e-17,10
21,200,3,8.939540241e-18,8
21,201,2,0.005464619997,10
21,202,4,9.332989209e-18,7
21,203,2,0.005639296206,10
21,204,2,0.007958702676,12
21,205,3,2.830706489e-17,11
21,206,3,3.129388803e-17,9
21,207,2,0.009347079413,11
21,208,4,0,8
21,209,2,0.008925192788,11
21,210,4,0,7
21,211,3,1.081292568e-17,9
21,212,2,0.009691421732,15
21,213,3,7.566914893e-18,9
21,214,2,0.007241170172,14
21,215,3,-4.040591313e-18,9
21,216,4,1.495648467e-17,6
21,217,2,0.004193149773,10
21,218,2,0.01523594744,16
21,219,3,2.950707559e-18,9
21,220,4,1.097764744e-17,7
21,221,3,3.080184694e-17,9
21,222,4,1.131907684e-17,8
21,223,3,6.469284268e-17,13
21,224,2,0.005827565849,13
21,225,4,1.268541024e-17,8
21,226,4,1.309469111e-17,10
21,227,3,4.50134747e-17,11
21,228,3,4.173036375e-17,12
21,229,4,0,9
21,230,3,2.243940526e-17,12
21,231,3,3.671455807e-17,11
21,232,3,2.115078611e-17,7
21,233,4,5.835799623e-18,11
21,234,2,0.01459029011,11
21,235,3,3.32225407e-18,12
21,236,2,0.008827238813,12
21,237,3,4.075862232e-17,15
21,238,3,4.136828293e-17,8
21,239,6,0,5
21,240,3,6.985112954e-18,12
21,241,4,1.9716553e-17,7
21,242,2,0.005247804373,12
21,243,3,3.277690022e-17,9
21,244,2,0.00529790116,12
21,245,2,0.008730577296,10
21,246,3,1.44172035e-18,10
21,247,2,0.005469075045,16
21,248,2,0.005753592934,12
21,249,2,0.01514840335,11
21,250,5,4.076280618e-18,7
21,251,2,0.002189797788,14
21,252,3,1.683913231e-17,8
21,253,2,0.01198650067,15
21,254,3,5.630004731e-18,11
21,255,3,2.593325358e-17,9
21,256,3,6.156665957e-18,8
21,257,2,0.002602643966,9
21,258,3,3.21841189e-17,11
21,259,4,4.390177396e-18,10
21,260,4,6.819246517e-18,7
21,261,2,0.01153676514,13
21,262,2,0.005145227591,9
21,263,2,0.01302740074,12
21,264,2,0.009143623727,13
21,265,3,4.078022433e-18,7
21,266,3,9.060319855e-18,10
21,267,3,5.965282522e-18,13
21,268,2,0.002950682994,13
21,269,2,0.004065245494,12
21,270,2,0.004363697928,12
21,271,4,-5.297774065e-18,8
21,272,2,0.01251250374,12
21,273,2,0.00277218633,10
21,274,2,0.01091807315,10
21,275,3,2.450253764e-17,8
21,276,3,1.518959805e-17,9
21,277,2,0.009156157715,15
21,278,2,0.03895274235,21
21,279,4,-2.347956214e-18,9
21,280,5,0,7
21,281,3,1.046825362e-17,9
21,282,3,1.965239601e-17,9
21,283,4,8.018451331e-18,10
21,284,2,0.004785255569,12
21,285,2,0.003851780569,11
21,286,3,3.256431852e-17,9
21,287,3,7.19017314e-17,8
21,288,3,9.628904867e-18,10
21,289,4,1.000996586e-17,9
21,290,2,0.003716757069,14
21,291,4,1.356767853e-18,8
21,292,3,2.635157896e-18,10
21,293,3,1.046956962e-17,9
21,294,4,-8.822086983e-18,8
21,295,4,-5.258550358e-18,9
21,296,2,0.002759540019,11
21,297,4,0,7
21,298,4,1.124333265e-17,8
21,299,4,0,12
21,300,3,3.428454371e-18,13
21,301,2,0.004680911534,8
21,302,5,9.711740432e-18,5
21,303,5,0,9
21,304,4,5.41863816e-18,10
21,305,4,4.546782964e-18,8
21,306,6,-1.288063049e-17,5
21,307,3,1.55299479e-17,8
21,308,3,2.092820796e-17,8
21,309,3,-3.939225817e-18,7
21,310,3,1.861874775e-17,10
21,311,2,0.009979699055,13
21,312,2,0.002060626479,12
21,313,4,7.282986316e-18,12
21,314,2,0.006163920995,16
21,315,3,1.974825033e-17,14
21,316,2,0.007295019173,11
21,317,4,-2.005105107e-18,8
21,318,3,1.982648049e-17,12
21,319,3,1.369438515e-17,8
21,320,6,-5.639379034e-33,5
21,321,3,8.460252551e-19,9
21,322,3,1.930026063e-17,11
21,323,3,1.032047866e-17,9
21,324,3,1.968148975e-17,9
21,325,2,0.004874208942,11
21,326,6,-2.831666087e-18,4
21,327,5,0,6
21,328,3,0,7
21,329,5,0,5
21,330,3,4.987393931e-17,9
21,331,3,1.725649994e-17,8
21,332,3,1.961729957e-17,10
21,333,3,3.889994074e-17,9
21,334,2,0.008732557333,9
21,335,4,6.239235185e-18,7
21,336,3,4.225555746e-18,10
21,337,2,0.01495960017,16
21,338,4,1.117112013e-18,9
21,339,4,-6.700036553e-18,7
21,340,3,0,10
21,341,4,1.830458424e-17,7
21,342,4,1.525666434e-17,10
21,343,4,0,8
21,344,2,0.007555283049,13
21,345,4,5.854984501e-18,7
21,346,4,9.877021366e-18,7
21,347,2,0.005568719057,9
21,348,3,2.412133297e-17,10
21,349,3,6.164150293e-17,10
21,350,2,0.005557644755,10
21,351,3,1.242222904e-17,9
21,352,4,0,9
21,353,3,5.049674552e-18,9
21,354,2,0.006352452686,17
21,355,2,0.00693519184,11
21,356,4,0,9
21,357,2,0.005283506915,11
21,358,2,0.005207613659,12
21,359,4,4.102645374e-18,7
21,360,3,2.33144141e-17,8
21,361,4,-8.869761106e-18,7
21,362,3,2.727783486e-17,8
21,363,4,1.340868352e-17,7
21,364,3,6.706974598e-18,10
21,365,3,1.057695209e-17,9
21,366,3,7.461102832e-17,12
21,367,3,5.74501742e-17,9
21,368,4,1.452550137e-17,7
21,369,3,8.828588001e-17,9
21,370,2,0.002238480355,11
21,371,3,2.421694412e-17,9
21,372,2,0.01234550998,16
21,373,4,1.17830349e-17,10
21,374,4,4.483600202e-18,9
21,375,3,9.946221708e-18,9
21,376,4,-1.302157272e-17,8
21,377,2,0.006665634421,15
21,378,3,6.67822157e-17,10
21,379,2,0.005138803742,15
21,380,3,8.185012035e-19,8
21,381,3,1.199729008e-17,9
21,382,2,0.0033881591,9
21,383,3,1.294855166e-17,9
21,384,3,5.926498049e-17,9
21,385,2,0.02009006258,14
21,386,3,7.188212712e-18,8
21,387,2,0.005725915146,9
21,388,4,5.097669171e-18,10
21,389,4,0,8
21,390,3,8.510889952e-18,14
21,391,2,0.0062300981,12
21,392,3,8.88971061e-18,11
21,393,3,0,15
21,394,3,1.686393789e-17,8
21,395,2,0.003825858851,10
21,396,4,-5.737731099e-19,9
21,397,2,0.008326755215,10
21,398,3,3.597597412e-17,9
21,399,3,3.760399336e-17,11
21,400,3,1.150962135e-17,12
21,401,2,0.005607322803,11
21,402,3,1.31442186e-17,8
21,403,5,0,8
21,404,2,0.002106269298,13
21,405,2,0.002622864864,10
21,406,4,7.845000633e-18,11
21,407,4,2.597615519e-17,8
21,408,4,5.860326032e-18,6
21,409,2,0.005049346837,11
21,410,3,1.971624286e-17,11
21,411,4,1.023817098e-17,7
21,412,6,-6.433247208e-18,5
21,413,2,0.01400933774,13
21,414,3,0,10
21,415,2,0.003043637321,11
21,416,2,0.007830842367,11
21,417,3,1.774638835e-18,9
21,418,3,1.242880484e-17,9
21,419,3,2.212600205e-17,8
21,420,2,0.009779858574,15
21,421,2,0.007211733653,11
21,422,3,2.263043151e-17,12
21,423,4,2.289473985e-18,6
21,424,4,0,7
21,425,4,5.571441079e-18,7
21,426,3,7.554193604e-17,12
21,427,3,1.36593506e-17,9
21,428,4,0,9
21,429,3,2.261947351e-17,10
21,430,3,5.074870166e-17,8
21,431,3,0,9
21,432,3,4.414196619e-17,9
21,433,3,2.335005275e-17,11
21,434,3,1.729125311e-17,8
21,435,3,2.580833833e-18,10
21,436,3,2.414882299e-17,10
21,437,3,3.135114075e-17,9
21,438,2,0.005415162537,9
21,439,5,-8.880070452e-34,6
21,440,3,1.236348943e-18,11
21,441,2,0.01800921022,12
21,442,2,0.008702815471,21
21,443,5,0,8
21,444,5,-2.231437235e-18,8
21,445,4,1.741685773e-33,7
21,446,3,1.971725868e-17,9
21,447,3,2.814368511e-17,10
21,448,3,6.626818752e-18,9
21,449,3,9.415936121e-18,10
21,450,4,5.454043626e-18,8
21,451,3,1.542965075e-17,10
21,452,4,1.077813589e-17,7
21,453,3,2.067797053e-17,10
21,454,3,3.037485809e-17,9
21,455,2,0.005317297181,10
21,456,2,0.006379008771,11
21,457,3,0,12
21,458,3,3.557462514e-17,9
21,459,3,3.479701157e-18,8
21,460,5,0,6
21,461,3,1.299847901e-17,11
21,462,2,0.002798260624,10
21,463,3,2.219920884e-17,9
21,464,3,1.934694234e-17,8
21,465,2,0.00996442298,11
21,466,4,1.202921787e-17,9
21,467,2,0.006544438391,12
21,468,2,0.009291798799,14
21,469,3,4.089634846e-19,8
21,470,3,2.823785391e-17,9
21,471,4,2.845864321e-18,11
21,472,4,1.280140146e-17,8
21,473,4,7.108262778e-18,7
21,474,3,4.580950952e-18,12
21,475,3,3.217697531e-17,8
21,476,5,1.246706267e-17,8
21,477,4,7.183895268e-18,7
21,478,3,9.744313195e-18,13
21,479,3,3.00394766e-17,8
21,480,2,0.0073061024,12
21,481,4,-4.467459366e-18,11
21,482,3,1.22107414e-17,9
21,483,5,-6.590192808e-18,7
21,484,3,1.441197639e-17,9
21,485,3,1.351335632e-17,13
21,486,2,0.008601724492,18
21,487,3,5.023035778e-18,10
21,488,5,0,7
21,489,3,3.195196075e-17,9
21,490,3,2.010800574e-17,8
21,491,2,0.00321378239,13
21,492,2,0.0104436475,12
21,493,2,0.009338690577,10
21,494,4,2.566961514e-18,7
21,495,5,1.608083877e-18,6
21,496,3,4.696534727e-17,10
21,497,4,1.355226556e-17,6
21,498,2,0.004540869903,17
21,499,3,6.570624794e-18,11
21,500,3,6.790680332e-18,14
21,501,3,3.540870908e-17,8
21,502,2,0.01377419495,15
21,503,4,8.316852175e-18,6
21,504,4,1.274373308e-17,7
21,505,2,0.002118475751,13
21,506,3,4.995034198e-18,10
21,507,2,0.006674770713,10
21,508,2,0.01466787326,10
21,509,4,6.219095772e-18,6
21,510,3,-3.264562405e-18,8
21,511,3,5.046784643e-17,12
21,512,4,8.992693998e-18,9
21,513,5,-2.967986898e-17,5
21,514,2,0.002296324379,12
21,515,3,-3.649922203e-18,11
21,516,4,-3.783783427e-18,10
21,517,3,4.011171726e-17,10
21,518,2,0.01051191237,15
21,519,4,4.459983336e-18,9
21,520,2,0.004945934246,10
21,521,2,0.01049105337,13
21,522,4,6.320407952e-18,11
21,523,3,4.356499248e-18,9
21,524,4,1.070856472e-17,9
21,525,2,0.009851451413,12
21,526,3,7.688017969e-18,9
21,527,3,3.59952145e-17,8
21,528,4,1.139642009e-17,6
21,529,3,2.017472193e-17,10
21,530,2,0.00766058085,12
21,531,3,2.304235285e-17,10
21,532,4,1.043149426e-17,8
21,533,3,3.238850751e-17,14
21,534,3,2.390684575e-17,10
21,535,3,6.690223632e-18,11
21,536,3,3.103401507e-17,13
21,537,2,0.01349872387,10
21,538,3,6.388395811e-18,12
21,539,3,7.892675961e-18,10
21,540,2,0.005482504088,12
21,541,3,4.901233066e-18,13
21,542,2,0.00694339844,12
21,543,2,0.00438249706,12
21,544,3,3.976092825e-18,14
21,545,2,0.006882750834,10
21,546,2,0.006917611914,9
21,547,3,3.026117312e-18,13
21,548,3,1.331532389e-17,8
21,549,3,-6.129334622e-18,9
21,550,3,1.693262917e-17,9
21,551,5,-2.276213458e-18,6
21,552,3,3.84064702e-17,8
21,553,3,3.435614378e-17,9
21,554,4,-4.644238502e-18,6
21,555,4,7.532165429e-18,6
21,556,2,0.002321296882,10
21,557,3,-1.001393957e-18,9
21,558,2,0.01408424575,13
21,559,2,0.01141945336,13
21,560,2,0.01451146026,14
21,561,3,4.585029325e-17,10
21,562,3,4.015689033e-17,9
21,563,6,0,4
21,564,2,0.003899224309,12
21,565,3,3.907370064e-17,10
21,566,3,8.264450405e-18,9
21,567,2,0.003997678104,15
21,568,3,1.157887347e-17,9
21,569,3,1.352374028e-17,10
21,570,2,0.007928221891,12
21,571,4,1.135861145e-18,9
21,572,2,0.006768769367,9
21,573,2,0.002750904073,12
21,574,4,-7.895842334e-18,10
21,575,2,0.01252272044,14
21,576,3,1.220321526e-17,8
21,577,6,0,5
21,578,3,1.376036069e-17,9
21,579,2,0.005282631476,11
21,580,4,4.364277301e-19,7
21,581,4,6.37513288e-18,7
21,582,4,7.58431439e-18,7
21,583,3,5.185823921e-17,8
21,584,2,0.003121931934,9
21,585,2,0.007441038896,10
21,586,2,0.01152652657,14
21,587,3,6.835398969e-18,8
21,588,5,-5.594084115e-18,6
21,589,4,1.502262014e-17,7
21,590,3,1.684415862e-17,7
21,591,4,5.108376694e-18,9
21,592,2,0.01500790342,14
21,593,3,2.34861579e-17,9
21,594,2,0.01674303201,16
21,595,2,0.005018550602,11
21,596,3,3.147045835e-17,7
21,597,2,0.01053298879,10
21,598,3,1.631250351e-17,10
21,599,2,0.01028332412,11
21,600,3,4.778775618e-17,8
21,601,3,1.861485334e-17,10
21,602,4,1.18177945e-17,7
21,603,2,0.006251413563,12
21,604,3,1.706492937e-17,8
21,605,4,1.380000609e-18,13
21,606,4,6.863056922e-18,10
21,607,3,3.733784226e-17,13
21,608,3,2.2662655e-17,9
21,609,3,6.119505919e-17,11
21,610,3,4.608189556e-18,10
21,611,3,2.875920828e-17,8
21,612,3,1.437490461e-18,12
21,613,4,1.297898979e-17,7
21,614,4,1.873122493e-18,13
21,615,3,2.614588761e-17,10
21,616,5,-3.9113974e-18,6
21,617,4,1.884586777e-18,8
21,618,3,-1.175461203e-18,10
21,619,3,2.974724308e-18,8
21,620,4,-9.042584024e-18,8
21,621,2,0.01150981703,13
21,622,3,1.763809507e-17,8
21,623,3,9.625499284e-18,11
21,624,4,7.290905576e-19,8
21,625,3,3.266595057e-17,7
21,626,3,2.472785148e-17,11
21,627,3,4.044156788e-17,9
21,628,3,2.213006994e-17,8
21,629,4,-4.77697824e-18,7
21,630,3,1.130027908e-17,13
21,631,2,0.009857292297,14
21,632,3,0,15
21,633,2,0.01448250384,17
21,634,3,1.482273854e-18,11
21,635,3,8.672011909e-18,10
21,636,5,8.045335539e-35,9
21,637,4,-2.366253229e-19,7
21,638,4,-1.526462515e-18,7
21,639,2,0.002454499587,12
21,640,2,0.01379016727,15
21,641,3,0,9
21,642,2,0.01206466564,13
21,643,4,1.551496027e-17,8
21,644,3,2.977508679e-17,8
21,645,3,2.2079817e-19,15
21,646,2,0.003139123706,10
21,647,3,2.001371297e-17,10
21,648,3,1.054624828e-17,10
21,649,3,1.18400447e-17,12
21,650,3,1.61179813e-17,12
21,651,2,0.004228479444,10
21,652,3,1.146596881e-17,9
21,653,3,3.012385312e-17,10
21,654,3,0,10
21,655,2,0.01295573462,10
21,656,3,3.643582768e-17,14
21,657,2,0.009985275347,11
21,658,2,0.009309885038,12
21,659,2,0.007069381215,11
21,660,3,1.437881321e-17,10
21,661,4,-2.815910556e-19,7
21,662,2,0.007241409202,11
21,663,4,-3.571763366e-18,8
21,664,6,0,4
21,665,3,1.91141131e-17,9
21,666,2,0.006306882504,9
21,667,3,1.595070077e-17,8
21,668,2,0.00559726908,11
21,669,4,1.983387371e-17,9
21,670,2,0.008738429112,11
21,671,3,2.95856807e-17,11
21,672,2,0.006258923908,15
21,673,2,0.003353820905,10
21,674,3,6.117896535e-18,8
21,675,3,0,11
21,676,3,1.467263407e-17,12
21,677,2,0.002932784582,11
21,678,4,4.806045281e-19,9
21,679,4,5.341224307e-18,7
21,680,4,1.324059824e-17,8
21,681,2,0.006127122547,10
21,682,4,1.79679038e-17,7
21,683,2,0.004355623027,10
21,684,3,2.367817737e-17,10
21,685,2,0.006232147687,12
21,686,3,1.557867863e-17,9
21,687,2,0.008316894416,13
21,688,4,7.053797406e-18,9
21,689,3,3.625163156e-17,13
21,690,4,4.843948672e-18,7
21,691,2,0.01248835196,12
21,692,3,-3.610342649e-18,8
21,693,3,0,9
21,694,3,4.782085661e-17,8
21,695,3,-3.75754609e-19,11
21,696,5,4.622792407e-18,5
21,697,3,3.689319886e-18,8
21,698,3,-1.535496581e-18,8
21,699,3,7.468693948e-17,8
21,700,2,0.006552161104,14
21,701,4,3.135354529e-18,7
21,702,3,3.196401343e-17,10
21,703,6,-2.020610117e-19,5
21,704,3,4.529965502e-18,9
21,705,3,1.340057916e-17,10
21,706,2,0.01102568323,13
21,707,4,1.154655578e-17,7
21,708,5,1.1556574e-18,6
21,709,3,2.284498488e-17,8
21,710,2,0.01005391594,22
21,711,5,7.383888869e-19,5
21,712,2,0.002544443968,11
21,713,3,3.659250852e-17,9
21,714,3,1.921081116e-17,10
21,715,2,0.008763872819,11
21,716,3,8.658734662e-18,11
21,717,2,0.01996863585,16
21,718,3,1.47318602e-17,11
21,719,4,-6.124032223e-19,10
21,720,3,8.883158075e-18,9
21,721,5,-1.459743997e-18,6
21,722,3,-3.803821331e-19,10
21,723,2,0.01191958014,11
21,724,2,0.006302445,13
21,725,2,0.006015828831,10
21,726,4,8.950063488e-18,6
21,727,6,-1.267114486e-17,4
21,728,2,0.005864280291,12
21,729,3,1.133487271e-17,8
21,730,5,7.939964705e-18,6
21,731,2,0.01002044442,15
21,732,3,8.928839224e-18,10
21,733,2,0.003693080834,10
21,734,2,0.005519315461,11
21,735,2,0.005308881342,11
21,736,4,-1.663325978e-18,7
21,737,2,0.008290940622,16
21,738,2,0.007879108127,10
21,739,3,-5.323718663e-19,9
21,740,2,0.006437375931,12
21,741,3,-1.019242417e-17,12
21,742,3,2.924038774e-18,9
21,743,2,0.007200743094,11
21,744,2,0.008488626086,14
21,745,4,1.333094808e-17,7
21,746,2,0.005344302822,9
21,747,3,1.126922978e-18,9
21,748,4,5.798195973e-19,8
21,749,2,0.00776299309,15
21,750,2,0.008678612681,12
21,751,3,5.024609281e-17,8
21,752,3,3.590766707e-17,11
21,753,2,0.005349471272,9
21,754,2,0.00295075548,10
21,755,3,1.7855186e-17,9
21,756,3,5.46246216e-18,9
21,757,4,2.02478566e-18,9
21,758,3,2.306130005e-17,8
21,759,3,6.185634179e-18,11
21,760,4,1.144126234e-17,7
21,761,3,2.38229216e-17,11
21,762,3,2.597255965e-17,8
21,763,5,-1.01247206e-17,6
21,764,4,3.089204411e-18,10
21,765,3,6.303474865e-17,11
21,766,3,7.211411757e-17,10
21,767,3,0,11
21,768,4,0,8
21,769,4,1.05426396e-18,7
21,770,2,0.005732229821,9
21,771,2,0.002959537131,10
21,772,3,4.783798379e-17,7
21,773,2,0.005155340984,11
21,774,4,0,9
21,775,4,7.257864606e-18,10
21,776,3,2.13377384e-17,14
21,777,3,1.121820605e-17,11
21,778,3,0,17
21,779,2,0.01091794709,13
21,780,2,0.008200193775,10
21,781,4,1.253587933e-17,8
21,782,2,0.006232805118,13
21,783,3,-1.538911445e-17,13
21,784,4,3.525489303e-18,7
21,785,2,0.00853870703,11
21,786,3,2.727934444e-17,12
21,787,3,-8.100552071e-18,12
21,788,2,0.007727937386,13
21,789,4,5.397653407e-18,7
21,790,5,-4.790896031e-18,8
21,791,2,0.002216015358,11
21,792,2,0.01058196308,13
21,793,4,8.697496939e-18,10
21,794,3,2.126246144e-17,15
21,795,3,2.084541598e-17,10
21,796,2,0.003489766003,9
21,797,2,0.02371863835,15
21,798,4,1.157186051e-17,8
21,799,3,1.68959021e-17,10
21,800,3,0,12
21,801,2,0.007438176816,13
21,802,3,2.610952698e-17,9
21,803,3,4.842574692e-18,9
21,804,3,3.008057954e-17,9
21,805,3,3.953866056e-17,12
21,806,3,2.590996276e-17,13
21,807,4,6.876208507e-18,8
21,808,4,6.969793223e-18,8
21,809,2,0.01199660767,13
21,810,4,4.991087698e-18,9
21,811,2,0.002549767486,11
21,812,2,0.01275501775,14
21,813,3,2.661262776e-17,10
21,814,3,2.09018704e-17,15
21,815,5,0,7
21,816,2,0.001064117499,9
21,817,4,1.052897756e-17,8
21,818,2,0.01195245275,8
21,819,2,0.00587585526,14
21,820,2,0.006339915032,12
21,821,2,0.01091310759,12
21,822,3,2.418846686e-17,9
21,823,2,0.01333290517,9
21,824,3,1.218727499e-17,8
21,825,3,2.173143768e-17,10
21,826,2,0.007757928061,14
21,827,2,0.01113834692,16
21,828,2,0.002707419462,10
21,829,2,0.008933662737,12
21,830,2,0.007762373427,11
21,831,2,0.005355311004,12
21,832,2,0.005260087618,14
21,833,2,0.003912055033,12
21,834,3,3.394744178e-19,9
21,835,2,0.009082354003,11
21,836,2,0.003663217717,11
21,837,2,0.003627402006,11
21,838,2,0.007169997047,11
21,839,4,2.367054757e-18,8
21,840,3,4.34317983e-17,14
21,841,2,0.008108090328,17
21,842,3,1.588561599e-17,8
21,843,4,3.707684811e-18,10
21,844,2,0.003976840052,11
21,845,3,6.946981444e-18,8
21,846,4,-3.078369075e-18,7
21,847,3,2.795781546e-17,18
21,848,4,3.232740378e-18,9
21,849,4,-9.466837884e-18,9
21,850,3,3.925064646e-17,10
21,851,2,0.005005188417,11
21,852,3,2.402611295e-17,14
21,853,3,2.245957172e-17,11
21,854,3,-4.225495527e-18,8
21,855,2,0.006628736221,9
21,856,3,2.913854998e-17,10
21,857,3,5.895142631e-18,9
21,858,4,2.276758799e-18,10
21,859,2,0.008253160561,13
21,860,3,5.97604135e-17,8
21,861,3,7.056442686e-18,13
21,862,3,6.414536119e-18,8
21,863,4,-5.39440556e-18,11
21,864,4,1.523020653e-17,9
21,865,3,1.820667783e-17,9
21,866,5,-7.341368587e-18,6
21,867,2,0.005277485092,10
21,868,3,2.206118566e-18,8
21,869,5,5.700355441e-18,6
21,870,2,0.01185229698,13
21,871,2,0.006578049297,11
21,872,4,-5.416091243e-18,11
21,873,3,4.52178905e-18,10
21,874,3,0,12
21,875,3,3.013784091e-17,13
21,876,4,-2.85147111e-18,8
21,877,2,0.004120663704,10
21,878,3,7.63645269e-18,8
21,879,4,2.779817402e-17,7
21,880,3,2.643432699e-17,8
21,881,2,0.009326142107,17
21,882,4,5.001719237e-18,9
21,883,3,0,10
21,884,3,-3.517806408e-19,8
21,885,3,1.044100117e-17,8
21,886,5,-1.15744476e-17,6
21,887,5,0,9
21,888,4,-1.949957756e-18,9
21,889,3,3.228882875e-17,13
21,890,3,3.676878956e-17,10
21,891,2,0.006219330991,12
21,892,5,1.309198689e-18,7
21,893,2,0.0104699309,11
21,894,4,0,8
21,895,2,0.01187512084,16
21,896,3,7.700963037e-18,8
21,897,3,2.399336292e-17,9
21,898,3,4.5004578e-17,12
21,899,2,0.007598336096,10
21,900,2,0.01161609078,10
21,901,2,0.004867586616,11
21,902,2,0.002206924771,9
21,903,2,0.01029759938,11
21,904,3,1.235198886e-17,11
21,905,3,-2.852749488e-18,12
21,906,3,7.192308846e-18,10
21,907,5,1.797155073e-19,7
21,908,3,1.012214649e-17,8
21,909,3,3.32894001e-17,9
21,910,3,-1.022645156e-19,10
21,911,2,0.0035371926,11
21,912,3,2.484902961e-17,10
21,913,3,1.872959486e-17,13
21,914,3,7.373027758e-18,12
21,915,4,3.103264842e-18,7
21,916,3,2.883144234e-17,20
21,917,2,0.01697572885,14
21,918,4,-4.509841672e-35,10
21,919,2,0.01424153487,15
21,920,3,7.85039585e-18,8
21,921,2,0.002648886475,10
21,922,4,1.243724968e-17,7
21,923,4,4.704706265e-18,7
21,924,4,0,9
21,925,2,0.003998219602,12
21,926,2,0.01015625688,14
21,927,3,2.850557048e-17,11
21,928,3,4.519834905e-17,10
21,929,2,0.01041541093,15
21,930,3,-2.161926536e-18,11
21,931,4,7.303535218e-18,6
21,932,2,0.005339219956,12
21,933,3,6.598788164e-17,11
21,934,3,6.146325364e-18,14
21,935,3,4.73035199e-17,12
21,936,4,7.492052527e-18,8
21,937,2,0.003467587986,9
21,938,5,-4.19943852e-19,6
21,939,4,1.424986375e-21,8
21,940,4,4.477380872e-19,8
21,941,4,0,10
21,942,3,2.456673974e-17,13
21,943,3,3.476776533e-17,10
21,944,4,-9.286870448e-20,13
21,945,3,2.278890869e-17,8
21,946,3,3.113747878e-17,12
21,947,3,2.702145551e-17,14
21,948,2,0.006494741176,10
21,949,3,1.085643015e-17,8
21,950,2,0.002514574238,10
21,951,3,2.258803207e-17,9
21,952,2,0.01292316502,11
21,953,3,4.30343971e-18,12
21,954,3,1.665287058e-17,10
21,955,2,0.01117504341,10
21,956,3,1.151145296e-17,10
21,957,3,1.108235677e-17,9
21,958,3,1.455689372e-17,8
21,959,2,0.002436028144,12
21,960,3,-8.174335463e-19,9
21,961,4,1.480027433e-34,7
21,962,4,4.92180461e-18,7
21,963,2,0.00576589737,10
21,964,3,2.878319972e-17,9
21,965,3,1.517929225e-17,8
21,966,2,0.005837353021,10
21,967,4,7.912098283e-18,8
21,968,4,1.362863277e-17,6
21,969,4,5.073052416e-18,7
21,970,4,6.097932621e-18,7
21,971,3,1.325141576e-17,12
21,972,4,0,9
21,973,4,1.004893811e-17,10
21,974,2,0.004799889578,9
21,975,3,2.651439407e-17,13
21,976,3,1.340491607e-17,9
21,977,3,3.03428702e-17,12
21,978,4,-5.223848615e-18,7
21,979,3,1.814876672e-17,10
21,980,2,0.01701115085,12
21,981,3,2.550211889e-17,11
21,982,4,0,10
21,983,3,5.247484862e-17,9
21,984,4,0,11
21,985,3,1.17558868e-17,7
21,986,2,0.01341504325,12
21,987,2,0.01106356392,9
21,988,3,5.516976188e-18,15
21,989,6,0,4
21,990,4,6.071782695e-18,7
21,991,2,0.008490919797,10
21,992,2,0.00792621215,14
21,993,3,2.832688324e-19,14
21,994,3,0,10
21,995,3,2.344878042e-17,11
21,996,3,5.499862647e-17,10
21,997,2,0.003228526305,10
21,998,3,4.096616086e-18,7
21,999,3,3.464616697e-17,10
24,0,2,0.00482409939,11
24,1,3,5.686664382e-17,11
24,2,2,0.01954558326,15
24,3,2,0.008442493896,13
24,4,3,1.604241849e-17,12
24,5,2,0.01580049993,12
24,6,2,0.01578682629,12
24,7,2,0.0110282039,15
24,8,3,1.034222497e-17,10
24,9,2,0.006544148768,12
24,10,2,0.006168752046,10
24,11,2,0.002010897977,10
24,12,3,1.91498643e-18,11
24,13,3,2.884014215e-17,14
24,14,2,0.003765478031,17
24,15,3,1.070557188e-17,12
24,16,2,0.003821695041,18
24,17,2,0.009122953169,14
24,18,2,0.008641561224,12
24,19,2,0.009238566576,14
24,20,2,0.01112429004,13
24,21,2,0.001519835066,10
24,22,2,0.01342213868,18
24,23,2,0.02155768041,17
24,24,3,1.272807971e-17,11
24,25,2,0.006899673654,15
24,26,2,0.005717446853,10
24,27,3,3.951750185e-17,12
24,28,2,0.01501411397,16
24,29,2,0.006658363089,12
24,30,2,0.02317302228,17
24,31,2,0.01081454374,14
24,32,4,-8.402795942e-18,9
24,33,3,1.142129142e-17,16
24,34,2,0.00795760564,12
24,35,2,0.03131775843,16
24,36,2,0.006219819815,14
24,37,2,0.006317224104,18
24,38,2,0.01276363107,12
24,39,2,0.004515448803,10
24,40,2,0.0157051559,17
24,41,3,4.074740048e-17,14
24,42,2,0.003595548151,15
24,43,2,0.01037697948,11
24,44,3,7.305249153e-18,9
24,45,2,0.006223888975,14
24,46,4,-1.598156722e-18,7
24,47,2,0.01135265478,12
24,48,3,2.003614892e-17,14
24,49,2,0.00168955759,12
24,50,2,0.0116956929,16
24,51,3,6.530237612e-19,11
24,52,2,0.02356056515,17
24,53,2,0.02073714742,16
24,54,3,5.800147441e-18,9
24,55,2,0.00862604042,15
24,56,4,8.542957148e-18,10
24,57,2,0.0236997595,16
24,58,3,3.485332329e-17,8
24,59,2,0.009900607205,12
24,60,2,0.01080599567,12
24,61,2,0.01234267496,16
24,62,3,0,18
24,63,2,0.003730497579,9
24,64,3,4.237108379e-17,15
24,65,2,0.0137473759,13
24,66,2,0.01169210407,11
24,67,3,2.24666947e-17,7
24,68,3,1.799535856e-17,16
24,69,2,0.003554658423,11
24,70,2,0.004643419762,10
24,71,2,0.01169002732,17
24,72,2,0.01578427222,13
24,73,3,1.542099842e-17,9
24,74,2,0.02070589677,15
24,75,2,0.007585573162,11
24,76,2,0.005234221306,10
24,77,2,0.01609857786,16
24,78,2,0.005610388554,14
24,79,2,0.01697620497,14
24,80,2,0.01258971434,17
24,81,3,8.391282418e-18,11
24,82,2,0.01074113874,15
24,83,2,0.008670300625,9
24,84,3,6.793143064e-19,9
24,85,2,0.01042427556,14
24,86,2,0.002294945086,9
24,87,2,0.009752395002,15
24,88,3,2.139228459e-17,17
24,89,2,0.004535085447,13
24,90,2,0.005819532785,14
24,91,3,2.727874992e-17,9
24,92,2,0.006907334667,14
24,93,2,0.01475807324,15
24,94,2,0.007310987186,13
24,95,2,0.008912460164,13
24,96,2,0.02429698828,20
24,97,2,0.008744942749,12
24,98,3,1.038575509e-17,11
24,99,2,0.006701875873,12
24,100,4,2.244693774e-17,13
24,101,3,5.076936736e-18,13
24,102,3,1.862229291e-17,13
24,103,2,0.01681906526,18
24,104,3,1.67858978e-17,11
24,105,2,0.004962230118,14
24,106,2,0.005893151679,15
24,107,2,0.003517832667,11
24,108,2,0.01066923792,19
24,109,2,0.004781738382,14
24,110,2,0.006225418267,14
24,111,2,0.01125731021,11
24,112,2,0.001457204886,9
24,113,2,0.01038688413,11
24,114,3,1.876961152e-17,11
24,115,2,0.0108478248,12
24,116,2,0.008501290885,14
24,117,3,4.915282516e-18,14
24,118,4,0,7
24,119,2,0.004298623363,12
24,120,3,3.012913062e-17,10
24,121,3,0,11
24,122,3,2.359946749e-17,14
24,123,2,0.007588670474,9
24,124,3,2.503180038e-17,18
24,125,3,5.620139027e-18,10
24,126,3,4.322524873e-17,12
24,127,3,1.286609604e-17,9
24,128,2,0.01215946406,18
24,129,2,0.01439830067,17
24,130,2,0.005332755529,14
24,131,2,0.01020887769,15
24,132,2,0.007266819548,14
24,133,2,0.004555174043,10
24,134,2,0.02354139567,14
24,135,3,2.358321406e-17,9
24,136,2,0.006029327753,10
24,137,3,2.125156892e-17,11
24,138,3,9.073942682e-18,9
24,139,2,0.007256906754,15
24,140,2,0.02771638111,17
24,141,2,0.01814876546,13
24,142,2,0.009213588222,14
24,143,2,0.01119545858,11
24,144,3,3.287721203e-17,11
24,145,3,1.292139511e-17,11
24,146,2,0.003483689517,15
24,147,3,4.911014729e-17,15
24,148,3,1.685498884e-17,17
24,149,2,0.0158233769,15
24,150,2,0.007411433544,17
24,151,2,0.02317676838,16
24,152,2,0.009754580105,16
24,153,2,0.007170014694,15
24,154,3,2.466068706e-17,10
24,155,2,0.02064603329,18
24,156,2,0.003124143494,12
24,157,3,1.808855347e-17,13
24,158,2,0.02294389498,16
24,159,2,0.00905194391,13
24,160,2,0.01993665102,18
24,161,2,0.008698997106,11
24,162,2,0.008389312364,14
24,163,2,0.02523786437,13
24,164,2,0.006744920425,11
24,165,2,0.01353569148,15
24,166,3,2.091128822e-17,16
24,167,3,3.064216489e-17,10
24,168,3,3.617112156e-17,10
24,169,2,0.01771944952,17
24,170,2,0.009500462599,14
24,171,2,0.01627237609,18
24,172,2,0.02055238575,17
24,173,2,0.01798518731,13
24,174,3,3.827377134e-17,12
24,175,3,1.335625765e-17,11
24,176,2,0.00507865291,17
24,177,2,0.01309373645,16
24,178,2,0.002298026634,12
24,179,2,0.01516303882,16
24,180,2,0.01436680448,15
24,181,2,0.01239191011,21
24,182,2,0.02923726118,15
24,183,3,1.647897529e-17,10
24,184,3,2.059648201e-17,17
24,185,2,0.00807961328,13
24,186,3,1.382158906e-17,12
24,187,2,0.008143735982,16
24,188,2,0.008177322051,12
24,189,3,0,16
24,190,3,5.213517244e-17,11
24,191,2,0.01419350538,16
24,192,2,0.005411093886,9
24,193,2,0.01265870063,19
24,194,3,2.16167748e-18,16
24,195,3,2.866691788e-17,11
24,196,2,0.01970814853,13
24,197,2,0.008631901725,15
24,198,3,2.445783168e-17,14
24,199,2,0.007994858699,11
24,200,2,0.002783296927,10
24,201,2,0.01931433506,12
24,202,3,6.123744028e-18,8
24,203,2,0.009402027449,11
24,204,2,0.008260308784,17
24,205,2,0.008802311745,14
24,206,3,2.146634189e-17,10
24,207,2,0.008215467536,13
24,208,3,4.410493169e-17,10
24,209,2,0.007985909233,14
24,210,4,1.995685283e-18,12
24,211,2,0.01086578061,14
24,212,2,0.0189823232,18
24,213,2,0.01435417141,15
24,214,2,0.008672854125,17
24,215,3,-2.834253853e-19,10
24,216,3,1.155686512e-17,10
24,217,2,0.006379709924,11
24,218,2,0.01523594744,16
24,219,2,0.01124404649,12
24,220,3,1.892074635e-17,10
24,221,2,0.005632261109,15
24,222,3,1.984756363e-17,11
24,223,2,0.004642566423,14
24,224,2,0.0178348095,15
24,225,2,0.00359461592,12
24,226,3,1.157548733e-17,12
24,227,2,0.007866130638,15
24,228,3,3.431065931e-17,13
24,229,3,5.842327822e-18,13
24,230,2,0.009840213565,15
24,231,3,3.159542378e-17,12
24,232,2,0.008039202533,12
24,233,3,4.339574814e-17,14
24,234,2,0.02704377809,15
24,235,2,0.007259609382,15
24,236,2,0.009930382616,13
24,237,3,4.075862232e-17,15
24,238,2,0.00946048859,11
24,239,3,3.168762888e-17,9
24,240,2,0.01519184653,16
24,241,3,1.761730908e-17,9
24,242,2,0.01167534588,13
24,243,2,0.0124278328,13
24,244,2,0.009720019787,15
24,245,2,0.009451204792,13
24,246,3,0,14
24,247,2,0.009507648715,19
24,248,2,0.007234737191,14
24,249,2,0.01660086939,14
24,250,3,3.933498165e-18,10
24,251,2,0.008864831584,15
24,252,2,0.01187195925,12
24,253,2,0.02293329746,19
24,254,3,4.244179767e-17,13
24,255,3,7.677869065e-18,10
24,256,2,0.0109279032,12
24,257,2,0.005960537689,10
24,258,3,1.054702122e-17,14
24,259,3,1.894204793e-17,12
24,260,2,0.004272092384,11
24,261,2,0.01064548945,18
24,262,2,0.010561252,12
24,263,2,0.01302740074,12
24,264,2,0.01913288168,15
24,265,2,0.002322134554,9
24,266,2,0.01169252146,13
24,267,2,0.01695608521,17
24,268,2,0.002870721419,14
24,269,2,0.005371892242,14
24,270,2,0.01687744089,15
24,271,3,1.751421216e-17,11
24,272,2,0.01236192698,14
24,273,2,0.01605510368,16
24,274,2,0.01273232078,13
24,275,3,4.604656946e-17,14
24,276,2,0.00541195642,10
24,277,2,0.01557916401,17
24,278,2,0.03691977725,25
24,279,3,3.161327319e-17,13
24,280,3,0,12
24,281,2,0.01146145651,11
24,282,2,0.01042603603,12
24,283,3,4.801926361e-18,12
24,284,2,0.01031879795,14
24,285,2,0.003261395375,14
24,286,3,1.320134134e-17,12
24,287,2,0.0258867902,12
24,288,3,1.660351757e-17,16
24,289,3,1.292699249e-17,13
24,290,2,0.005730806036,16
24,291,3,1.144846763e-17,10
24,292,2,0.01359546644,12
24,293,2,0.009337781538,13
24,294,3,4.979807289e-17,9
24,295,3,6.21486196e-17,12
24,296,2,0.006703780812,16
24,297,3,2.129330704e-17,11
24,298,2,0.001755443154,11
24,299,3,8.682944799e-18,17
24,300,2,0.009774751823,17
24,301,2,0.007558739053,10
24,302,2,0.006950277218,8
24,303,3,5.348146069e-17,11
24,304,3,1.993859983e-17,14
24,305,3,3.450873525e-17,13
24,306,4,3.163364778e-18,8
24,307,2,0.006345030644,13
24,308,2,0.01503010276,10
24,309,3,6.803479353e-18,12
24,310,2,0.005071977249,12
24,311,2,0.01659615153,17
24,312,2,0.00546318455,14
24,313,3,3.400911785e-17,17
24,314,2,0.01394401353,18
24,315,3,1.974825033e-17,14
24,316,2,0.02042368693,17
24,317,2,0.008708424723,11
24,318,3,7.68655579e-18,15
24,319,3,-2.76706409e-18,12
24,320,3,3.540712462e-17,8
24,321,3,2.505493614e-17,11
24,322,2,0.007995259921,13
24,323,3,7.234280712e-18,14
24,324,2,0.01199628607,12
24,325,2,0.006935058497,13
24,326,5,-2.747455513e-18,5
24,327,3,3.073373921e-17,10
24,328,2,0.007999906091,10
24,329,3,1.51798438e-17,7
24,330,3,1.63224845e-17,10
24,331,3,1.43742794e-17,9
24,332,2,0.01636023501,13
24,333,2,0.01227370733,11
24,334,2,0.008597212575,13
24,335,3,1.030038326e-17,11
24,336,2,0.01467179127,14
24,337,2,0.01794034988,19
24,338,2,0.00951610303,12
24,339,3,1.107512158e-17,10
24,340,2,0.01455991118,14
24,341,2,0.009008846291,10
24,342,3,5.773260224e-18,12
24,343,4,6.552629599e-18,10
24,344,2,0.008971098946,17
24,345,2,0.002065073828,9
24,346,2,0.001966907479,11
24,347,2,0.01159852758,14
24,348,2,0.01338880509,12
24,349,3,6.71269018e-18,15
24,350,2,0.005057300551,11
24,351,3,2.017993327e-17,12
24,352,3,3.181697886e-35,10
24,353,2,0.01271965093,14
24,354,2,0.006352452686,17
24,355,2,0.01064773122,15
24,356,3,5.143695767e-18,12
24,357,2,0.00967360968,16
24,358,2,0.01234346765,14
24,359,3,5.777868239e-19,8
24,360,3,1.345216903e-17,10
24,361,3,2.481797545e-17,9
24,362,2,0.007326584168,14
24,363,2,0.007302754376,13
24,364,2,0.006058392168,12
24,365,3,2.452847349e-18,16
24,366,2,0.01745079005,18
24,367,3,2.966873571e-17,10
24,368,2,0.008326252076,11
24,369,2,0.006545846742,11
24,370,2,0.00527608143,14
24,371,2,0.003199566808,10
24,372,2,0.01215850866,17
24,373,2,0.009402587671,13
24,374,2,0.004130948073,11
24,375,2,0.006109922997,11
24,376,2,0.006067238003,13
24,377,2,0.02327447198,18
24,378,2,0.01984782437,12
24,379,2,0.006054471334,17
24,380,2,0.007550724061,10
24,381,3,7.776085067e-18,12
24,382,2,0.01026795591,12
24,383,3,3.111244382e-18,10
24,384,2,0.009025587618,13
24,385,2,0.01958206385,17
24,386,2,0.01123183285,14
24,387,2,0.0203088718,12
24,388,2,0.01456619035,14
24,389,2,0.004092406491,11
24,390,3,2.321023938e-17,17
24,391,2,0.02665708844,17
24,392,2,0.01006610128,16
24,393,3,1.557183943e-17,17
24,394,2,0.02312359931,12
24,395,2,0.005194268583,15
24,396,3,3.014110254e-17,10
24,397,2,0.007616374502,13
24,398,2,0.009955593144,13
24,399,3,4.368551332e-17,13
24,400,2,0.01210874443,13
24,401,2,0.01540986073,14
24,402,3,1.293289496e-17,11
24,403,4,2.229262799e-18,11
24,404,2,0.02306032986,15
24,405,2,0.004319034041,12
24,406,3,1.27129556e-17,12
24,407,2,0.02155709553,14
24,408,3,2.131747085e-17,7
24,409,2,0.009612093335,15
24,410,3,4.828523483e-18,14
24,411,2,0.008750487466,11
24,412,3,8.160368377e-18,9
24,413,2,0.01221900079,16
24,414,2,0.0135849228,12
24,415,2,0.01010428492,15
24,416,2,0.03322228873,17
24,417,3,-1.261707318e-18,14
24,418,2,0.007560529451,14
24,419,2,0.00930543328,12
24,420,2,0.01239250235,18
24,421,2,0.01443559682,15
24,422,2,0.01176597131,18
24,423,3,3.881472408e-17,8
24,424,2,0.01200715531,9
24,425,2,0.005721640589,12
24,426,2,0.01658084597,17
24,427,2,0.007232094344,11
24,428,2,0.00513542208,14
24,429,2,0.006741213765,11
24,430,2,0.01212148304,11
24,431,3,1.070416014e-17,12
24,432,3,1.246759376e-17,11
24,433,2,0.01396687082,16
24,434,2,0.003919942198,10
24,435,2,0.01086894225,14
24,436,2,0.009113081957,14
24,437,2,0.01930163044,13
24,438,2,0.02945520514,12
24,439,4,2.390965369e-33,8
24,440,2,0.01081428055,14
24,441,2,0.01938230029,18
24,442,2,0.01799633487,23
24,443,5,0,8
24,444,4,2.451532065e-18,10
24,445,3,3.569793692e-17,10
24,446,2,0.01108432562,14
24,447,3,2.389255297e-18,12
24,448,2,0.01319856833,16
24,449,2,0.01118872357,15
24,450,2,0.006900753019,11
24,451,2,0.01027190391,16
24,452,3,1.646826614e-17,10
24,453,2,0.01483106751,14
24,454,2,0.01615947608,13
24,455,2,0.02610994336,14
24,456,2,0.008512070654,14
24,457,2,0.01260188576,15
24,458,3,2.899661102e-17,12
24,459,2,0.01190325701,13
24,460,2,0.01151387213,10
24,461,3,1.453760451e-17,13
24,462,2,0.01050511798,13
24,463,3,4.024327222e-17,13
24,464,2,0.007367131863,12
24,465,2,0.01863057272,17
24,466,3,4.667257832e-17,13
24,467,2,0.01750897902,14
24,468,2,0.02174766071,17
24,469,2,0.01666897831,10
24,470,2,0.004938672059,14
24,471,3,1.447001909e-17,12
24,472,3,1.853658551e-17,10
24,473,2,0.004508293046,13
24,474,2,0.004739859905,15
24,475,2,0.007269695167,12
24,476,4,-3.07456581e-18,9
24,477,2,0.005325453011,10
24,478,2,0.01883771468,17
24,479,2,0.003216707708,13
24,480,2,0.01867327719,13
24,481,3,-4.004894472e-18,13
24,482,2,0.01782220674,12
24,483,4,4.335222318e-18,8
24,484,2,0.006334485989,13
24,485,2,0.009896861523,17
24,486,2,0.01419646979,19
24,487,3,6.492146149e-18,13
24,488,3,3.731642136e-17,12
24,489,2,0.01003533013,13
24,490,2,0.002482730282,10
24,491,2,0.04005022919,17
24,492,2,0.009462416433,14
24,493,2,0.008007293671,15
24,494,2,0.007958784369,13
24,495,3,1.401952233e-17,10
24,496,2,0.003853447174,13
24,497,3,1.038015334e-17,9
24,498,2,0.004540869903,17
24,499,3,2.137363571e-17,12
24,500,3,7.56425931e-18,15
24,501,2,0.007804368513,11
24,502,2,0.02221857114,20
24,503,2,0.003418786312,9
24,504,3,3.139603713e-18,9
24,505,2,0.0113815224,18
24,506,3,2.459394282e-17,15
24,507,2,0.01471628124,18
24,508,2,0.01341870138,13
24,509,3,1.456991466e-17,9
24,510,3,1.378857645e-17,11
24,511,3,2.909762766e-17,14
24,512,3,3.199480454e-17,17
24,513,3,9.493252249e-18,8
24,514,2,0.008453967705,19
24,515,2,0.005205273019,14
24,516,4,-3.017488892e-18,14
24,517,2,0.01106095297,14
24,518,2,0.00881580937,20
24,519,3,1.616929157e-17,11
24,520,2,0.009561777656,11
24,521,2,0.01805607277,17
24,522,2,0.01869607954,16
24,523,2,0.009120904941,11
24,524,2,0.008544251409,14
24,525,2,0.008905144153,14
24,526,2,0.008231111754,14
24,527,2,0.002290291064,10
24,528,2,0.00329879058,9
24,529,2,0.01032509009,13
24,530,2,0.00766058085,12
24,531,3,2.076088017e-17,13
24,532,2,0.005890817165,14
24,533,2,0.01101511075,16
24,534,2,0.003143736236,14
24,535,2,0.005354721158,14
24,536,2,0.006352122179,15
24,537,2,0.02122061306,12
24,538,3,1.83470991e-17,16
24,539,2,0.01457365448,15
24,540,2,0.006695856304,13
24,541,2,0.009807345689,16
24,542,2,0.02952396005,18
24,543,2,0.02739996908,17
24,544,2,0.02085950554,18
24,545,2,0.009560134138,15
24,546,2,0.01061205272,13
24,547,3,4.683508025e-18,16
24,548,2,0.007313012083,12
24,549,2,0.008248249716,12
24,550,2,0.008560335138,12
24,551,3,5.270489146e-17,9
24,552,3,4.577702583e-17,10
24,553,2,0.00719917403,12
24,554,4,3.0782193e-17,13
24,555,2,0.002757213179,9
24,556,2,0.00872349471,12
24,557,2,0.00387078135,10
24,558,2,0.01375622162,16
24,559,2,0.02460178762,16
24,560,2,0.01608071882,17
24,561,2,0.003191602267,11
24,562,2,0.01535768483,14
24,563,4,1.02339068e-17,7
24,564,2,0.007370055264,14
24,565,2,0.01883342872,15
24,566,3,8.264450405e-18,9
24,567,2,0.02346958885,17
24,568,2,0.008320607496,11
24,569,2,0.01558244649,15
24,570,2,0.007692392653,13
24,571,3,2.254556717e-17,11
24,572,2,0.02106389894,14
24,573,2,0.003718102189,14
24,574,3,5.110653195e-18,14
24,575,2,0.01391306349,18
24,576,2,0.01046758312,11
24,577,3,1.365836522e-17,10
24,578,2,0.01288087568,13
24,579,2,0.01525641884,13
24,580,3,1.759186893e-17,10
24,581,3,3.800834123e-17,10
24,582,2,0.006049667698,12
24,583,2,0.00431570551,12
24,584,2,0.003970047936,12
24,585,2,0.01106032694,13
24,586,2,0.04387493922,18
24,587,3,4.568854817e-18,12
24,588,3,4.282902501e-18,10
24,589,2,0.009349313346,9
24,590,2,0.005554513484,9
24,591,2,0.007305399029,12
24,592,2,0.0215565176,15
24,593,2,0.01580462897,13
24,594,2,0.02107985982,20
24,595,2,0.004309989785,15
24,596,3,1.252592578e-17,9
24,597,2,0.02144126179,13
24,598,2,0.008115908628,13
24,599,2,0.01599547389,13
24,600,3,1.409835188e-17,10
24,601,3,1.997402358e-17,13
24,602,3,1.89560983e-17,11
24,603,2,0.02112650631,18
24,604,2,0.006203987798,10
24,605,3,2.023699986e-17,15
24,606,3,1.715881618e-18,11
24,607,3,-1.412626531e-18,15
24,608,3,1.959082287e-17,11
24,609,3,1.31643423e-17,14
24,610,2,0.009488993566,13
24,611,2,0.01332720568,12
24,612,3,3.745232867e-17,17
24,613,2,0.005102337525,13
24,614,3,2.801577668e-17,15
24,615,2,0.01066644958,13
24,616,3,1.816583869e-17,8
24,617,3,1.788313065e-17,9
24,618,2,0.005019158686,15
24,619,2,0.005299078814,10
24,620,3,9.783818857e-18,11
24,621,2,0.0135243689,17
24,622,2,0.002822323308,11
24,623,2,0.01103193393,13
24,624,3,3.601703483e-18,11
24,625,2,0.01603609488,11
24,626,2,0.005494757434,14
24,627,3,2.063746403e-17,11
24,628,3,8.40272496e-18,12
24,629,2,0.006284907324,12
24,630,3,2.130976687e-18,16
24,631,2,0.01479906768,18
24,632,2,0.02646626834,19
24,633,2,0.02375624434,21
24,634,3,1.428451701e-18,13
24,635,2,0.009891815906,14
24,636,3,2.124180906e-18,11
24,637,3,1.07095986e-17,9
24,638,2,0.006856833801,11
24,639,2,0.02058289672,16
24,640,2,0.01245001097,18
24,641,2,0.01137223552,13
24,642,2,0.01615949317,16
24,643,3,4.178613998e-17,10
24,644,2,0.00674628317,11
24,645,2,0.009399701982,17
24,646,2,0.01306822809,14
24,647,3,2.912117693e-17,12
24,648,2,0.01206888258,11
24,649,2,0.01116880741,15
24,650,2,0.009826632681,17
24,651,2,0.01008771388,12
24,652,2,0.009730993953,14
24,653,2,0.005945878942,12
24,654,3,0,12
24,655,2,0.01257046541,11
24,656,3,8.493848586e-18,16
24,657,2,0.009476192079,12
24,658,2,0.01029221319,16
24,659,2,0.02063830335,15
24,660,2,0.01211996161,12
24,661,2,0.01051788622,11
24,662,2,0.03659113805,16
24,663,2,0.003666586377,11
24,664,3,-2.932182119e-18,7
24,665,3,7.050896192e-18,12
24,666,2,0.01072761957,10
24,667,2,0.00243211815,13
24,668,2,0.01112389537,18
24,669,2,0.00785715939,13
24,670,2,0.01815910908,15
24,671,2,0.01460281663,14
24,672,2,0.01401506091,16
24,673,2,0.01134781299,12
24,674,3,1.886880013e-18,12
24,675,2,0.01493566875,18
24,676,3,5.310941269e-18,15
24,677,2,0.006558611878,13
24,678,2,0.009722392355,14
24,679,3,1.335627842e-17,9
24,680,2,0.0070885898,12
24,681,2,0.01728703087,12
24,682,2,0.002188655001,10
24,683,2,0.005528865983,12
24,684,2,0.007812583844,12
24,685,2,0.007951296445,14
24,686,2,0.01074900086,15
24,687,2,0.0253903927,16
24,688,3,2.591456844e-17,12
24,689,2,0.01409610434,19
24,690,3,1.57116928e-18,10
24,691,2,0.01634321757,15
24,692,2,0.008262049081,11
24,693,3,3.462183567e-17,13
24,694,2,0.01537290745,14
24,695,2,0.009495628958,16
24,696,3,0,7
24,697,2,0.01315850339,12
24,698,2,0.00966550808,13
24,699,2,0.003409859577,12
24,700,2,0.017114752,18
24,701,2,0.006272716391,11
24,702,2,0.006059076196,14
24,703,3,4.78496065e-18,9
24,704,3,4.529965502e-18,9
24,705,2,0.009145193631,12
24,706,2,0.01498407574,16
24,707,2,0.003943359713,13
24,708,4,8.216569153e-18,9
24,709,3,3.604200266e-17,12
24,710,2,0.02517386218,27
24,711,2,0.006592161105,9
24,712,2,0.01276293434,12
24,713,2,0.004072513779,12
24,714,2,0.01458270716,14
24,715,2,0.01361423291,12
24,716,3,1.197818422e-17,12
24,717,2,0.01911926916,18
24,718,2,0.004299760263,14
24,719,3,1.230560502e-17,12
24,720,2,0.01449722458,13
24,721,3,1.474056408e-17,10
24,722,2,0.01596076597,14
24,723,2,0.01148064741,15
24,724,2,0.009121399795,18
24,725,2,0.005041980373,13
24,726,3,4.114678644e-17,11
24,727,3,2.484824942e-17,9
24,728,2,0.007232526697,15
24,729,2,0.006039601292,12
24,730,3,5.996820098e-18,9
24,731,2,0.01263574967,16
24,732,2,0.008664770244,13
24,733,2,0.01081499696,11
24,734,2,0.01342120207,19
24,735,2,0.00502270385,12
24,736,2,0.003997476812,11
24,737,2,0.02466864022,21
24,738,2,0.01717447137,15
24,739,2,0.01192697327,11
24,740,2,0.01081660084,14
24,741,2,0.008815806145,16
24,742,3,8.458861751e-18,13
24,743,2,0.01477272489,14
24,744,2,0.02032847305,17
24,745,2,0.007698974377,11
24,746,2,0.007597843316,14
24,747,3,3.759246706e-17,11
24,748,2,0.003904897162,12
24,749,2,0.009776589262,16
24,750,2,0.01083412966,17
24,751,2,0.006567146807,10
24,752,2,0.0106140039,12
24,753,2,0.01090187078,13
24,754,2,0.004183588468,11
24,755,3,2.06647411e-17,12
24,756,2,0.004520755062,13
24,757,3,3.007146683e-17,12
24,758,2,0.0096181268,14
24,759,3,1.410207091e-17,12
24,760,3,3.500596493e-17,8
24,761,2,0.01088627596,16
24,762,2,0.002431946181,10
24,763,3,2.073645271e-17,10
24,764,2,0.009971519133,16
24,765,2,0.007638993115,13
24,766,2,0.009862967003,14
24,767,2,0.01475583441,12
24,768,2,0.007347453534,12
24,769,2,0.01057403181,11
24,770,2,0.0170811382,15
24,771,2,0.02033015585,16
24,772,2,0.006247664075,10
24,773,2,0.004826306285,12
24,774,4,0,12
24,775,3,3.034756757e-17,12
24,776,3,0,17
24,777,2,0.01941086963,14
24,778,2,0.009990643951,20
24,779,2,0.0244826832,17
24,780,2,0.01056565056,12
24,781,2,0.01302870395,12
24,782,2,0.01440432335,16
24,783,2,0.008303382783,17
24,784,4,1.377453241e-17,8
24,785,2,0.01605211689,16
24,786,2,0.008034751366,15
24,787,2,0.009422394976,14
24,788,2,0.01976945414,15
24,789,3,1.251191212e-17,8
24,790,3,2.453281806e-17,11
24,791,2,0.03453982092,18
24,792,2,0.01058196308,13
24,793,2,0.01065645745,14
24,794,2,0.01020659829,19
24,795,3,2.393382411e-17,12
24,796,2,0.004838069784,12
24,797,2,0.01984648914,18
24,798,2,0.0115434004,11
24,799,2,0.01082200204,14
24,800,2,0.006088751877,16
24,801,2,0.006374498914,18
24,802,2,0.01230753643,12
24,803,2,0.0174371434,14
24,804,2,0.007385913242,12
24,805,2,0.01569651551,16
24,806,3,1.729241975e-17,14
24,807,2,0.01035625832,12
24,808,3,1.024384209e-17,12
24,809,2,0.02406798858,19
24,810,3,2.47725548e-17,13
24,811,2,0.01060716924,15
24,812,2,0.01562939116,17
24,813,2,0.01095493606,12
24,814,3,9.555368335e-18,17
24,815,3,1.8890094e-17,10
24,816,2,0.01856161093,14
24,817,3,2.021710612e-17,14
24,818,2,0.01139973414,10
24,819,2,0.01097281946,16
24,820,2,0.01931523669,14
24,821,2,0.01039023375,13
24,822,2,0.01230472133,14
24,823,2,0.01538969377,12
24,824,3,-1.357812622e-17,11
24,825,2,0.01393950426,12
24,826,2,0.00724113669,15
24,827,2,0.01854849595,17
24,828,2,0.01008260971,11
24,829,2,0.007317227566,17
24,830,2,0.01537082126,15
24,831,2,0.01501926016,16
24,832,2,0.0100010478,17
24,833,2,0.004893569166,13
24,834,2,0.003186014017,12
24,835,2,0.0218811769,17
24,836,2,0.005372729345,13
24,837,2,0.008116822461,16
24,838,2,0.01794049546,16
24,839,3,2.604642335e-17,12
24,840,2,0.01248691861,18
24,841,2,0.01248599285,21
24,842,2,0.006265127029,12
24,843,3,1.767420513e-17,11
24,844,2,0.01026112337,14
24,845,2,0.01101597487,11
24,846,3,1.761803061e-17,11
24,847,2,0.02161421295,21
24,848,3,1.324924865e-17,11
24,849,2,0.004914005831,12
24,850,3,3.887576747e-17,13
24,851,2,0.01699107367,15
24,852,3,4.841411562e-18,18
24,853,2,0.01038309273,14
24,854,2,0.007097451008,12
24,855,2,0.01145457793,12
24,856,2,0.007001406061,12
24,857,3,1.477437337e-17,12
24,858,2,0.01294989721,14
24,859,2,0.006918589765,16
24,860,2,0.008767820802,14
24,861,2,0.01080604955,16
24,862,2,0.009195419832,12
24,863,3,1.944990217e-17,13
24,864,3,2.825440054e-17,14
24,865,2,0.002712705511,10
24,866,3,0,10
24,867,2,0.009734386525,14
24,868,2,0.005590715265,12
24,869,3,6.607058028e-18,8
24,870,2,0.0142300034,15
24,871,2,0.01026818409,15
24,872,2,0.01827034766,20
24,873,2,0.005696324086,14
24,874,2,0.006298194785,14
24,875,2,0.003226590504,14
24,876,3,3.12309245e-17,9
24,877,2,0.02608462224,14
24,878,2,0.01501986172,11
24,879,3,3.523944455e-17,11
24,880,2,0.007938838022,12
24,881,2,0.008947795727,20
24,882,3,1.64180031e-17,11
24,883,2,0.010866032,13
24,884,2,0.01856730166,14
24,885,2,0.01175849652,13
24,886,2,0.004730908119,10
24,887,4,4.157021606e-18,12
24,888,3,0,16
24,889,3,1.114171432e-17,16
24,890,2,0.00897806135,15
24,891,2,0.01630649016,16
24,892,3,6.173588569e-17,9
24,893,2,0.0104699309,11
24,894,4,1.110459336e-17,12
24,895,2,0.01576855039,20
24,896,3,1.450816062e-17,12
24,897,2,0.01629559343,16
24,898,2,0.007921079761,14
24,899,2,0.007014273653,12
24,900,2,0.01354647127,13
24,901,2,0.02533603664,15
24,902,2,0.009536068425,12
24,903,2,0.02175105564,15
24,904,2,0.00779827243,12
24,905,2,0.01044562289,16
24,906,3,6.181300648e-18,11
24,907,4,5.159105611e-18,8
24,908,2,0.005642299609,12
24,909,3,2.539456381e-17,10
24,910,2,0.01328799727,13
24,911,2,0.008152876378,12
24,912,2,0.009160333043,15
24,913,2,0.01223433008,15
24,914,2,0.01186644852,16
24,915,2,0.004057785704,9
24,916,2,0.01920410545,27
24,917,2,0.03177400428,18
24,918,3,2.384665885e-17,12
24,919,2,0.01395129248,16
24,920,3,3.935676191e-18,10
24,921,2,0.002694291278,12
24,922,3,1.958601187e-17,8
24,923,3,3.248233807e-17,10
24,924,3,1.709397089e-17,11
24,925,2,0.02477819478,18
24,926,2,0.02327211843,18
24,927,2,0.0124737361,16
24,928,2,0.009527381798,13
24,929,2,0.02028920295,17
24,930,2,0.007524752675,14
24,931,3,2.700126229e-17,9
24,932,2,0.01010016272,14
24,933,2,0.01433026002,13
24,934,3,6.146325364e-18,14
24,935,2,0.01924255762,15
24,936,2,0.003129470868,11
24,937,2,0.009578323491,14
24,938,3,8.099914679e-17,10
24,939,3,1.377057334e-17,14
24,940,2,0.005764678747,11
24,941,2,0.00424607694,14
24,942,2,0.005786390165,18
24,943,2,0.00752062855,13
24,944,3,2.847080987e-17,14
24,945,2,0.008595257058,12
24,946,3,1.597847008e-17,15
24,947,2,0.005356273791,15
24,948,2,0.01395354281,15
24,949,3,-2.52735926e-18,12
24,950,2,0.01079214292,12
24,951,2,0.004626130655,13
24,952,2,0.02276785275,17
24,953,3,2.837311863e-17,15
24,954,3,9.057164338e-18,15
24,955,2,0.02080723813,13
24,956,2,0.007654849786,12
24,957,2,0.01540577792,12
24,958,2,0.00629480085,11
24,959,2,0.01190257984,14
24,960,2,0.008539367321,14
24,961,2,0.007750562289,9
24,962,3,2.852712747e-17,11
24,963,2,0.01385641496,13
24,964,2,0.007899658103,12
24,965,2,0.004927341412,11
24,966,2,0.01015774412,14
24,967,3,1.953183256e-17,14
24,968,2,0.003773716409,9
24,969,2,0.01454514176,10
24,970,4,-1.511968917e-18,9
24,971,2,0.01032137511,17
24,972,2,0.01590260657,16
24,973,3,7.99863103e-18,11
24,974,2,0.01132811592,14
24,975,2,0.009774831381,16
24,976,2,0.006926206689,10
24,977,2,0.004390333749,15
24,978,2,0.007976376612,10
24,979,2,0.003705878862,13
24,980,2,0.01504586665,15
24,981,2,0.01152055409,13
24,982,3,1.745300764e-17,13
24,983,2,0.009464317085,12
24,984,3,9.844224861e-18,13
24,985,3,1.17558868e-17,7
24,986,2,0.01911877511,15
24,987,2,0.01096744779,14
24,988,2,0.009410474539,16
24,989,3,1.576542667e-17,7
24,990,2,0.004346682616,10
24,991,2,0.008913397028,14
24,992,2,0.01854657109,16
24,993,2,0.01345926266,21
24,994,3,1.948875603e-17,11
24,995,2,0.01622824744,19
24,996,2,0.002343270241,11
24,997,2,0.008867140693,14
24,998,2,0.004150878479,11
24,999,3,1.761392174e-17,13
27,0,2,0.008435698503,15
27,1,2,0.01015038954,14
27,2,2,0.02828489686,19
27,3,2,0.02526441199,19
27,4,2,0.008107827727,14
27,5,2,0.01304015262,16
27,6,2,0.0321330143,18
27,7,2,0.01145642595,16
27,8,2,0.01055573057,13
27,9,2,0.007243110296,15
27,10,2,0.01182347408,14
27,11,2,0.03335091505,17
27,12,2,0.007537296708,15
27,13,3,4.003832486e-17,15
27,14,2,0.01678284124,19
27,15,2,0.01101256618,17
27,16,2,0.00704302876,19
27,17,2,0.03975568113,18
27,18,2,0.009437792541,17
27,19,2,0.02298188579,16
27,20,2,0.03051963591,20
27,21,2,0.02174539099,13
27,22,2,0.01311203161,21
27,23,2,0.01829783255,21
27,24,2,0.006505843096,14
27,25,2,0.02025266409,20
27,26,2,0.006640726513,15
27,27,2,0.02140870204,16
27,28,2,0.02254498325,18
27,29,2,0.01365934555,17
27,30,2,0.02832999892,20
27,31,2,0.01743621744,19
27,32,3,9.335269603e-18,13
27,33,2,0.01689965131,19
27,34,2,0.007345901639,13
27,35,2,0.0254824951,22
27,36,2,0.009486307493,19
27,37,2,0.02269516455,20
27,38,2,0.01762551144,14
27,39,2,0.006306140045,13
27,40,2,0.01977087186,21
27,41,2,0.02275321966,20
27,42,2,0.01694432142,17
27,43,2,0.01913280796,13
27,44,2,0.005589477904,12
27,45,2,0.007236758149,18
27,46,2,0.009931768173,15
27,47,2,0.03538859156,15
27,48,3,2.404809751e-17,16
27,49,2,0.00168955759,12
27,50,2,0.01300739783,17
27,51,3,2.301130685e-18,14
27,52,2,0.02685662083,22
27,53,2,0.03072715088,21
27,54,2,0.01942537219,15
27,55,2,0.01590219603,19
27,56,3,1.421048772e-17,13
27,57,2,0.03003373634,20
27,58,2,0.009450274042,12
27,59,2,0.01630840013,14
27,60,2,0.03097201127,19
27,61,2,0.03001380057,21
27,62,3,2.915964739e-17,20
27,63,2,0.006147624197,12
27,64,2,0.0159903168,18
27,65,2,0.02109378834,19
27,66,2,0.02670368417,17
27,67,2,0.005072833143,10
27,68,3,3.578726449e-17,17
27,69,2,0.01551080558,16
27,70,2,0.008680241152,14
27,71,2,0.01487770956,19
27,72,2,0.01843753219,14
27,73,2,0.02760639849,14
27,74,2,0.01986415128,20
27,75,2,0.02475972632,18
27,76,2,0.019907784,12
27,77,2,0.01600088388,17
27,78,2,0.03867831268,19
27,79,2,0.03110227901,19
27,80,2,0.01378200319,19
27,81,2,0.02352200957,17
27,82,2,0.02171221654,19
27,83,2,0.006708625615,14
27,84,2,0.011032881,14
27,85,2,0.009384815456,18
27,86,2,0.005817514145,11
27,87,2,0.0119886393,18
27,88,3,9.465241586e-18,20
27,89,2,0.004315108299,19
27,90,2,0.005819532785,14
27,91,3,1.275237814e-17,15
27,92,2,0.007467368844,16
27,93,2,0.02163599179,16
27,94,2,0.01823448519,15
27,95,2,0.02227302368,16
27,96,2,0.02344952379,22
27,97,2,0.02030085861,14
27,98,2,0.01723097662,16
27,99,2,0.01366776228,16
27,100,2,0.00909234039,15
27,101,2,0.02285762616,16
27,102,2,0.02105576362,21
27,103,2,0.01937425303,21
27,104,2,0.005339576559,17
27,105,2,0.01247118096,18
27,106,2,0.01839042947,17
27,107,2,0.01374494249,15
27,108,2,0.01804822436,22
27,109,2,0.009591122999,18
27,110,2,0.007854041197,15
27,111,2,0.01593074391,17
27,112,2,0.01876017906,12
27,113,2,0.01643678822,14
27,114,3,2.381827359e-17,13
27,115,2,0.02163871717,14
27,116,2,0.01190880163,17
27,117,2,0.01267306865,17
27,118,2,0.003121672222,11
27,119,2,0.008688748425,17
27,120,2,0.01220035573,15
27,121,2,0.008551545179,16
27,122,2,0.01976749172,21
27,123,2,0.01623486515,14
27,124,2,0.009572370345,20
27,125,2,0.01156872637,14
27,126,3,3.614252969e-17,15
27,127,3,3.520558082e-17,14
27,128,2,0.03125973977,22
27,129,2,0.01705637894,23
27,130,2,0.01623938247,20
27,131,2,0.01207519031,20
27,132,2,0.01404418947,16
27,133,2,0.007062503202,13
27,134,2,0.02580809565,18
27,135,2,0.0246094,14
27,136,2,0.01132703504,12
27,137,2,0.01021863525,15
27,138,2,0.027944817,14
27,139,2,0.01268401448,17
27,140,2,0.03748783088,20
27,141,2,0.02798868917,16
27,142,2,0.008751868443,20
27,143,2,0.01494458634,17
27,144,2,0.009206026965,16
27,145,2,0.01774245998,18
27,146,2,0.005453257065,17
27,147,3,2.656918868e-18,16
27,148,2,0.01020783391,22
27,149,2,0.01490273473,16
27,150,2,0.01144369237,19
27,151,2,0.0334011186,17
27,152,2,0.02362356399,20
27,153,2,0.01507065692,20
27,154,2,0.02230845711,15
27,155,2,0.02864563554,21
27,156,2,0.0247496548,17
27,157,3,1.177786007e-17,14
27,158,2,0.02226444914,17
27,159,2,0.01146046892,15
27,160,2,0.01911835119,19
27,161,2,0.01111109031,15
27,162,2,0.009546115826,17
27,163,2,0.02719782867,18
27,164,2,0.007565604831,15
27,165,2,0.01463742374,19
27,166,2,0.01945963826,21
27,167,2,0.005059073678,13
27,168,2,0.006460594534,12
27,169,2,0.020876323,20
27,170,2,0.009500462599,14
27,171,2,0.03776077516,22
27,172,2,0.02334271437,20
27,173,2,0.02869223573,17
27,174,2,0.008736805485,17
27,175,2,0.01099103456,16
27,176,2,0.009941875072,18
27,177,2,0.02503909847,25
27,178,2,0.01472072091,15
27,179,2,0.01575899617,19
27,180,2,0.01676801002,19
27,181,2,0.01089440694,24
27,182,2,0.02763533529,18
27,183,2,0.01448641786,15
27,184,3,4.287781032e-18,20
27,185,2,0.00881084363,15
27,186,2,0.004204879953,16
27,187,2,0.008672444215,19
27,188,2,0.01987500286,17
27,189,2,0.01065033659,22
27,190,3,1.728362334e-17,15
27,191,2,0.03062486888,18
27,192,2,0.009505076316,14
27,193,2,0.02031566424,21
27,194,3,2.16167748e-18,16
27,195,2,0.008810764873,15
27,196,2,0.01744556323,18
27,197,2,0.01401999079,19
27,198,2,0.007251318459,15
27,199,2,0.007843932778,15
27,200,2,0.008309513126,15
27,201,2,0.01663353237,17
27,202,2,0.007789956375,13
27,203,2,0.01557638052,16
27,204,2,0.02749850608,21
27,205,2,0.01231334924,18
27,206,3,7.548427917e-18,13
27,207,2,0.01135693782,16
27,208,2,0.01887456025,16
27,209,2,0.02481396505,17
27,210,2,0.005303499993,16
27,211,2,0.02397651603,17
27,212,2,0.01879208086,19
27,213,2,0.01827873873,17
27,214,2,0.01061825514,21
27,215,2,0.01678608652,14
27,216,2,0.01313889586,16
27,217,2,0.01753863577,16
27,218,2,0.02848314462,22
27,219,2,0.03310628197,17
27,220,3,9.291957181e-18,12
27,221,2,0.01607917792,17
27,222,3,2.718097549e-17,15
27,223,2,0.00721671448,15
27,224,2,0.0427364314,20
27,225,2,0.005416010206,14
27,226,3,1.60161203e-17,16
27,227,2,0.01353699846,18
27,228,2,0.01500949637,16
27,229,2,0.005903438679,17
27,230,2,0.0330407145,22
27,231,3,2.209497927e-17,13
27,232,2,0.01352029692,15
27,233,2,0.008119785618,16
27,234,2,0.02941654334,16
27,235,2,0.01842618723,16
27,236,2,0.01209413741,15
27,237,2,0.00947494514,18
27,238,2,0.00946048859,11
27,239,2,0.008256750443,12
27,240,2,0.01507769051,17
27,241,2,0.0149724935,13
27,242,2,0.01282779796,17
27,243,2,0.01304854261,15
27,244,2,0.009035919366,17
27,245,2,0.01777040744,17
27,246,2,0.01471415194,16
27,247,2,0.0224317967,25
27,248,2,0.02697895781,18
27,249,2,0.01724358216,16
27,250,2,0.006520232808,14
27,251,2,0.0252966802,16
27,252,2,0.0227979439,14
27,253,2,0.02640856209,24
27,254,3,3.746455444e-17,15
27,255,2,0.003752803638,13
27,256,2,0.030979204,14
27,257,2,0.01136339436,12
27,258,3,2.272501102e-17,17
27,259,2,0.0084211149,14
27,260,2,0.02548287874,16
27,261,2,0.009865856403,21
27,262,2,0.010561252,12
27,263,2,0.01250906356,13
27,264,2,0.0455666405,19
27,265,2,0.005725490406,12
27,266,2,0.02125404008,17
27,267,2,0.02084796439,22
27,268,2,0.01742488256,15
27,269,2,0.0208727445,16
27,270,2,0.03070267031,20
27,271,2,0.01491836716,15
27,272,2,0.009969770007,18
27,273,2,0.02274003464,18
27,274,2,0.01300948789,14
27,275,2,0.00833118175,18
27,276,2,0.006740860558,14
27,277,2,0.01748689134,24
27,278,2,0.03626909656,30
27,279,2,0.007895277109,17
27,280,2,0.01179178152,13
27,281,2,0.01890357785,16
27,282,2,0.01278491092,16
27,283,2,0.01871886254,16
27,284,2,0.0110692674,18
27,285,2,0.003261395375,14
27,286,2,0.01752750018,14
27,287,2,0.02115805518,17
27,288,2,0.01350870763,20
27,289,3,2.115852443e-17,14
27,290,2,0.03060630613,19
27,291,2,0.009798159054,14
27,292,2,0.0149369181,15
27,293,2,0.009327511485,16
27,294,3,6.171198004e-19,15
27,295,2,0.02746995581,16
27,296,2,0.02390456816,21
27,297,2,0.0190881027,14
27,298,2,0.004675283917,15
27,299,2,0.01936897449,20
27,300,2,0.0141792554,22
27,301,2,0.0176297014,19
27,302,2,0.01098471969,13
27,303,2,0.005818531173,17
27,304,2,0.01305969629,18
27,305,2,0.03073152331,18
27,306,3,1.595063239e-17,13
27,307,2,0.01991340558,15
27,308,2,0.02855794278,16
27,309,2,0.007929941619,13
27,310,2,0.008538692432,14
27,311,2,0.01659615153,17
27,312,2,0.00546318455,14
27,313,2,0.02936174919,23
27,314,2,0.02087753656,21
27,315,3,4.436561171e-17,16
27,316,2,0.02807997214,23
27,317,2,0.0218024105,15
27,318,2,0.01122520276,21
27,319,2,0.01053536494,13
27,320,2,0.002623321453,12
27,321,2,0.008704786982,14
27,322,2,0.008953556708,19
27,323,2,0.006948753284,21
27,324,2,0.01731013615,15
27,325,2,0.009044741146,15
27,326,3,3.091752511e-17,9
27,327,2,0.02821453636,16
27,328,2,0.007380675414,11
27,329,2,0.003482175965,10
27,330,3,1.097755192e-17,13
27,331,2,0.005757353455,12
27,332,2,0.01516504724,21
27,333,2,0.02457126608,15
27,334,2,0.01393981773,16
27,335,2,0.01339568841,15
27,336,2,0.01580210613,17
27,337,2,0.02145287021,20
27,338,2,0.01428210029,14
27,339,2,0.006066880943,17
27,340,2,0.01597057601,15
27,341,2,0.01141694892,12
27,342,2,0.009895152276,15
27,343,2,0.01088274298,15
27,344,2,0.0160479077,22
27,345,2,0.0087047763,14
27,346,2,0.01375599638,13
27,347,2,0.01429542519,15
27,348,2,0.01296948136,15
27,349,2,0.01622881016,18
27,350,2,0.01064255301,12
27,351,2,0.006574465034,20
27,352,2,0.009479979386,13
27,353,2,0.02685347721,16
27,354,2,0.006398955581,18
27,355,2,0.03015685984,22
27,356,2,0.009110173704,15
27,357,2,0.01626040862,22
27,358,2,0.0115403902,15
27,359,2,0.02239440881,12
27,360,2,0.01663849027,13
27,361,2,0.007224843789,13
27,362,2,0.0365894916,18
27,363,2,0.006254062714,16
27,364,2,0.006312595575,13
27,365,2,0.01050831944,21
27,366,2,0.01782455209,19
27,367,2,0.01711360209,15
27,368,2,0.02028717757,16
27,369,2,0.01495008276,14
27,370,2,0.01225433395,17
27,371,2,0.01924676932,14
27,372,2,0.02738176406,25
27,373,2,0.02101401712,19
27,374,2,0.003337373476,18
27,375,2,0.009830029579,13
27,376,2,0.007493243048,15
27,377,2,0.02395878789,24
27,378,2,0.03389619379,17
27,379,2,0.01571530507,20
27,380,2,0.009500122316,14
27,381,2,0.0190501698,14
27,382,2,0.01651614537,16
27,383,2,0.01495237118,14
27,384,2,0.01288220518,16
27,385,2,0.01622964546,21
27,386,2,0.01275656642,18
27,387,2,0.02565621851,14
27,388,2,0.01414213345,17
27,389,2,0.01215370084,13
27,390,3,-5.476074423e-19,19
27,391,2,0.02924833587,21
27,392,2,0.01373256613,20
27,393,3,1.482231348e-17,21
27,394,2,0.02658163377,14
27,395,2,0.02272428949,18
27,396,2,0.01032739449,15
27,397,2,0.01711423174,15
27,398,2,0.012382555,15
27,399,2,0.02430476732,17
27,400,2,0.01062325989,17
27,401,2,0.0280984942,18
27,402,2,0.007030507714,14
27,403,3,2.904210465e-17,15
27,404,2,0.02727026828,17
27,405,2,0.02627647466,16
27,406,2,0.01115929642,16
27,407,2,0.03375810771,19
27,408,2,0.003796543056,11
27,409,2,0.01304011207,16
27,410,3,1.426100586e-17,16
27,411,2,0.01982378001,12
27,412,2,0.00277001218,12
27,413,2,0.01026499401,20
27,414,2,0.01286913582,16
27,415,2,0.01130123869,18
27,416,2,0.03131996677,19
27,417,2,0.009720119591,17
27,418,2,0.01760916555,18
27,419,2,0.03375328402,15
27,420,2,0.01239250235,18
27,421,2,0.01368480356,16
27,422,2,0.01228671273,20
27,423,2,0.005256217819,11
27,424,2,0.009879620316,13
27,425,2,0.009781163801,14
27,426,2,0.02892158756,20
27,427,2,0.0138762734,14
27,428,2,0.008431096517,16
27,429,2,0.00769546099,13
27,430,2,0.01577817556,13
27,431,2,0.009336521407,14
27,432,3,2.392682394e-17,12
27,433,2,0.01322041611,17
27,434,2,0.01924954651,15
27,435,2,0.0233594083,16
27,436,2,0.01404835264,16
27,437,2,0.04765031168,18
27,438,2,0.02993038042,14
27,439,3,9.980401771e-18,10
27,440,2,0.01598216525,15
27,441,2,0.01638794966,22
27,442,2,0.02705177619,25
27,443,3,6.204724815e-18,12
27,444,2,0.01874808627,12
27,445,2,0.007184322759,14
27,446,2,0.01108432562,14
27,447,3,0,17
27,448,2,0.01415867645,18
27,449,2,0.03067841832,21
27,450,2,0.01145577356,15
27,451,2,0.01973309773,21
27,452,2,0.01059024267,14
27,453,2,0.03272080948,15
27,454,2,0.01706482929,15
27,455,2,0.02389133203,19
27,456,2,0.01093532918,18
27,457,2,0.01441827762,18
27,458,2,0.009922441959,15
27,459,2,0.01917772575,17
27,460,2,0.01003590482,13
27,461,2,0.025675455,18
27,462,2,0.01077177744,16
27,463,2,0.02430220947,18
27,464,2,0.0267976285,16
27,465,2,0.01769000184,18
27,466,2,0.02488897669,22
27,467,2,0.02074025345,17
27,468,2,0.02142425691,19
27,469,2,0.02174507716,13
27,470,2,0.02757132143,19
27,471,2,0.003543143334,13
27,472,3,9.895013831e-18,12
27,473,2,0.01397956077,16
27,474,2,0.01080627059,20
27,475,2,0.02281718413,15
27,476,2,0.007809644524,13
27,477,2,0.01345868291,12
27,478,2,0.01692424464,19
27,479,2,0.008271286993,16
27,480,2,0.0207984014,17
27,481,2,0.007053076221,15
27,482,2,0.03226939032,16
27,483,2,0.005379579923,11
27,484,2,0.01456474745,17
27,485,2,0.01118581159,19
27,486,2,0.02669880722,23
27,487,2,0.01207514247,16
27,488,2,0.005878890845,15
27,489,2,0.00983062674,17
27,490,2,0.01398538023,13
27,491,2,0.0490469261,19
27,492,2,0.009280603998,15
27,493,2,0.009266745183,17
27,494,2,0.01009810959,15
27,495,2,0.007766588109,14
27,496,2,0.01407532842,15
27,497,2,0.01437479619,14
27,498,2,0.01467774278,19
27,499,2,0.01033078769,15
27,500,2,0.009819393421,16
27,501,2,0.01234258758,15
27,502,2,0.03177256948,26
27,503,2,0.02270586535,11
27,504,2,0.006129514452,13
27,505,2,0.02944291819,23
27,506,2,0.02005032391,21
27,507,2,0.02779836313,22
27,508,2,0.01795590197,19
27,509,2,0.00991688992,14
27,510,2,0.01026205564,13
27,511,2,0.006362515096,16
27,512,2,0.008526759425,18
27,513,2,0.005852475362,12
27,514,2,0.02881624192,22
27,515,2,0.01203704224,16
27,516,2,0.01078358888,17
27,517,2,0.01130553603,17
27,518,2,0.02093006837,23
27,519,2,0.01177406136,14
27,520,2,0.01755683746,15
27,521,2,0.01811422956,18
27,522,2,0.02177749234,18
27,523,2,0.01185245512,14
27,524,2,0.009977879074,16
27,525,2,0.01996207994,20
27,526,2,0.01755410843,17
27,527,2,0.00520698808,15
27,528,2,0.01208197379,13
27,529,2,0.008637905711,16
27,530,2,0.01590073809,16
27,531,2,0.01254909909,15
27,532,2,0.01226824048,17
27,533,2,0.01670875609,20
27,534,2,0.009414925667,15
27,535,2,0.01070278942,16
27,536,2,0.008289943957,16
27,537,2,0.0227749424,14
27,538,2,0.01146546152,21
27,539,2,0.01313730791,17
27,540,2,0.01733265699,21
27,541,2,0.01159723084,18
27,542,2,0.02764158891,21
27,543,2,0.02739996908,17
27,544,2,0.01816916401,21
27,545,2,0.009560134138,15
27,546,2,0.009690961503,18
27,547,2,0.02324324436,19
27,548,2,0.01341379739,16
27,549,2,0.01637170346,15
27,550,2,0.01364814966,17
27,551,3,4.326361635e-17,13
27,552,3,3.497840258e-17,13
27,553,2,0.01633955084,16
27,554,3,1.406706465e-17,16
27,555,2,0.01829945214,14
27,556,2,0.02708882467,17
27,557,2,0.006314322483,11
27,558,2,0.02180440536,20
27,559,2,0.0305118371,18
27,560,2,0.01751988683,20
27,561,2,0.01654274405,16
27,562,2,0.01893048658,17
27,563,2,0.004947402333,10
27,564,2,0.006703811702,19
27,565,2,0.02479360699,19
27,566,3,1.067472113e-17,14
27,567,2,0.02475136046,20
27,568,2,0.01167140282,15
27,569,2,0.03628866927,17
27,570,2,0.02785024661,17
27,571,2,0.03466036822,15
27,572,2,0.02146341779,18
27,573,2,0.003811985903,17
27,574,3,-8.395721623e-18,15
27,575,2,0.01827081875,25
27,576,2,0.01111731086,16
27,577,2,0.007053860936,14
27,578,2,0.01288087568,13
27,579,2,0.0178840376,18
27,580,2,0.02548567373,15
27,581,3,5.220197351e-18,12
27,582,2,0.01359912212,17
27,583,2,0.02072649839,19
27,584,2,0.00498789249,14
27,585,2,0.01532157244,18
27,586,2,0.04159594048,19
27,587,2,0.01298295707,18
27,588,2,0.005651655524,15
27,589,2,0.02505511832,12
27,590,2,0.007526622258,14
27,591,2,0.01281780233,19
27,592,2,0.02990859209,17
27,593,2,0.03837397397,20
27,594,2,0.02061331808,24
27,595,2,0.008976968526,17
27,596,3,1.466279229e-17,11
27,597,2,0.02335342527,18
27,598,2,0.01202025491,14
27,599,2,0.01841074186,15
27,600,2,0.01896953356,15
27,601,2,0.01313623209,18
27,602,3,3.567986953e-17,12
27,603,2,0.02210424777,19
27,604,2,0.02262699912,17
27,605,2,0.008399182501,16
27,606,2,0.02527610676,15
27,607,3,3.036964587e-17,16
27,608,2,0.005922360094,13
27,609,3,5.656779079e-17,17
27,610,2,0.008080253548,16
27,611,2,0.01083546282,16
27,612,3,3.014371382e-17,22
27,613,2,0.009683462982,18
27,614,3,0,18
27,615,2,0.02777652394,17
27,616,2,0.008925423636,10
27,617,3,1.997885237e-17,14
27,618,2,0.02234564818,17
27,619,2,0.007049054373,16
27,620,2,0.01235520489,16
27,621,2,0.02761395408,18
27,622,2,0.01339404176,14
27,623,2,0.01621278121,15
27,624,2,0.008658514119,16
27,625,2,0.017121198,13
27,626,2,0.009862322051,16
27,627,2,0.007324761644,16
27,628,3,2.17560953e-17,18
27,629,2,0.01226143284,16
27,630,2,0.02785102355,20
27,631,2,0.03160661021,20
27,632,2,0.02830101432,22
27,633,2,0.02589797345,23
27,634,2,0.02063359891,19
27,635,2,0.02945868113,20
27,636,2,0.01487397095,14
27,637,2,0.01812380522,15
27,638,2,0.01196575254,14
27,639,2,0.0413427996,20
27,640,2,0.01692566563,22
27,641,2,0.03232004882,16
27,642,2,0.03034110663,21
27,643,2,0.003083084161,13
27,644,2,0.01173932698,15
27,645,2,0.02188192634,20
27,646,2,0.02184264943,16
27,647,3,1.413583249e-17,13
27,648,2,0.03708383045,12
27,649,2,0.01109261586,16
27,650,2,0.01772498934,19
27,651,2,0.01301166337,14
27,652,2,0.01809603867,18
27,653,2,0.005876230551,15
27,654,3,1.749696226e-17,16
27,655,2,0.02615644441,14
27,656,3,2.376305641e-18,17
27,657,2,0.02615478244,18
27,658,2,0.03005944598,21
27,659,2,0.02182703729,21
27,660,2,0.02037377451,18
27,661,2,0.02334409553,14
27,662,2,0.03810919274,17
27,663,2,0.01736684449,18
27,664,2,0.01020306606,9
27,665,2,0.00955653651,16
27,666,2,0.0101847175,12
27,667,2,0.005151480414,14
27,668,2,0.009130643889,22
27,669,2,0.009809477152,20
27,670,2,0.02848834347,22
27,671,2,0.02291826842,17
27,672,2,0.02296458741,22
27,673,2,0.01401550759,18
27,674,3,0,18
27,675,2,0.02240961684,20
27,676,2,0.007344331957,17
27,677,2,0.02330593282,15
27,678,2,0.01013309005,15
27,679,3,1.676808068e-17,12
27,680,2,0.007839812692,16
27,681,2,0.01594062041,15
27,682,2,0.007825433068,13
27,683,2,0.01380063369,17
27,684,2,0.01237104546,18
27,685,2,0.009016515039,17
27,686,2,0.01071261952,19
27,687,2,0.02975223403,17
27,688,2,0.008390701198,15
27,689,2,0.01401314926,21
27,690,2,0.01039623979,13
27,691,2,0.0276614244,19
27,692,2,0.01058796061,13
27,693,2,0.02096642057,18
27,694,2,0.01704791213,17
27,695,2,0.01033613686,17
27,696,3,4.050615212e-17,10
27,697,2,0.01827430119,16
27,698,2,0.00882015977,17
27,699,2,0.006490821581,18
27,700,2,0.01691471383,20
27,701,2,0.006521178138,12
27,702,2,0.005655814463,15
27,703,2,0.01452921291,11
27,704,2,0.005118264028,13
27,705,2,0.0270864286,15
27,706,2,0.01413590964,23
27,707,2,0.01429976098,15
27,708,2,0.009225576671,14
27,709,2,0.007018288941,13
27,710,2,0.02517386218,27
27,711,2,0.009991551501,14
27,712,2,0.01265909872,16
27,713,2,0.01597553767,15
27,714,2,0.01352074231,18
27,715,2,0.01639378339,14
27,716,3,3.140129007e-17,16
27,717,2,0.01801065147,21
27,718,2,0.01624505683,17
27,719,2,0.0116985201,17
27,720,2,0.02433959008,18
27,721,2,0.01446271122,14
27,722,2,0.01596076597,14
27,723,2,0.02357081004,17
27,724,2,0.01696335835,20
27,725,2,0.01996915348,18
27,726,3,3.126144226e-17,15
27,727,3,1.57275702e-17,15
27,728,2,0.03678625041,18
27,729,2,0.01203895946,16
27,730,3,2.380671356e-17,13
27,731,2,0.02237524963,19
27,732,2,0.01811136819,18
27,733,2,0.02106798031,15
27,734,2,0.03082938418,25
27,735,2,0.01374111572,16
27,736,2,0.004124407162,12
27,737,2,0.02381075624,22
27,738,2,0.01565447663,20
27,739,2,0.02491079628,13
27,740,2,0.0121547776,15
27,741,2,0.02536003295,17
27,742,2,0.006800655713,18
27,743,2,0.01946332704,18
27,744,2,0.01924701118,19
27,745,2,0.01572220179,18
27,746,2,0.02184998045,20
27,747,2,0.004252073881,14
27,748,2,0.003830907925,13
27,749,2,0.01471797174,21
27,750,2,0.01329444055,19
27,751,2,0.01421080561,15
27,752,2,0.02137308622,17
27,753,2,0.01725467855,15
27,754,2,0.007687147118,13
27,755,2,0.01011149043,13
27,756,2,0.01301732025,20
27,757,2,0.01858163455,17
27,758,2,0.0207919647,19
27,759,3,0,17
27,760,2,0.01784249463,11
27,761,2,0.01778200179,17
27,762,2,0.02559943721,14
27,763,2,0.01411466261,12
27,764,2,0.02286868527,19
27,765,2,0.01188542665,18
27,766,2,0.009936347936,16
27,767,2,0.01212909953,17
27,768,2,0.009288907054,15
27,769,2,0.01719109395,17
27,770,2,0.03160393576,18
27,771,2,0.02374563484,21
27,772,2,0.007222822777,11
27,773,2,0.0176959639,14
27,774,4,4.857879574e-18,17
27,775,3,1.537464429e-17,16
27,776,2,0.02939342464,20
27,777,2,0.02250755693,18
27,778,2,0.03893489817,24
27,779,2,0.02339755852,18
27,780,2,0.0103867647,13
27,781,2,0.01846946162,16
27,782,2,0.01893901682,18
27,783,2,0.01798583433,22
27,784,2,0.01212817239,14
27,785,2,0.01605211689,16
27,786,2,0.008034751366,15
27,787,2,0.007880678475,17
27,788,2,0.02285892005,17
27,789,2,0.01102113388,10
27,790,2,0.01041259331,14
27,791,2,0.03357529179,19
27,792,2,0.01723424803,17
27,793,2,0.01985510007,16
27,794,2,0.01673731633,20
27,795,2,0.01209610869,16
27,796,2,0.01202580049,13
27,797,2,0.03744456342,22
27,798,2,0.02596043981,17
27,799,2,0.02014196383,18
27,800,2,0.01160641225,17
27,801,2,0.01355421858,21
27,802,2,0.01497298934,16
27,803,2,0.01620243505,18
27,804,2,0.01343669866,17
27,805,2,0.01432739876,21
27,806,2,0.007985167938,17
27,807,2,0.01276938448,15
27,808,2,0.01714672362,15
27,809,2,0.02327715489,23
27,810,2,0.008668952474,20
27,811,2,0.01867052819,19
27,812,2,0.02948209184,22
27,813,2,0.01945327385,17
27,814,3,2.998184638e-17,23
27,815,2,0.003759020906,14
27,816,2,0.02152285239,16
27,817,3,6.333422424e-17,20
27,818,2,0.01670996308,18
27,819,2,0.02735104987,18
27,820,2,0.01644842167,17
27,821,2,0.01338303134,18
27,822,2,0.01779731677,18
27,823,2,0.01815560895,16
27,824,2,0.01585028831,15
27,825,2,0.01159307245,15
27,826,2,0.00723721937,19
27,827,2,0.01854849595,17
27,828,2,0.02089129364,13
27,829,2,0.03245817808,20
27,830,2,0.01543752853,20
27,831,2,0.02502641746,20
27,832,2,0.02073511522,21
27,833,2,0.01535721793,18
27,834,2,0.009577275343,17
27,835,2,0.02842914134,22
27,836,2,0.01404241133,17
27,837,2,0.009203038696,21
27,838,2,0.02117029134,20
27,839,2,0.006372107949,17
27,840,2,0.02775289006,24
27,841,2,0.01738770356,24
27,842,2,0.01031686223,16
27,843,3,8.393360187e-18,12
27,844,2,0.01042958556,17
27,845,2,0.01734308438,16
27,846,2,0.005451640932,13
27,847,2,0.04490406558,23
27,848,3,1.201270938e-17,15
27,849,2,0.004875264266,15
27,850,2,0.01331133113,19
27,851,2,0.02385065967,19
27,852,3,7.864093659e-18,21
27,853,2,0.01748456243,17
27,854,2,0.01187301043,15
27,855,2,0.01495584519,15
27,856,2,0.007040381419,13
27,857,3,2.841459352e-17,16
27,858,2,0.02417400128,20
27,859,2,0.02713089132,21
27,860,2,0.008666188224,16
27,861,2,0.01436951281,19
27,862,2,0.02163223427,15
27,863,2,0.01091248319,17
27,864,3,3.958878283e-18,16
27,865,2,0.01350476976,13
27,866,2,0.01735606611,16
27,867,2,0.02536634744,15
27,868,2,0.02146625692,16
27,869,2,0.006140571548,11
27,870,2,0.01660267679,18
27,871,2,0.01306592815,19
27,872,2,0.01758879727,21
27,873,2,0.007266594025,16
27,874,2,0.01221611206,21
27,875,2,0.003598418851,15
27,876,2,0.01192419448,11
27,877,2,0.03322124898,18
27,878,2,0.0227494819,16
27,879,2,0.009530073569,14
27,880,2,0.01940976999,17
27,881,2,0.009766109732,21
27,882,2,0.0071087212,15
27,883,2,0.009974472745,17
27,884,2,0.01904511203,17
27,885,2,0.01146726136,17
27,886,2,0.008036688614,14
27,887,3,3.928385928e-17,14
27,888,3,3.71074887e-17,20
27,889,3,-7.044226216e-18,17
27,890,2,0.008679923298,16
27,891,2,0.01630649016,16
27,892,2,0.01084329076,11
27,893,2,0.01525698082,16
27,894,3,6.965824335e-18,17
27,895,2,0.01576855039,20
27,896,3,1.450816062e-17,12
27,897,2,0.0236626053,21
27,898,2,0.007565810275,15
27,899,2,0.01539323216,17
27,900,2,0.01231365939,17
27,901,2,0.02427627465,17
27,902,2,0.01796449163,13
27,903,2,0.02530589103,22
27,904,2,0.02631387474,17
27,905,2,0.02140947956,20
27,906,3,2.882243856e-18,17
27,907,2,0.004916993466,13
27,908,2,0.01203067175,17
27,909,2,0.007173049317,15
27,910,2,0.01260481151,18
27,911,2,0.01644448708,17
27,912,2,0.01497060283,16
27,913,2,0.02448890452,17
27,914,2,0.04259206396,21
27,915,2,0.01261440959,13
27,916,2,0.03474545998,29
27,917,2,0.04024411582,22
27,918,3,2.343145248e-17,15
27,919,2,0.01149902061,20
27,920,2,0.01806261895,15
27,921,2,0.02018530202,17
27,922,2,0.01216887445,12
27,923,2,0.01248959961,17
27,924,3,5.649507308e-17,15
27,925,2,0.03716672984,23
27,926,2,0.02120309388,20
27,927,2,0.03146886539,24
27,928,2,0.008400527142,15
27,929,2,0.02891483793,20
27,930,2,0.01816993931,20
27,931,2,0.004449061452,11
27,932,2,0.02990094029,23
27,933,2,0.02022789581,17
27,934,2,0.01705005368,21
27,935,2,0.03492931583,20
27,936,2,0.008752497758,13
27,937,2,0.01835575046,20
27,938,2,0.005773702891,14
27,939,2,0.009343254714,15
27,940,2,0.01185872558,17
27,941,2,0.004539716234,16
27,942,2,0.03485235588,24
27,943,2,0.009620610359,15
27,944,3,1.048794914e-17,18
27,945,2,0.01555976665,15
27,946,2,0.005810622288,17
27,947,2,0.00929977776,18
27,948,2,0.0221393832,18
27,949,2,0.0177089769,16
27,950,2,0.02662698655,15
27,951,2,0.01125516896,17
27,952,2,0.02780590031,20
27,953,3,7.678435068e-18,19
27,954,2,0.01562492329,20
27,955,2,0.02875020831,14
27,956,2,0.01019850943,15
27,957,2,0.01873433434,17
27,958,2,0.02042728939,15
27,959,2,0.01083426458,17
27,960,2,0.01705412857,20
27,961,2,0.009273410543,12
27,962,2,0.01113184105,16
27,963,2,0.01936247263,16
27,964,2,0.01071420382,15
27,965,2,0.007916753561,15
27,966,2,0.02988011429,19
27,967,2,0.02996765887,18
27,968,2,0.01428568564,13
27,969,2,0.0155203383,12
27,970,3,2.168794732e-17,13
27,971,2,0.02593289038,21
27,972,2,0.01543618375,19
27,973,2,0.02214736303,15
27,974,2,0.02108142732,19
27,975,2,0.01342886286,18
27,976,2,0.01017145447,12
27,977,2,0.01995740687,20
27,978,2,0.01248091457,14
27,979,2,0.01145626661,20
27,980,2,0.0248278973,19
27,981,2,0.01810920517,16
27,982,2,0.02068809766,19
27,983,2,0.01005130362,16
27,984,2,0.008559417356,19
27,985,2,0.01918277169,13
27,986,2,0.02765354797,18
27,987,2,0.02535044347,19
27,988,2,0.01165223012,18
27,989,2,0.0072213211,10
27,990,2,0.009835570822,15
27,991,2,0.01442283155,17
27,992,2,0.02221898446,21
27,993,2,0.01577131693,25
27,994,3,6.40571399e-18,14
27,995,2,0.04590969056,25
27,996,2,0.006019390146,15
27,997,2,0.01763775122,19
27,998,2,0.008861916836,14
27,999,3,3.472866487e-17,16
30,0,2,0.01374999662,19
30,1,2,0.01084309322,16
30,2,2,0.02574861268,24
30,3,2,0.02703481906,22
30,4,2,0.01604588678,20
30,5,2,0.01865911008,18
30,6,2,0.03056472789,20
30,7,2,0.01588713329,21
30,8,2,0.02603316474,18
30,9,2,0.01608204823,22
30,10,2,0.01175865529,18
30,11,2,0.03225617662,18
30,12,2,0.01381009246,21
30,13,2,0.02002699182,19
30,14,2,0.02048378749,23
30,15,2,0.01428630518,18
30,16,2,0.01790202022,25
30,17,2,0.0425706389,24
30,18,2,0.01907494676,19
30,19,2,0.01952311615,19
30,20,2,0.02929270766,22
30,21,2,0.02334911868,21
30,22,2,0.0128319032,22
30,23,2,0.02681088092,25
30,24,2,0.02839786084,18
30,25,2,0.03131908976,26
30,26,2,0.01955071026,18
30,27,2,0.01974572627,18
30,28,2,0.03049484819,23
30,29,2,0.0157659981,19
30,30,2,0.0367920213,22
30,31,2,0.03631475039,24
30,32,2,0.02131195153,17
30,33,2,0.0182147467,23
30,34,2,0.01108029549,14
30,35,2,0.02428796626,24
30,36,2,0.008484704635,22
30,37,2,0.02559991995,23
30,38,2,0.03540814203,19
30,39,2,0.02216148292,17
30,40,2,0.0344760972,26
30,41,2,0.03505556866,25
30,42,2,0.0184597873,22
30,43,2,0.01977979224,19
30,44,2,0.01161585073,16
30,45,2,0.01961757617,24
30,46,2,0.01880801336,18
30,47,2,0.0380647842,19
30,48,2,0.006704421189,22
30,49,2,0.01559129403,19
30,50,2,0.01850796929,20
30,51,2,0.01690389205,16
30,52,2,0.02883553291,26
30,53,2,0.03265680555,26
30,54,2,0.02968152285,17
30,55,2,0.01526250475,21
30,56,2,0.02436526246,18
30,57,2,0.0365591698,25
30,58,2,0.009183537182,16
30,59,2,0.02759405261,18
30,60,2,0.03702972607,23
30,61,2,0.02903669285,25
30,62,3,0,24
30,63,2,0.008713334609,17
30,64,2,0.02969255772,23
30,65,2,0.02109378834,19
30,66,2,0.02670368417,17
30,67,2,0.0200699063,15
30,68,3,2.56239414e-17,20
30,69,2,0.02962020629,19
30,70,2,0.02019484126,17
30,71,2,0.0260799697,23
30,72,2,0.01795630813,17
30,73,2,0.03130270226,18
30,74,2,0.01806073067,22
30,75,2,0.03175159267,19
30,76,2,0.02876483183,16
30,77,2,0.03210430117,22
30,78,2,0.039109952,26
30,79,2,0.02825013445,24
30,80,2,0.03112283272,23
30,81,2,0.03571763186,21
30,82,2,0.02063031675,20
30,83,2,0.01813341391,18
30,84,2,0.02555105601,18
30,85,2,0.02210466805,21
30,86,2,0.03339888642,16
30,87,2,0.02705333477,21
30,88,2,0.009871087305,21
30,89,2,0.0107053618,22
30,90,2,0.01146310151,20
30,91,2,0.02022335833,18
30,92,2,0.0163574364,19
30,93,2,0.02069734453,19
30,94,2,0.0296814749,21
30,95,2,0.03745518603,21
30,96,2,0.02286047173,28
30,97,2,0.02945811083,16
30,98,2,0.01677406003,20
30,99,2,0.01462494398,19
30,100,2,0.0127410915,20
30,101,2,0.03682337662,18
30,102,2,0.03723998593,23
30,103,2,0.03612446434,29
30,104,2,0.01675576198,19
30,105,2,0.03763588279,23
30,106,2,0.01807823195,21
30,107,2,0.03911229972,18
30,108,2,0.0176092743,23
30,109,2,0.01524426712,20
30,110,2,0.01243755773,17
30,111,2,0.01966178117,19
30,112,2,0.02886903854,18
30,113,2,0.01422040441,19
30,114,2,0.03172976242,19
30,115,2,0.03905617946,20
30,116,2,0.01669284866,21
30,117,2,0.01615702624,19
30,118,2,0.02304280817,16
30,119,2,0.02749168327,23
30,120,2,0.02720607795,19
30,121,2,0.0230392792,21
30,122,2,0.02039941542,23
30,123,2,0.03465034711,18
30,124,2,0.008085298751,25
30,125,2,0.01639613343,21
30,126,2,0.01586964992,19
30,127,2,0.02461465094,20
30,128,2,0.03412352118,25
30,129,2,0.02262449507,29
30,130,2,0.02143943529,22
30,131,2,0.0276832879,25
30,132,2,0.0219764686,20
30,133,2,0.02026857478,17
30,134,2,0.03573837626,22
30,135,2,0.044186814,17
30,136,2,0.03288781169,18
30,137,2,0.01172589298,18
30,138,2,0.02904512678,17
30,139,2,0.0127433864,19
30,140,2,0.03864643608,26
30,141,2,0.03148483084,18
30,142,2,0.02567130164,27
30,143,2,0.01972566735,19
30,144,2,0.0236469385,19
30,145,2,0.03896699011,29
30,146,2,0.02285629933,21
30,147,2,0.02014212458,22
30,148,2,0.01665307475,24
30,149,2,0.02556625329,20
30,150,2,0.01940547146,22
30,151,2,0.03536423796,19
30,152,2,0.03485686884,23
30,153,2,0.02402835106,25
30,154,2,0.01705900733,20
30,155,2,0.03608257438,27
30,156,2,0.0313434232,21
30,157,2,0.03142219044,18
30,158,2,0.03204362839,20
30,159,2,0.01476315692,17
30,160,2,0.0181731359,20
30,161,2,0.01978791976,17
30,162,2,0.02304129119,22
30,163,2,0.02821292374,23
30,164,2,0.01201377757,17
30,165,2,0.01705026887,23
30,166,2,0.02008835281,23
30,167,2,0.005474316573,16
30,168,2,0.01269914988,15
30,169,2,0.0216197351,22
30,170,2,0.01869567635,18
30,171,2,0.04563445607,25
30,172,2,0.04530355734,27
30,173,2,0.04259050428,24
30,174,2,0.007493054908,20
30,175,2,0.02648497297,19
30,176,2,0.03151542139,21
30,177,2,0.02446660656,26
30,178,2,0.02232730703,20
30,179,2,0.02614740309,26
30,180,2,0.0178925397,22
30,181,2,0.01528485831,28
30,182,2,0.03692269514,21
30,183,2,0.0134089707,18
30,184,2,0.01213099328,21
30,185,2,0.01528537777,18
30,186,2,0.007633481727,18
30,187,2,0.008369570207,21
30,188,2,0.02866258958,19
30,189,2,0.0270771303,27
30,190,3,0,19
30,191,2,0.03206535882,20
30,192,2,0.008287052314,20
30,193,2,0.02091319016,23
30,194,2,0.01261473793,18
30,195,2,0.03002835207,17
30,196,2,0.02217402802,25
30,197,2,0.02296199694,24
30,198,2,0.01826991074,18
30,199,2,0.0167182088,18
30,200,2,0.02579484284,20
30,201,2,0.02056578898,21
30,202,2,0.01141967811,15
30,203,2,0.03024512086,22
30,204,2,0.02749850608,21
30,205,2,0.01170240955,19
30,206,2,0.01586526749,18
30,207,2,0.02502192754,21
30,208,2,0.02283915335,18
30,209,2,0.0290493269,23
30,210,2,0.008962609229,18
30,211,2,0.02428189471,20
30,212,2,0.02993195818,21
30,213,2,0.03402610065,23
30,214,2,0.02667440528,28
30,215,2,0.01916789529,21
30,216,2,0.02384643236,18
30,217,2,0.02570826424,23
30,218,2,0.0288871934,25
30,219,2,0.02832904365,21
30,220,2,0.01561021766,16
30,221,2,0.02777192072,23
30,222,2,0.008278949557,17
30,223,2,0.01014526068,18
30,224,2,0.04374906319,28
30,225,2,0.01417952244,19
30,226,2,0.0211941035,21
30,227,2,0.02639383797,23
30,228,2,0.03049379535,20
30,229,2,0.02750679842,20
30,230,2,0.0399256528,26
30,231,3,2.274319099e-17,16
30,232,2,0.03537375591,19
30,233,2,0.01607494481,21
30,234,2,0.03364333331,20
30,235,2,0.03013851416,21
30,236,2,0.01151154117,19
30,237,2,0.03032291136,24
30,238,2,0.008930239125,15
30,239,2,0.01727851512,18
30,240,2,0.01502943598,21
30,241,2,0.02111596963,16
30,242,2,0.01226753316,24
30,243,2,0.0293094973,21
30,244,2,0.02513068022,19
30,245,2,0.01955459552,22
30,246,2,0.02162622069,23
30,247,2,0.02223805209,26
30,248,2,0.02773980232,20
30,249,2,0.02512080026,22
30,250,2,0.009297718912,18
30,251,2,0.02267587375,20
30,252,2,0.02143337042,18
30,253,2,0.0294327077,26
30,254,2,0.02493385727,20
30,255,2,0.01774495786,19
30,256,2,0.03498387566,19
30,257,2,0.01797867268,15
30,258,2,0.01809800386,25
30,259,2,0.00892181129,16
30,260,2,0.02900109786,22
30,261,2,0.03539196384,28
30,262,2,0.01437882593,16
30,263,2,0.03128513842,17
30,264,2,0.04411119027,23
30,265,2,0.01087669582,18
30,266,2,0.02478385987,23
30,267,2,0.03242928156,25
30,268,2,0.02352674045,19
30,269,2,0.0166290526,21
30,270,2,0.02792310107,22
30,271,2,0.01370870091,17
30,272,2,0.009573832003,19
30,273,2,0.02278351887,21
30,274,2,0.02315641845,20
30,275,2,0.007198799726,21
30,276,2,0.006945497517,17
30,277,2,0.02001359966,25
30,278,2,0.03537813,31
30,279,2,0.01310319125,19
30,280,2,0.0223514313,18
30,281,2,0.03127465457,21
30,282,2,0.01969666734,18
30,283,2,0.01879398083,19
30,284,2,0.03618762073,26
30,285,2,0.02306015483,21
30,286,2,0.03048101681,20
30,287,2,0.04224176492,23
30,288,2,0.01365898788,21
30,289,2,0.01279609433,17
30,290,2,0.02836233909,21
30,291,2,0.01379804155,17
30,292,2,0.0170206019,21
30,293,2,0.04506214455,22
30,294,2,0.00774558735,20
30,295,2,0.02850420657,19
30,296,2,0.03686286054,25
30,297,2,0.02654414074,18
30,298,2,0.01313959215,19
30,299,2,0.02041742279,22
30,300,2,0.02950396163,25
30,301,2,0.02980063712,23
30,302,2,0.01096693824,16
30,303,2,0.008674499662,20
30,304,2,0.03462864077,22
30,305,2,0.03631906002,21
30,306,2,0.008675745037,17
30,307,2,0.01938266874,17
30,308,2,0.02818585224,19
30,309,2,0.01335503066,16
30,310,2,0.01578757955,20
30,311,2,0.02516802418,25
30,312,2,0.02240836364,20
30,313,2,0.04076948278,26
30,314,2,0.02428041136,23
30,315,2,0.00584440763,23
30,316,2,0.02704022809,24
30,317,2,0.02836370877,22
30,318,2,0.02036438099,23
30,319,2,0.01620745983,17
30,320,2,0.02480728361,15
30,321,2,0.01654615947,16
30,322,2,0.02256301395,22
30,323,2,0.006813516422,24
30,324,2,0.02869919421,18
30,325,2,0.02551251884,22
30,326,2,0.01244220486,13
30,327,2,0.03404757537,19
30,328,2,0.01513251474,16
30,329,2,0.01094046797,14
30,330,3,3.067350078e-17,20
30,331,2,0.01358128707,15
30,332,2,0.02921012592,25
30,333,2,0.0282035711,19
30,334,2,0.01940598755,18
30,335,2,0.0166373052,18
30,336,2,0.01646612081,19
30,337,2,0.0352816168,24
30,338,2,0.02216235523,17
30,339,2,0.007360259634,23
30,340,2,0.01635085516,22
30,341,2,0.02159784175,18
30,342,2,0.01423386351,18
30,343,2,0.02072083923,19
30,344,2,0.02327446134,24
30,345,2,0.01938373175,15
30,346,2,0.01229294321,15
30,347,2,0.01635502811,19
30,348,2,0.02525394816,18
30,349,2,0.03147401094,20
30,350,2,0.01465482264,14
30,351,2,0.01254022904,23
30,352,2,0.01566405236,15
30,353,2,0.02366297438,19
30,354,2,0.03024176682,22
30,355,2,0.04985079919,29
30,356,2,0.01834975872,18
30,357,2,0.02220610155,25
30,358,2,0.01503804359,19
30,359,2,0.02205036174,16
30,360,2,0.0180675553,18
30,361,2,0.008885710501,18
30,362,2,0.03280918039,21
30,363,2,0.006966696034,21
30,364,2,0.01362056938,17
30,365,2,0.02903395538,25
30,366,2,0.02958857642,23
30,367,2,0.02578367189,18
30,368,2,0.01852839557,20
30,369,2,0.01743735247,18
30,370,2,0.01717681802,23
30,371,2,0.02099029175,17
30,372,2,0.0386547032,29
30,373,2,0.02356453419,21
30,374,2,0.01585695371,22
30,375,2,0.02582674847,18
30,376,2,0.01237913224,19
30,377,2,0.0271451152,27
30,378,2,0.04017028618,23
30,379,2,0.03669072706,25
30,380,2,0.03443509824,21
30,381,2,0.01786316241,17
30,382,2,0.03182188332,18
30,383,2,0.02374090445,19
30,384,2,0.02214204722,20
30,385,2,0.02618605744,22
30,386,2,0.0224185768,22
30,387,2,0.03361111792,19
30,388,2,0.01874847367,23
30,389,2,0.02465718516,20
30,390,2,0.01864354258,22
30,391,2,0.0294994566,24
30,392,2,0.01732616759,22
30,393,3,0,23
30,394,2,0.02764945692,20
30,395,2,0.03039515294,20
30,396,2,0.02978880663,19
30,397,2,0.0195720114,18
30,398,2,0.02188617135,17
30,399,2,0.02578669314,21
30,400,2,0.02055384056,23
30,401,2,0.02785681909,24
30,402,2,0.007593558372,16
30,403,2,0.008304787541,17
30,404,2,0.03503689786,22
30,405,2,0.03277651349,21
30,406,2,0.008808491228,23
30,407,2,0.03400681679,25
30,408,2,0.01731541826,15
30,409,2,0.02366476299,20
30,410,3,0,20
30,411,2,0.01858770868,15
30,412,2,0.01577803927,17
30,413,2,0.02282879744,22
30,414,2,0.01629601084,21
30,415,2,0.02378708082,22
30,416,2,0.03503565956,21
30,417,2,0.02596931454,20
30,418,2,0.04353730103,24
30,419,2,0.02920059931,18
30,420,2,0.02184606201,20
30,421,2,0.01275056817,18
30,422,2,0.01845395099,23
30,423,2,0.02010753387,15
30,424,2,0.01125587223,16
30,425,2,0.01866062023,19
30,426,2,0.04196637555,23
30,427,2,0.0192578011,16
30,428,2,0.0251600482,20
30,429,2,0.01329398316,17
30,430,2,0.01366790942,19
30,431,2,0.01674767997,18
30,432,2,0.02160267146,15
30,433,2,0.02758028916,22
30,434,2,0.01970451009,19
30,435,2,0.03319601204,18
30,436,2,0.02148995266,18
30,437,2,0.04607165982,24
30,438,2,0.02469276133,19
30,439,2,0.01466581096,13
30,440,2,0.02707756873,18
30,441,2,0.01702016125,24
30,442,2,0.02710126734,26
30,443,3,6.934133288e-18,16
30,444,2,0.0215042042,15
30,445,2,0.01723620602,21
30,446,2,0.01043918074,15
30,447,2,0.01290618197,19
30,448,2,0.01283372407,21
30,449,2,0.02924298937,24
30,450,2,0.02354836842,18
30,451,2,0.03197245624,26
30,452,2,0.02023887715,18
30,453,2,0.02929233918,20
30,454,2,0.026402997,19
30,455,2,0.02965929648,23
30,456,2,0.02332976703,26
30,457,2,0.01116442317,24
30,458,2,0.01326483667,19
30,459,2,0.02087723666,20
30,460,2,0.01827813415,17
30,461,2,0.02655347003,20
30,462,2,0.02042681753,20
30,463,2,0.03499387082,21
30,464,2,0.02852607419,20
30,465,2,0.03916496953,21
30,466,2,0.03312696277,25
30,467,2,0.03646916612,24
30,468,2,0.02106991788,23
30,469,2,0.03338502802,21
30,470,2,0.03343968822,25
30,471,2,0.01465339283,16
30,472,2,0.01560130795,15
30,473,2,0.01397956077,16
30,474,2,0.03018598321,26
30,475,2,0.02591784205,18
30,476,2,0.02474366878,17
30,477,2,0.03414808992,20
30,478,2,0.02364914617,22
30,479,2,0.01477555319,18
30,480,2,0.0268706092,22
30,481,2,0.01822349432,21
30,482,2,0.03020167773,19
30,483,2,0.0238035977,17
30,484,2,0.03003189122,22
30,485,2,0.01511448098,23
30,486,2,0.03221432777,26
30,487,2,0.01074029962,22
30,488,2,0.01339841798,17
30,489,2,0.008849373152,21
30,490,2,0.01705172734,17
30,491,2,0.05051188634,22
30,492,2,0.009272957089,20
30,493,2,0.02380237586,21
30,494,2,0.01540208437,19
30,495,2,0.01626500799,17
30,496,2,0.01730674206,18
30,497,2,0.01201487184,17
30,498,2,0.03467351096,22
30,499,2,0.0210956905,20
30,500,2,0.01518753439,21
30,501,2,0.02363812831,19
30,502,2,0.03991943033,29
30,503,2,0.01829277659,14
30,504,2,0.01655635843,16
30,505,2,0.02782424953,26
30,506,2,0.03380286117,24
30,507,2,0.02762416876,26
30,508,2,0.02835929067,22
30,509,2,0.02622523166,18
30,510,2,0.01952634193,16
30,511,2,0.01866206652,20
30,512,2,0.009270981057,22
30,513,2,0.0222868399,16
30,514,2,0.03840433952,29
30,515,2,0.02922596414,23
30,516,2,0.01759648648,19
30,517,2,0.01916688862,20
30,518,2,0.03530888211,28
30,519,2,0.01819494629,20
30,520,2,0.02005534495,21
30,521,2,0.02731858068,22
30,522,2,0.01889012898,24
30,523,2,0.009598141041,19
30,524,2,0.01600632186,23
30,525,2,0.01978240198,23
30,526,2,0.01391902128,23
30,527,2,0.01184061483,19
30,528,2,0.01642498187,17
30,529,2,0.02170062729,20
30,530,2,0.02202744848,20
30,531,2,0.01020432198,20
30,532,2,0.03272331985,20
30,533,2,0.03057186779,24
30,534,2,0.02615110065,20
30,535,2,0.02284074914,23
30,536,2,0.01122621394,20
30,537,2,0.02702523832,17
30,538,2,0.01228918483,23
30,539,2,0.01419934607,20
30,540,2,0.02803465697,29
30,541,2,0.01856186216,24
30,542,2,0.02717822851,23
30,543,2,0.04012089973,20
30,544,2,0.03174949332,25
30,545,2,0.02385017509,20
30,546,2,0.03516626537,22
30,547,2,0.02244775972,22
30,548,2,0.01593287672,20
30,549,2,0.02976058845,23
30,550,2,0.03443012651,21
30,551,2,0.02226549314,16
30,552,3,5.410104694e-18,15
30,553,2,0.02515075505,22
30,554,2,0.00960975577,21
30,555,2,0.02202954059,19
30,556,2,0.0279938783,24
30,557,2,0.01762243273,18
30,558,2,0.02040334764,22
30,559,2,0.02683931794,23
30,560,2,0.02062940484,24
30,561,2,0.0282348072,21
30,562,2,0.03040561737,22
30,563,2,0.01340294126,13
30,564,2,0.006385608982,20
30,565,2,0.02181020755,24
30,566,2,0.01518025822,20
30,567,2,0.03412044546,25
30,568,2,0.04462447427,17
30,569,2,0.04004977893,20
30,570,2,0.03825258927,22
30,571,2,0.03722732267,19
30,572,2,0.02152843379,19
30,573,2,0.02140306333,21
30,574,2,0.01783196916,18
30,575,2,0.01881592916,27
30,576,2,0.01939697763,21
30,577,2,0.01573119959,18
30,578,2,0.01270699291,17
30,579,2,0.04022787134,22
30,580,2,0.03137564571,19
30,581,2,0.01593446964,18
30,582,2,0.01925741035,20
30,583,2,0.03053822444,20
30,584,2,0.01088345494,19
30,585,2,0.01950559708,23
30,586,2,0.04899121706,21
30,587,2,0.01129822218,22
30,588,2,0.01969367623,21
30,589,2,0.03166357988,17
30,590,2,0.0171482605,17
30,591,2,0.01217693237,20
30,592,2,0.03319078641,20
30,593,2,0.039996529,25
30,594,2,0.02896676873,26
30,595,2,0.01863398003,22
30,596,3,1.185542938e-17,15
30,597,2,0.02426362658,21
30,598,2,0.03147438234,20
30,599,2,0.01656652246,21
30,600,2,0.02024918,20
30,601,2,0.02859187471,22
30,602,2,0.01464428141,16
30,603,2,0.02802316738,24
30,604,2,0.03761193298,25
30,605,2,0.00965471743,21
30,606,2,0.02657575542,19
30,607,2,0.0203949573,21
30,608,2,0.009550409985,18
30,609,2,0.009112928604,21
30,610,2,0.02318674922,20
30,611,2,0.04379960513,19
30,612,3,2.403203041e-17,24
30,613,2,0.008884456164,20
30,614,2,0.02137194224,20
30,615,2,0.03729921633,23
30,616,2,0.01897470579,12
30,617,2,0.01157786247,17
30,618,2,0.02209558332,18
30,619,2,0.009083064382,22
30,620,2,0.01406440669,22
30,621,2,0.03533978167,23
30,622,2,0.02968699531,19
30,623,2,0.0245786831,23
30,624,2,0.008236995872,17
30,625,2,0.02152945057,15
30,626,2,0.01695817254,21
30,627,2,0.02823077108,21
30,628,3,5.995735831e-17,19
30,629,2,0.03079880302,21
30,630,2,0.02901429617,21
30,631,2,0.02895704696,25
30,632,2,0.02744539002,25
30,633,2,0.02247745035,27
30,634,2,0.03719142661,26
30,635,2,0.03873704055,23
30,636,2,0.01882620025,19
30,637,2,0.03700545273,18
30,638,2,0.0327902746,17
30,639,2,0.03568105994,24
30,640,2,0.01695240849,23
30,641,2,0.03232004882,16
30,642,2,0.0307156336,23
30,643,2,0.01581780924,18
30,644,2,0.01118706902,20
30,645,2,0.02652050713,24
30,646,2,0.01783316247,21
30,647,2,0.02130978986,18
30,648,2,0.03164120113,18
30,649,2,0.02999661222,21
30,650,2,0.0267976714,22
30,651,2,0.01125129228,18
30,652,2,0.02836620273,20
30,653,2,0.02846378023,19
30,654,2,0.005035989593,17
30,655,2,0.03545905773,19
30,656,2,0.01588409291,20
30,657,2,0.02590348884,19
30,658,2,0.04062837977,24
30,659,2,0.03418353497,23
30,660,2,0.0206233376,21
30,661,2,0.02208782681,19
30,662,2,0.05103531907,21
30,663,2,0.01613349094,21
30,664,2,0.01074134223,14
30,665,2,0.01305479569,17
30,666,2,0.01716013229,16
30,667,2,0.02531082901,18
30,668,2,0.009171209992,27
30,669,2,0.02524110316,27
30,670,2,0.03040139703,25
30,671,2,0.02881722801,22
30,672,2,0.02196647997,23
30,673,2,0.0265630577,21
30,674,3,3.263379108e-17,21
30,675,2,0.02567021946,24
30,676,2,0.008544762251,22
30,677,2,0.0303334096,21
30,678,2,0.01110518315,18
30,679,2,0.01163712335,14
30,680,2,0.01686045109,19
30,681,2,0.0255119563,21
30,682,2,0.0159291946,17
30,683,2,0.01377209092,22
30,684,2,0.02483384273,23
30,685,2,0.008258093128,20
30,686,2,0.02378894232,23
30,687,2,0.0270391619,19
30,688,2,0.00713937774,19
30,689,2,0.01331990863,24
30,690,2,0.01540252207,17
30,691,2,0.03270936462,24
30,692,2,0.02695197971,19
30,693,2,0.0203125666,25
30,694,2,0.01828688644,18
30,695,2,0.01240122674,22
30,696,2,0.007592400292,16
30,697,2,0.02597601261,21
30,698,2,0.008687164991,19
30,699,2,0.00736410422,21
30,700,2,0.01522887431,23
30,701,2,0.02472029246,17
30,702,2,0.02686294192,21
30,703,2,0.02550078917,17
30,704,2,0.008835573749,18
30,705,2,0.03678452662,20
30,706,2,0.0145481467,27
30,707,2,0.01760287422,18
30,708,2,0.0219542457,17
30,709,2,0.02834994529,18
30,710,2,0.02563370196,29
30,711,2,0.01462776526,17
30,712,2,0.01755339706,20
30,713,2,0.02732461674,22
30,714,2,0.01984172232,21
30,715,2,0.02099494005,17
30,716,2,0.01743081692,19
30,717,2,0.03102933084,23
30,718,2,0.01555881914,18
30,719,2,0.02332360575,22
30,720,2,0.02140967947,21
30,721,2,0.02918834398,17
30,722,2,0.03906723107,17
30,723,2,0.01856747494,23
30,724,2,0.02136903601,22
30,725,2,0.02846412824,23
30,726,2,0.009361595771,20
30,727,2,0.02214630138,21
30,728,2,0.04377322436,23
30,729,2,0.01349651254,19
30,730,2,0.02463666794,18
30,731,2,0.02237524963,19
30,732,2,0.02701159111,22
30,733,2,0.02460098285,22
30,734,2,0.03471519439,26
30,735,2,0.02205598402,21
30,736,2,0.01830235844,14
30,737,2,0.02211170741,27
30,738,2,0.02477100912,25
30,739,2,0.02199946572,17
30,740,2,0.01410995132,19
30,741,2,0.02506966941,22
30,742,2,0.01471938896,22
30,743,2,0.02421708467,21
30,744,2,0.01835155903,20
30,745,2,0.02910023407,19
30,746,2,0.02733011438,23
30,747,2,0.003970065598,16
30,748,2,0.02034335292,18
30,749,2,0.01785865135,26
30,750,2,0.01679597785,25
30,751,2,0.01114626747,20
30,752,2,0.02116622112,21
30,753,2,0.01716058385,18
30,754,2,0.01423687433,18
30,755,2,0.02049485469,19
30,756,2,0.0283941167,23
30,757,2,0.03086638604,21
30,758,2,0.04089190043,22
30,759,2,0.01197553622,22
30,760,2,0.01789659361,14
30,761,2,0.01545902552,21
30,762,2,0.02690576016,17
30,763,2,0.02016291712,16
30,764,2,0.03195366091,21
30,765,2,0.01597943801,20
30,766,2,0.02308400847,24
30,767,2,0.03395587583,20
30,768,2,0.02407115767,18
30,769,2,0.02169587219,22
30,770,2,0.04390008524,22
30,771,2,0.03143372662,23
30,772,2,0.00791588579,16
30,773,2,0.02361460308,18
30,774,3,2.745876361e-17,19
30,775,2,0.02015889336,21
30,776,2,0.02791954571,22
30,777,2,0.02699869092,20
30,778,2,0.03893489817,24
30,779,2,0.02303351258,22
30,780,2,0.01124592841,15
30,781,2,0.0176061847,17
30,782,2,0.01868802435,21
30,783,2,0.01918490299,23
30,784,2,0.01833468455,19
30,785,2,0.02553050064,20
30,786,2,0.008514711808,17
30,787,2,0.01701007031,24
30,788,2,0.0392229375,24
30,789,2,0.01215360249,14
30,790,2,0.01643299309,18
30,791,2,0.03414258907,21
30,792,2,0.03388190067,18
30,793,2,0.01807308082,20
30,794,2,0.02243556671,24
30,795,2,0.02512379575,22
30,796,2,0.02040090799,18
30,797,2,0.03763013135,26
30,798,2,0.0365567047,24
30,799,2,0.02395597085,21
30,800,2,0.01377219775,20
30,801,2,0.01264286672,24
30,802,2,0.03032608225,20
30,803,2,0.01996908932,24
30,804,2,0.03432044709,23
30,805,2,0.02227110405,24
30,806,2,0.03847365643,23
30,807,2,0.015688472,16
30,808,2,0.04173412953,22
30,809,2,0.0405898865,26
30,810,2,0.01043491399,26
30,811,2,0.02529131516,24
30,812,2,0.0273221427,26
30,813,2,0.02157313007,19
30,814,3,7.419462321e-34,24
30,815,2,0.01848517591,17
30,816,2,0.03670213308,21
30,817,3,2.940941419e-17,22
30,818,2,0.03232041725,21
30,819,2,0.02924578929,23
30,820,2,0.03450681207,23
30,821,2,0.02819623702,24
30,822,2,0.04168733968,21
30,823,2,0.02757846123,21
30,824,2,0.0259535835,18
30,825,2,0.02349433968,21
30,826,2,0.0188073759,25
30,827,2,0.01745630703,19
30,828,2,0.03449339967,17
30,829,2,0.03003969182,22
30,830,2,0.03651806075,22
30,831,2,0.02838586092,22
30,832,2,0.03997880592,26
30,833,2,0.01426766961,20
30,834,2,0.01120554035,20
30,835,2,0.02765599573,26
30,836,2,0.03324620344,20
30,837,2,0.009070336962,22
30,838,2,0.02942437342,24
30,839,2,0.01789415576,22
30,840,2,0.03147166095,26
30,841,2,0.01937058576,26
30,842,2,0.01958622939,20
30,843,2,0.009596235032,16
30,844,2,0.02494964335,23
30,845,2,0.01732999533,24
30,846,2,0.005290645625,17
30,847,2,0.04205249955,26
30,848,3,2.442770219e-17,18
30,849,2,0.01989104437,17
30,850,2,0.0228835045,25
30,851,2,0.03245738829,20
30,852,2,0.01747605645,23
30,853,2,0.02584005885,21
30,854,2,0.01475877924,20
30,855,2,0.03288048062,20
30,856,2,0.01215848466,17
30,857,2,0.01610335782,21
30,858,2,0.02535746922,22
30,859,2,0.03941785414,24
30,860,2,0.02694014894,19
30,861,2,0.01707065402,22
30,862,2,0.01851266797,18
30,863,2,0.01799958719,22
30,864,2,0.0176970985,22
30,865,2,0.01228242276,18
30,866,2,0.01841464181,22
30,867,2,0.03267045879,19
30,868,2,0.0314820191,21
30,869,2,0.006485054012,15
30,870,2,0.02003894429,20
30,871,2,0.0227338858,22
30,872,2,0.02703902602,22
30,873,2,0.006616505591,18
30,874,2,0.01659548052,30
30,875,2,0.005399374718,18
30,876,2,0.02077213556,16
30,877,2,0.04348962935,20
30,878,2,0.02621528653,20
30,879,2,0.01089366912,17
30,880,2,0.02392200015,22
30,881,2,0.02294306251,23
30,882,2,0.0155401649,21
30,883,2,0.0161954002,19
30,884,2,0.04934348262,21
30,885,2,0.01904993682,20
30,886,2,0.01103921703,17
30,887,3,4.125890072e-17,17
30,888,3,4.085204348e-17,24
30,889,2,0.01013245229,18
30,890,2,0.01052171403,19
30,891,2,0.01899254265,23
30,892,2,0.01349254805,16
30,893,2,0.01870600776,21
30,894,2,0.01075229619,21
30,895,2,0.01921826217,23
30,896,2,0.01785836768,19
30,897,2,0.02359215148,26
30,898,2,0.03372149503,21
30,899,2,0.02577325451,19
30,900,2,0.0227386944,21
30,901,2,0.02569685448,18
30,902,2,0.0208143586,20
30,903,2,0.02913522667,27
30,904,2,0.02644415169,24
30,905,2,0.02546921514,21
30,906,2,0.02990544067,22
30,907,2,0.0287389962,17
30,908,2,0.01998010345,20
30,909,2,0.007733550333,16
30,910,2,0.02123908378,20
30,911,2,0.02101422891,19
30,912,2,0.02312348876,20
30,913,2,0.03104375974,22
30,914,2,0.04205573949,27
30,915,2,0.01826563602,19
30,916,2,0.04673534475,31
30,917,2,0.03967013732,24
30,918,2,0.004994468044,20
30,919,2,0.01230685743,23
30,920,2,0.02524420531,21
30,921,2,0.01986134909,19
30,922,2,0.01744245924,16
30,923,2,0.03090877482,20
30,924,2,0.01834713723,21
30,925,2,0.04302028763,26
30,926,2,0.02522204922,22
30,927,2,0.03146886539,24
30,928,2,0.02998769332,18
30,929,2,0.03664509682,23
30,930,2,0.02228315657,26
30,931,2,0.006756558319,15
30,932,2,0.04813528686,25
30,933,2,0.03059017951,20
30,934,2,0.02447435135,24
30,935,2,0.03524817318,23
30,936,2,0.03139398439,17
30,937,2,0.01712053387,22
30,938,2,0.02195423138,20
30,939,2,0.03414498063,21
30,940,2,0.02827128436,21
30,941,2,0.004393518547,20
30,942,2,0.03512897081,26
30,943,2,0.01749298649,18
30,944,2,0.01966736438,21
30,945,2,0.0187183039,17
30,946,2,0.01819456441,22
30,947,2,0.00865292565,20
30,948,2,0.02863217178,22
30,949,2,0.02847342514,21
30,950,2,0.02811818147,19
30,951,2,0.02769483598,20
30,952,2,0.03102123154,23
30,953,2,0.02226412613,22
30,954,2,0.02053353798,24
30,955,2,0.02974159301,16
30,956,2,0.009897174481,18
30,957,2,0.02693415655,21
30,958,2,0.02031687626,16
30,959,2,0.0147609666,23
30,960,2,0.02066699752,26
30,961,2,0.02970438582,17
30,962,2,0.01684073796,21
30,963,2,0.01988226839,23
30,964,2,0.01563010626,17
30,965,2,0.0170338481,20
30,966,2,0.03495781487,22
30,967,2,0.04547989206,26
30,968,2,0.01456335608,16
30,969,2,0.01171359283,18
30,970,2,0.006272833003,17
30,971,2,0.02477538213,22
30,972,2,0.02163484116,22
30,973,2,0.02141876227,19
30,974,2,0.0431309556,25
30,975,2,0.01438946326,21
30,976,2,0.02048401174,18
30,977,2,0.03811407482,24
30,978,2,0.02152791829,19
30,979,2,0.01823404498,26
30,980,2,0.03046576898,20
30,981,2,0.02237703509,19
30,982,2,0.02312742897,24
30,983,2,0.0191752932,20
30,984,2,0.009425002443,25
30,985,2,0.02471814147,16
30,986,2,0.02616608259,20
30,987,2,0.03442578007,21
30,988,2,0.02009975968,20
30,989,2,0.01890407707,15
30,990,2,0.009184755577,19
30,991,2,0.02544531884,24
30,992,2,0.02955267007,25
30,993,2,0.01484314741,27
30,994,2,0.03323257922,21
30,995,2,0.04904924593,26
30,996,2,0.02328646549,20
30,997,2,0.03118601872,22
30,998,2,0.03376574749,18
30,999,2,0.02775550582,20
33,0,2,0.03988140477,27
33,1,2,0.013363015,19
33,2,2,0.02518814579,27
33,3,2,0.02728153607,29
33,4,2,0.02875922903,25
33,5,2,0.01734859609,20
33,6,2,0.0410934072,24
33,7,2,0.01507113168,24
33,8,2,0.03149669849,23
33,9,2,0.01848814682,26
33,10,2,0.03912490774,23
33,11,2,0.05372106538,23
33,12,2,0.02033302247,28
33,13,2,0.02441582946,23
33,14,2,0.02266020975,27
33,15,2,0.0277308157,21
33,16,2,0.02350682966,30
33,17,2,0.04787818532,32
33,18,2,0.01791726214,23
33,19,2,0.03831330541,24
33,20,2,0.02673114844,25
33,21,2,0.0261761765,26
33,22,2,0.01784058857,27
33,23,2,0.04058737037,28
33,24,2,0.04563827874,24
33,25,2,0.05182342955,30
33,26,2,0.01956321282,21
33,27,2,0.03766462742,24
33,28,2,0.03780237685,26
33,29,2,0.03134246879,26
33,30,2,0.03794493492,26
33,31,2,0.05025688186,32
33,32,2,0.03217922127,21
33,33,2,0.03387507756,28
33,34,2,0.01670050403,18
33,35,2,0.02332226464,25
33,36,2,0.0155264063,27
33,37,2,0.02471534463,26
33,38,2,0.03761867479,29
33,39,2,0.02603023561,22
33,40,2,0.04247453101,31
33,41,2,0.04440554561,27
33,42,2,0.01733932585,27
33,43,2,0.02022829101,24
33,44,2,0.02646193001,23
33,45,2,0.02280939452,30
33,46,2,0.04313898704,24
33,47,2,0.04031352479,24
33,48,2,0.01056473485,25
33,49,2,0.01517762947,21
33,50,2,0.0174876124,22
33,51,2,0.01880610523,21
33,52,2,0.03157303548,28
33,53,2,0.04668067369,31
33,54,2,0.0402650787,23
33,55,2,0.0226387556,25
33,56,2,0.02901966941,24
33,57,2,0.03610476105,30
33,58,2,0.03952061301,18
33,59,2,0.03084186313,24
33,60,2,0.04060525879,27
33,61,2,0.03941691765,28
33,62,2,0.01456398981,28
33,63,2,0.008708660243,22
33,64,2,0.03603977754,25
33,65,2,0.03290556206,23
33,66,2,0.03432720809,22
33,67,2,0.01999430897,18
33,68,2,0.0105694885,23
33,69,2,0.02948963354,20
33,70,2,0.03920764597,22
33,71,2,0.03517577716,28
33,72,2,0.02463518889,24
33,73,2,0.02886305713,20
33,74,2,0.03650428079,26
33,75,2,0.03160923516,24
33,76,2,0.0290009535,21
33,77,2,0.0408587726,28
33,78,2,0.04034970695,32
33,79,2,0.02920966875,27
33,80,2,0.02875903421,26
33,81,2,0.03899251595,24
33,82,2,0.03398877339,24
33,83,2,0.02837164926,24
33,84,2,0.03693141688,21
33,85,2,0.03168265528,26
33,86,2,0.03126856502,20
33,87,2,0.02696319754,22
33,88,2,0.01673444332,24
33,89,2,0.01309540479,25
33,90,2,0.02892406609,25
33,91,2,0.03025445593,23
33,92,2,0.0251051194,24
33,93,2,0.03650102199,25
33,94,2,0.03318245744,24
33,95,2,0.03408543789,27
33,96,2,0.04109236635,33
33,97,2,0.03960205893,24
33,98,2,0.04087010601,24
33,99,2,0.02114904538,21
33,100,2,0.03346070779,28
33,101,2,0.03940860149,20
33,102,2,0.03785007166,24
33,103,2,0.03929716459,31
33,104,2,0.03116781119,23
33,105,2,0.03931180051,28
33,106,2,0.01628577404,26
33,107,2,0.04520993444,25
33,108,2,0.03570854719,28
33,109,2,0.02862411532,24
33,110,2,0.02545128914,20
33,111,2,0.01912935116,22
33,112,2,0.03587306595,21
33,113,2,0.03250799957,22
33,114,2,0.03272159957,23
33,115,2,0.04241403065,24
33,116,2,0.02496304255,27
33,117,2,0.02188728377,23
33,118,2,0.03010094919,20
33,119,2,0.03570392856,30
33,120,2,0.02696001776,23
33,121,2,0.02357819754,25
33,122,2,0.02535575468,29
33,123,2,0.04202087657,25
33,124,2,0.007873516511,26
33,125,2,0.02473765566,24
33,126,2,0.02379665692,24
33,127,2,0.02847869046,24
33,128,2,0.04493834672,28
33,129,2,0.02856183491,31
33,130,2,0.03383947726,26
33,131,2,0.03098324399,28
33,132,2,0.02513567598,25
33,133,2,0.02304851126,21
33,134,2,0.03669632723,28
33,135,2,0.04166765204,21
33,136,2,0.04519406512,24
33,137,2,0.01032053607,22
33,138,2,0.03211123117,23
33,139,2,0.02321106136,24
33,140,2,0.03755390957,28
33,141,2,0.03507582517,23
33,142,2,0.02915428108,31
33,143,2,0.02233748157,21
33,144,2,0.02326510899,22
33,145,2,0.04300726545,32
33,146,2,0.03537573166,28
33,147,2,0.01796636036,25
33,148,2,0.02180637739,26
33,149,2,0.04267865454,27
33,150,2,0.04862300522,27
33,151,2,0.03421344996,23
33,152,2,0.03252401511,28
33,153,2,0.0444217598,28
33,154,2,0.02288927474,27
33,155,2,0.03582569823,31
33,156,2,0.02763007432,27
33,157,2,0.03310490282,22
33,158,2,0.03923938477,24
33,159,2,0.02286509008,20
33,160,2,0.02937026073,26
33,161,2,0.03106238986,22
33,162,2,0.0234663096,25
33,163,2,0.03474604197,26
33,164,2,0.02556191196,23
33,165,2,0.02388510363,25
33,166,2,0.02527055929,25
33,167,2,0.03630318685,23
33,168,2,0.0295427897,20
33,169,2,0.03031092117,28
33,170,2,0.01748014299,21
33,171,2,0.04512756022,26
33,172,2,0.05707986661,31
33,173,2,0.04640830031,28
33,174,2,0.02355904734,26
33,175,2,0.02702263103,24
33,176,2,0.04359814172,22
33,177,2,0.02413003766,27
33,178,2,0.03156765803,24
33,179,2,0.02472851518,28
33,180,2,0.0241401483,25
33,181,2,0.0261435619,33
33,182,2,0.03546057466,25
33,183,2,0.01775834151,23
33,184,2,0.01033041052,25
33,185,2,0.02380614504,24
33,186,2,0.02340652721,21
33,187,2,0.01403768572,25
33,188,2,0.03289740042,23
33,189,2,0.03258769607,33
33,190,2,0.01775282505,25
33,191,2,0.04030515276,26
33,192,2,0.02333779608,26
33,193,2,0.03143579005,26
33,194,2,0.01175657151,21
33,195,2,0.03234452412,23
33,196,2,0.03390076928,28
33,197,2,0.03116231855,29
33,198,2,0.02602475807,22
33,199,2,0.04033972048,23
33,200,2,0.02457336385,25
33,201,2,0.04035948712,27
33,202,2,0.01475660962,20
33,203,2,0.03095662324,25
33,204,2,0.03695400033,23
33,205,2,0.02139485326,25
33,206,2,0.0251862902,24
33,207,2,0.02996873036,27
33,208,2,0.02233427895,21
33,209,2,0.03340152475,31
33,210,2,0.02713783729,24
33,211,2,0.03014642409,23
33,212,2,0.03718433642,28
33,213,2,0.03693433815,29
33,214,2,0.03161065292,30
33,215,2,0.02684991653,25
33,216,2,0.03295884862,26
33,217,2,0.02902743213,29
33,218,2,0.03638757082,28
33,219,2,0.03018555206,25
33,220,2,0.0185730325,20
33,221,2,0.0330441701,29
33,222,2,0.01728637531,22
33,223,2,0.02267053523,21
33,224,2,0.04357861785,30
33,225,2,0.05047618777,24
33,226,2,0.020105524,26
33,227,2,0.02486067418,27
33,228,2,0.03073853131,24
33,229,2,0.03059789708,23
33,230,2,0.03818717949,28
33,231,3,0,17
33,232,2,0.03952207774,21
33,233,2,0.01956590338,23
33,234,2,0.03408899558,25
33,235,2,0.02683630536,25
33,236,2,0.03101042372,23
33,237,2,0.03457635253,30
33,238,2,0.02814553942,20
33,239,2,0.03596924189,23
33,240,2,0.01589861533,27
33,241,2,0.02185592621,20
33,242,2,0.02361543146,28
33,243,2,0.03684452607,26
33,244,2,0.02627762483,23
33,245,2,0.02364751332,25
33,246,2,0.01941574787,30
33,247,2,0.03288547241,32
33,248,2,0.0264406046,21
33,249,2,0.04767460283,25
33,250,2,0.007892239902,23
33,251,2,0.0242590733,25
33,252,2,0.03731424016,23
33,253,2,0.04927622884,30
33,254,2,0.03009949231,25
33,255,2,0.03233296028,22
33,256,2,0.0342988,21
33,257,2,0.02623431766,21
33,258,2,0.02409527557,29
33,259,2,0.007911332363,20
33,260,2,0.02583162248,28
33,261,2,0.04041831364,31
33,262,2,0.02976147554,21
33,263,2,0.03644241862,20
33,264,2,0.047136428,29
33,265,2,0.02283434854,22
33,266,2,0.03234055396,27
33,267,2,0.040389305,31
33,268,2,0.03082493159,24
33,269,2,0.0253320471,26
33,270,2,0.02525897986,25
33,271,2,0.02604850651,23
33,272,2,0.01544274955,22
33,273,2,0.02852024704,27
33,274,2,0.03573556109,24
33,275,2,0.0135866941,26
33,276,2,0.01753060078,21
33,277,2,0.02134182601,27
33,278,2,0.05175746628,37
33,279,2,0.04224424056,26
33,280,2,0.02326159917,21
33,281,2,0.04032469435,24
33,282,2,0.02861636533,22
33,283,2,0.02157187557,27
33,284,2,0.05000170646,29
33,285,2,0.02789158946,27
33,286,2,0.03993308603,22
33,287,2,0.04105354147,25
33,288,2,0.01821738702,25
33,289,2,0.019270937,21
33,290,2,0.02972508485,26
33,291,2,0.0126066056,20
33,292,2,0.02399404409,24
33,293,2,0.04117355101,26
33,294,2,0.02707998129,27
33,295,2,0.02658319186,21
33,296,2,0.04015428723,29
33,297,2,0.03920327969,23
33,298,2,0.02404660516,26
33,299,2,0.02788115905,27
33,300,2,0.03454201768,26
33,301,2,0.02993448789,27
33,302,2,0.02168011745,23
33,303,2,0.02867416194,28
33,304,2,0.03375782589,26
33,305,2,0.04460901954,26
33,306,2,0.01097534526,22
33,307,2,0.02246606566,23
33,308,2,0.04365576323,24
33,309,2,0.01590487373,21
33,310,2,0.02328866991,27
33,311,2,0.04285841009,31
33,312,2,0.03736542574,24
33,313,2,0.05112526002,34
33,314,2,0.02797216832,27
33,315,2,0.02856242674,24
33,316,2,0.04121869821,29
33,317,2,0.03093513806,24
33,318,2,0.02367250136,29
33,319,2,0.01518812912,20
33,320,2,0.02155991166,21
33,321,2,0.04440903328,21
33,322,2,0.02064914785,25
33,323,2,0.02868865896,31
33,324,2,0.02755044519,22
33,325,2,0.03078176425,27
33,326,2,0.03375963917,17
33,327,2,0.03759375226,24
33,328,2,0.02558459872,20
33,329,2,0.01626565634,18
33,330,2,0.01541054963,23
33,331,2,0.01349418564,19
33,332,2,0.03491437463,28
33,333,2,0.03525675679,22
33,334,2,0.02362391428,23
33,335,2,0.01644878682,22
33,336,2,0.01931041908,22
33,337,2,0.03219029626,27
33,338,2,0.02919897313,22
33,339,2,0.02542150811,25
33,340,2,0.03951942011,27
33,341,2,0.02207246749,24
33,342,2,0.03136366594,23
33,343,2,0.04867266557,27
33,344,2,0.02438310014,28
33,345,2,0.02952844471,20
33,346,2,0.02347991556,21
33,347,2,0.02238922419,22
33,348,2,0.03804819859,22
33,349,2,0.03028919113,22
33,350,2,0.01695516452,17
33,351,2,0.03199759546,28
33,352,2,0.0255296611,20
33,353,2,0.03241601195,24
33,354,2,0.0312651272,24
33,355,2,0.04985079919,29
33,356,2,0.0308032702,24
33,357,2,0.02206173215,29
33,358,2,0.03274416187,24
33,359,2,0.04347795717,21
33,360,2,0.02765207884,25
33,361,2,0.01625400814,24
33,362,2,0.04041233254,24
33,363,2,0.009731375909,23
33,364,2,0.03658380541,25
33,365,2,0.03957935256,28
33,366,2,0.03517213638,27
33,367,2,0.03199061883,24
33,368,2,0.01671890225,25
33,369,2,0.02746857906,22
33,370,2,0.01795905696,24
33,371,2,0.03069067791,18
33,372,2,0.04980766613,33
33,373,2,0.02249658716,22
33,374,2,0.04860216058,27
33,375,2,0.03333536437,25
33,376,2,0.01573608551,24
33,377,2,0.03030743291,30
33,378,2,0.04416471356,26
33,379,2,0.04148706618,30
33,380,2,0.0370582894,26
33,381,2,0.01728478666,20
33,382,2,0.03797388779,24
33,383,2,0.02216953669,21
33,384,2,0.03040994839,26
33,385,2,0.02509335415,23
33,386,2,0.02643844088,24
33,387,2,0.03227522484,23
33,388,2,0.02670746331,29
33,389,2,0.02853333185,23
33,390,2,0.02796284968,29
33,391,2,0.03076980261,29
33,392,2,0.02499483367,30
33,393,2,0.008481009664,26
33,394,2,0.04086196645,26
33,395,2,0.03361886739,26
33,396,2,0.04034658399,25
33,397,2,0.02584845399,20
33,398,2,0.02173826523,23
33,399,2,0.03165617588,27
33,400,2,0.0372606527,27
33,401,2,0.04662206186,31
33,402,2,0.0397425337,22
33,403,2,0.01217098545,21
33,404,2,0.033509765,25
33,405,2,0.03978159584,26
33,406,2,0.02589074364,27
33,407,2,0.03370704021,28
33,408,2,0.02342683059,19
33,409,2,0.03751070806,23
33,410,3,9.44489084e-18,21
33,411,2,0.02813697077,22
33,412,2,0.02909023139,21
33,413,2,0.02727023435,25
33,414,2,0.0392431251,26
33,415,2,0.0256898486,23
33,416,2,0.03163977926,25
33,417,2,0.02802367766,21
33,418,2,0.04163502,29
33,419,2,0.03451909734,24
33,420,2,0.02051330632,22
33,421,2,0.03756398142,23
33,422,2,0.03237314819,28
33,423,2,0.02815061741,23
33,424,2,0.01679902242,19
33,425,2,0.03135252021,26
33,426,2,0.03756688285,27
33,427,2,0.019482365,24
33,428,2,0.03543161894,25
33,429,2,0.03307318752,21
33,430,2,0.01192358692,22
33,431,2,0.02355106082,22
33,432,2,0.05575419217,21
33,433,2,0.0329033469,28
33,434,2,0.01997104277,20
33,435,2,0.03082298757,20
33,436,2,0.02338368764,26
33,437,2,0.05185738827,28
33,438,2,0.02210948277,26
33,439,2,0.01869693621,18
33,440,2,0.02483282808,23
33,441,2,0.01702016125,24
33,442,2,0.03613622062,28
33,443,2,0.008530199288,21
33,444,2,0.01864872924,19
33,445,2,0.02518327553,26
33,446,2,0.01949502848,20
33,447,2,0.0108228273,24
33,448,2,0.04206692594,26
33,449,2,0.05168400427,30
33,450,2,0.02975071999,22
33,451,2,0.04609653618,29
33,452,2,0.02630853883,22
33,453,2,0.03503595077,25
33,454,2,0.03026955413,24
33,455,2,0.03845615827,31
33,456,2,0.02724974594,28
33,457,2,0.01575133683,28
33,458,2,0.01916976812,22
33,459,2,0.02357595221,23
33,460,2,0.04097460252,22
33,461,2,0.02710685917,23
33,462,2,0.02071020017,22
33,463,2,0.03484044446,25
33,464,2,0.02888770688,24
33,465,2,0.04226203895,22
33,466,2,0.0376332942,27
33,467,2,0.04349395995,26
33,468,2,0.02408614168,27
33,469,2,0.03886956604,25
33,470,2,0.03750290098,27
33,471,2,0.01793588641,20
33,472,2,0.02806014369,19
33,473,2,0.01907155117,19
33,474,2,0.03936852895,34
33,475,2,0.03482443419,22
33,476,2,0.02833587581,21
33,477,2,0.03818852843,25
33,478,2,0.03298597111,23
33,479,2,0.02981798633,22
33,480,2,0.03264597679,27
33,481,2,0.02198336688,24
33,482,2,0.03361761961,24
33,483,2,0.03385741772,19
33,484,2,0.02816116444,28
33,485,2,0.03018743652,26
33,486,2,0.03438579802,27
33,487,2,0.01825116919,26
33,488,2,0.02422178844,22
33,489,2,0.02819599743,24
33,490,2,0.02275528816,20
33,491,2,0.04766304373,26
33,492,2,0.02392227317,23
33,493,2,0.03804971555,26
33,494,2,0.0311806346,23
33,495,2,0.03753436658,20
33,496,2,0.02270810525,19
33,497,2,0.01289830331,21
33,498,2,0.04720312534,25
33,499,2,0.02820835839,25
33,500,2,0.02917510637,26
33,501,2,0.03939926643,25
33,502,2,0.03869361056,33
33,503,2,0.02653098335,19
33,504,2,0.03274576952,21
33,505,2,0.03165791228,29
33,506,2,0.03863834165,30
33,507,2,0.03935752851,29
33,508,2,0.03516466303,26
33,509,2,0.0224940496,22
33,510,2,0.02383470422,20
33,511,2,0.02544127096,24
33,512,2,0.01481489384,24
33,513,2,0.02466180431,20
33,514,2,0.03716797903,30
33,515,2,0.0363382469,28
33,516,2,0.04241392849,26
33,517,2,0.02243789706,22
33,518,2,0.04242150284,35
33,519,2,0.02819710344,26
33,520,2,0.03893579641,25
33,521,2,0.03778245539,26
33,522,2,0.02894971809,25
33,523,2,0.02204389627,23
33,524,2,0.02101766179,25
33,525,2,0.05533412665,28
33,526,2,0.02970126607,26
33,527,2,0.02420473266,23
33,528,2,0.03677243943,21
33,529,2,0.02872653481,25
33,530,2,0.0348069699,23
33,531,2,0.02265756439,24
33,532,2,0.04054174228,26
33,533,2,0.03971651162,28
33,534,2,0.03232847985,24
33,535,2,0.02683836755,26
33,536,2,0.01143701771,24
33,537,2,0.03821077353,22
33,538,2,0.01715672954,25
33,539,2,0.02490931644,26
33,540,2,0.03520745957,32
33,541,2,0.03344831861,27
33,542,2,0.03655569742,27
33,543,2,0.03724210068,23
33,544,2,0.04420161872,32
33,545,2,0.02230711614,25
33,546,2,0.0363180843,26
33,547,2,0.01971244975,27
33,548,2,0.02746364114,25
33,549,2,0.03816551059,29
33,550,2,0.04404164868,29
33,551,2,0.02709497546,24
33,552,3,4.77982294e-17,20
33,553,2,0.02588656602,24
33,554,2,0.02303441682,24
33,555,2,0.02088368934,25
33,556,2,0.04817078423,30
33,557,2,0.02690509132,26
33,558,2,0.01976584643,26
33,559,2,0.03216492441,28
33,560,2,0.02306765898,28
33,561,2,0.03031617104,22
33,562,2,0.03336606562,27
33,563,2,0.01212313767,18
33,564,2,0.02815935973,25
33,565,2,0.02221781008,27
33,566,2,0.02220051621,25
33,567,2,0.0449553346,30
33,568,2,0.06187894111,19
33,569,2,0.04114730857,22
33,570,2,0.04753821115,29
33,571,2,0.03648897451,21
33,572,2,0.02592952857,23
33,573,2,0.02626985488,27
33,574,2,0.03311725825,22
33,575,2,0.02710184255,28
33,576,2,0.01899625385,22
33,577,2,0.02086882087,22
33,578,2,0.02586067303,23
33,579,2,0.03935774679,27
33,580,2,0.03520992359,24
33,581,2,0.01664386195,22
33,582,2,0.02324916861,23
33,583,2,0.03496850582,22
33,584,2,0.01405981243,23
33,585,2,0.02957325997,27
33,586,2,0.04581280668,23
33,587,2,0.01784865117,25
33,588,2,0.02530246954,26
33,589,2,0.04030593348,24
33,590,2,0.01509265339,22
33,591,2,0.01138421936,23
33,592,2,0.03599418067,29
33,593,2,0.04219057994,32
33,594,2,0.03814618033,33
33,595,2,0.03113815177,26
33,596,3,1.241838903e-17,22
33,597,2,0.0334382737,26
33,598,2,0.03225574368,24
33,599,2,0.02722899972,24
33,600,2,0.02366810535,24
33,601,2,0.03003733443,24
33,602,2,0.03191239776,18
33,603,2,0.03166907262,27
33,604,2,0.04526563849,28
33,605,2,0.03342188042,28
33,606,2,0.03149943048,24
33,607,2,0.01865155519,26
33,608,2,0.0248239907,24
33,609,2,0.02822127614,27
33,610,2,0.02769062997,25
33,611,2,0.04209662151,22
33,612,2,0.01931928488,29
33,613,2,0.008434459145,22
33,614,2,0.01943966482,22
33,615,2,0.0360198273,28
33,616,2,0.01512621976,16
33,617,2,0.01157786247,17
33,618,2,0.04573467593,22
33,619,2,0.02137213227,27
33,620,2,0.03072192094,25
33,621,2,0.04127836492,27
33,622,2,0.02453543314,26
33,623,2,0.03560125338,29
33,624,2,0.03672228164,22
33,625,2,0.03312536918,21
33,626,2,0.02840197865,30
33,627,2,0.02484497928,27
33,628,2,0.01734541608,22
33,629,2,0.03861905016,25
33,630,2,0.03522241315,24
33,631,2,0.03547875708,29
33,632,2,0.02996197029,31
33,633,2,0.02870313009,30
33,634,2,0.04602534571,31
33,635,2,0.04327098622,26
33,636,2,0.02928851666,22
33,637,2,0.03709296095,23
33,638,2,0.0347912489,22
33,639,2,0.03207141369,28
33,640,2,0.02985802924,29
33,641,2,0.02593780278,21
33,642,2,0.03636125973,26
33,643,2,0.01636735468,22
33,644,2,0.009583303448,26
33,645,2,0.02680656256,27
33,646,2,0.0316928917,29
33,647,2,0.03119218863,19
33,648,2,0.0407131335,26
33,649,2,0.03069758476,26
33,650,2,0.04125810658,31
33,651,2,0.02675707387,22
33,652,2,0.02486310292,24
33,653,2,0.0310540763,22
33,654,2,0.03274823037,21
33,655,2,0.03175812899,22
33,656,2,0.03013216104,25
33,657,2,0.0323825831,23
33,658,2,0.03946814893,25
33,659,2,0.04272225185,26
33,660,2,0.0367258077,25
33,661,2,0.02004198885,23
33,662,2,0.04151383204,29
33,663,2,0.02897177402,27
33,664,2,0.04018351434,19
33,665,2,0.02463978467,22
33,666,2,0.03741557715,21
33,667,2,0.0326622264,22
33,668,2,0.007764869334,33
33,669,2,0.02435228022,28
33,670,2,0.02666735277,30
33,671,2,0.03400963378,30
33,672,2,0.02443650914,25
33,673,2,0.02652211766,24
33,674,3,0,29
33,675,2,0.02640798434,27
33,676,2,0.00827975336,24
33,677,2,0.02935801728,25
33,678,2,0.009838136784,21
33,679,2,0.02306946873,20
33,680,2,0.02834938225,22
33,681,2,0.02347474298,26
33,682,2,0.02006023289,23
33,683,2,0.01949842444,24
33,684,2,0.03265619022,24
33,685,2,0.008536166954,23
33,686,2,0.03006248118,29
33,687,2,0.03438732304,25
33,688,2,0.01379923056,23
33,689,2,0.01512504354,27
33,690,2,0.02437025316,22
33,691,2,0.05427034996,28
33,692,2,0.03140372751,24
33,693,2,0.03661587693,29
33,694,2,0.0243795821,23
33,695,2,0.02946796651,25
33,696,2,0.009977839428,21
33,697,2,0.02963052386,26
33,698,2,0.03024685737,27
33,699,2,0.01872375325,24
33,700,2,0.02438847754,26
33,701,2,0.03901941785,25
33,702,2,0.03073225482,24
33,703,2,0.03828260576,22
33,704,2,0.01389445648,21
33,705,2,0.03457514703,25
33,706,2,0.03792231171,30
33,707,2,0.0334195525,26
33,708,2,0.02362934791,20
33,709,2,0.04024405878,26
33,710,2,0.02826520365,34
33,711,2,0.02128471378,24
33,712,2,0.0310149579,23
33,713,2,0.04945155824,27
33,714,2,0.02576448464,27
33,715,2,0.02546260713,20
33,716,2,0.02794464154,23
33,717,2,0.03935666302,30
33,718,2,0.01688251132,22
33,719,2,0.03878448356,28
33,720,2,0.02151752338,25
33,721,2,0.03811198104,25
33,722,2,0.032713757,23
33,723,2,0.03641804009,28
33,724,2,0.01948586169,27
33,725,2,0.03457011219,25
33,726,2,0.031435159,24
33,727,2,0.02584396905,24
33,728,2,0.04337920287,28
33,729,2,0.02447195245,22
33,730,2,0.04754783502,23
33,731,2,0.02497412653,23
33,732,2,0.03595755721,27
33,733,2,0.02780593631,24
33,734,2,0.05487632468,32
33,735,2,0.02301454123,25
33,736,2,0.02542764989,17
33,737,2,0.02562120833,30
33,738,2,0.03390312751,27
33,739,2,0.01986293511,22
33,740,2,0.0333389032,26
33,741,2,0.02201277285,26
33,742,2,0.02117138142,28
33,743,2,0.02672909676,27
33,744,2,0.01662988391,26
33,745,2,0.03219755111,25
33,746,2,0.02439361626,28
33,747,2,0.01839533615,22
33,748,2,0.03129848121,21
33,749,2,0.04806556484,32
33,750,2,0.02309297998,29
33,751,2,0.01612308219,25
33,752,2,0.02123336112,29
33,753,2,0.04450113791,23
33,754,2,0.01986319711,23
33,755,2,0.02051245974,21
33,756,2,0.02937946682,26
33,757,2,0.04772279018,28
33,758,2,0.03975844607,23
33,759,2,0.01904338666,25
33,760,2,0.0168245832,19
33,761,2,0.01842195451,23
33,762,2,0.03337178699,24
33,763,2,0.02979829989,21
33,764,2,0.03741358099,24
33,765,2,0.02384443902,26
33,766,2,0.02676502532,27
33,767,2,0.03136813045,24
33,768,2,0.02792878566,22
33,769,2,0.03041027235,25
33,770,2,0.0413999672,25
33,771,2,0.0382968032,26
33,772,2,0.01721610466,23
33,773,2,0.02142076876,25
33,774,2,0.02237066636,25
33,775,2,0.01952325615,24
33,776,2,0.03507090513,28
33,777,2,0.03538223052,27
33,778,2,0.04062193417,26
33,779,2,0.03317316856,26
33,780,2,0.02387045615,21
33,781,2,0.01779637636,24
33,782,2,0.03642176487,26
33,783,2,0.02383351354,27
33,784,2,0.03933895258,23
33,785,2,0.0315234692,25
33,786,2,0.007819339791,24
33,787,2,0.01660748388,26
33,788,2,0.060887325,26
33,789,2,0.02410895545,18
33,790,2,0.01730110164,22
33,791,2,0.04605942978,23
33,792,2,0.03138873768,23
33,793,2,0.03630149703,23
33,794,2,0.02296683758,27
33,795,2,0.03460740798,28
33,796,2,0.02411101856,22
33,797,2,0.0350937442,28
33,798,2,0.04119220685,26
33,799,2,0.03128660328,26
33,800,2,0.02120161968,26
33,801,2,0.01874956177,29
33,802,2,0.03236000912,26
33,803,2,0.02544189152,30
33,804,2,0.03039118633,29
33,805,2,0.03168502084,30
33,806,2,0.03615338541,27
33,807,2,0.02819308611,19
33,808,2,0.04196957038,25
33,809,2,0.03867367894,28
33,810,2,0.0193541854,28
33,811,2,0.03096831121,29
33,812,2,0.0273221427,26
33,813,2,0.03358537299,22
33,814,2,0.01499053202,28
33,815,2,0.03582841647,20
33,816,2,0.03181691427,26
33,817,2,0.01617110899,28
33,818,2,0.04314117523,22
33,819,2,0.04465944178,30
33,820,2,0.04654788631,33
33,821,2,0.03563169481,32
33,822,2,0.05444769906,28
33,823,2,0.02868321,22
33,824,2,0.03421980116,20
33,825,2,0.0218432209,23
33,826,2,0.03834267998,28
33,827,2,0.03060333596,22
33,828,2,0.03115541512,22
33,829,2,0.0302967441,28
33,830,2,0.03687038623,29
33,831,2,0.03255595118,30
33,832,2,0.04398943896,30
33,833,2,0.02346384604,24
33,834,2,0.01734089639,24
33,835,2,0.02725664494,27
33,836,2,0.03521982355,24
33,837,2,0.02555695322,25
33,838,2,0.0357043877,32
33,839,2,0.02729660765,26
33,840,2,0.05566183677,33
33,841,2,0.04418908726,31
33,842,2,0.03879321933,28
33,843,2,0.02115326611,21
33,844,2,0.02593390694,24
33,845,2,0.03234654206,29
33,846,2,0.01717055246,23
33,847,2,0.04205249955,26
33,848,2,0.01534908474,23
33,849,2,0.02875202227,20
33,850,2,0.03446801241,27
33,851,2,0.04058822696,26
33,852,2,0.02879780874,25
33,853,2,0.02765587377,24
33,854,2,0.02881006414,25
33,855,2,0.02875071688,23
33,856,2,0.03656749908,25
33,857,2,0.02726887996,25
33,858,2,0.02796693903,26
33,859,2,0.03701107827,27
33,860,2,0.03647428598,24
33,861,2,0.03592794294,24
33,862,2,0.02430265401,24
33,863,2,0.02728055566,24
33,864,2,0.03418894408,28
33,865,2,0.01311747959,19
33,866,2,0.02743218562,26
33,867,2,0.03796617496,24
33,868,2,0.04131084054,25
33,869,2,0.01465683983,20
33,870,2,0.02297081506,23
33,871,2,0.03000397682,29
33,872,2,0.0354274719,25
33,873,2,0.005946803725,21
33,874,2,0.01606304639,31
33,875,2,0.01566052434,21
33,876,2,0.038668636,23
33,877,2,0.04254018412,22
33,878,2,0.02849823599,24
33,879,2,0.01461527466,22
33,880,2,0.02323369713,25
33,881,2,0.0227860619,25
33,882,2,0.02349131361,23
33,883,2,0.02526011275,26
33,884,2,0.04575639878,23
33,885,2,0.02620892552,23
33,886,2,0.02577429779,21
33,887,2,0.01423295997,21
33,888,2,0.02722001216,27
33,889,2,0.01730420001,23
33,890,2,0.01004092599,20
33,891,2,0.03671631212,27
33,892,2,0.02984937004,20
33,893,2,0.03153833528,24
33,894,2,0.02927043252,27
33,895,2,0.02689800796,25
33,896,2,0.01702587837,24
33,897,2,0.03931399557,35
33,898,2,0.03217714283,23
33,899,2,0.03086507065,26
33,900,2,0.0255656113,24
33,901,2,0.03041843503,23
33,902,2,0.0200178973,21
33,903,2,0.02916533214,35
33,904,2,0.03452084077,27
33,905,2,0.03020627055,27
33,906,2,0.02897340797,24
33,907,2,0.04218710918,22
33,908,2,0.02312896474,25
33,909,2,0.02432683376,24
33,910,2,0.01684225445,26
33,911,2,0.02162995612,24
33,912,2,0.04109181708,26
33,913,2,0.03980122842,24
33,914,2,0.04069710301,28
33,915,2,0.03049255116,23
33,916,2,0.04533848962,32
33,917,2,0.04312384531,29
33,918,2,0.02494838834,25
33,919,2,0.02605993574,27
33,920,2,0.02572895528,22
33,921,2,0.02012885758,24
33,922,2,0.02312090452,19
33,923,2,0.02926303002,22
33,924,2,0.03518322578,23
33,925,2,0.04066455124,30
33,926,2,0.03022941153,28
33,927,2,0.04454180195,29
33,928,2,0.0304010451,20
33,929,2,0.03692311162,24
33,930,2,0.02804775828,27
33,931,2,0.02398907351,20
33,932,2,0.05285002136,29
33,933,2,0.03362790451,26
33,934,2,0.03352000292,29
33,935,2,0.04082717513,27
33,936,2,0.03139398439,17
33,937,2,0.02653260579,25
33,938,2,0.02201713207,22
33,939,2,0.03572278873,23
33,940,2,0.04151742729,30
33,941,2,0.006611950117,30
33,942,2,0.03823860875,29
33,943,2,0.02075034549,26
33,944,2,0.01944381532,25
33,945,2,0.02499695866,21
33,946,2,0.03030671833,25
33,947,2,0.01982216174,24
33,948,2,0.0339050572,27
33,949,2,0.03547717138,25
33,950,2,0.03550758436,22
33,951,2,0.03898417003,26
33,952,2,0.0327293365,26
33,953,2,0.02226412613,22
33,954,2,0.0224445712,27
33,955,2,0.02806291714,21
33,956,2,0.02855330909,24
33,957,2,0.02901326074,23
33,958,2,0.0233124069,19
33,959,2,0.03430117164,29
33,960,2,0.02806915469,31
33,961,2,0.04276642337,21
33,962,2,0.03379192948,28
33,963,2,0.02871279597,27
33,964,2,0.02710577517,23
33,965,2,0.01727442651,24
33,966,2,0.03412639438,23
33,967,2,0.0554419746,33
33,968,2,0.01911621922,21
33,969,2,0.02681252148,25
33,970,2,0.01528758821,20
33,971,2,0.03459765365,26
33,972,2,0.03797560991,26
33,973,2,0.0449660812,24
33,974,2,0.04227197145,27
33,975,2,0.03281941811,25
33,976,2,0.03834183766,22
33,977,2,0.04404263187,30
33,978,2,0.02632977578,25
33,979,2,0.02829878612,28
33,980,2,0.04023906305,24
33,981,2,0.02173729771,24
33,982,2,0.03102493674,30
33,983,2,0.02755301633,26
33,984,2,0.02734543233,30
33,985,2,0.02297079421,18
33,986,2,0.030651234,26
33,987,2,0.04296435071,27
33,988,2,0.02661184986,22
33,989,2,0.03698654341,20
33,990,2,0.0250825151,21
33,991,2,0.02286278211,28
33,992,2,0.04744357233,28
33,993,2,0.03516215546,34
33,994,2,0.04189625155,25
33,995,2,0.04320285907,31
33,996,2,0.03792516667,27
33,997,2,0.03753468439,28
33,998,2,0.03912550365,22
33,999,2,0.02763415454,22
36,0,2,0.05799026172,33
36,1,2,0.01018499214,26
36,2,2,0.03494331413,30
36,3,2,0.04230973293,35
36,4,2,0.04153559968,30
36,5,2,0.02698100057,26
36,6,2,0.04580593814,27
36,7,2,0.01501026507,25
36,8,2,0.03300570677,30
36,9,2,0.0272123113,27
36,10,2,0.04965456834,33
36,11,2,0.05068914499,27
36,12,2,0.04069867534,33
36,13,2,0.02817438801,26
36,14,2,0.03167381765,32
36,15,2,0.02717306659,24
36,16,2,0.0305514723,33
36,17,2,0.04674391273,34
36,18,2,0.01634918836,27
36,19,2,0.04364028944,29
36,20,2,0.02556746553,30
36,21,2,0.04303753126,33
36,22,2,0.02663677034,29
36,23,2,0.05396811835,34
36,24,2,0.04467256244,31
36,25,2,0.04922554196,34
36,26,2,0.03225806015,27
36,27,2,0.04086674701,27
36,28,2,0.04907584621,29
36,29,2,0.02931691964,30
36,30,2,0.05103072522,35
36,31,2,0.05714199531,38
36,32,2,0.04578851003,27
36,33,2,0.03538328633,32
36,34,2,0.03391499966,24
36,35,2,0.04909034809,30
36,36,2,0.01415370814,32
36,37,2,0.02778437918,30
36,38,2,0.03671980947,35
36,39,2,0.03161613052,27
36,40,2,0.04797262195,36
36,41,2,0.04321390737,28
36,42,2,0.0376010694,34
36,43,2,0.0251073585,27
36,44,2,0.02700572937,29
36,45,2,0.0351442279,37
36,46,2,0.04764947889,29
36,47,2,0.0383905631,32
36,48,2,0.01695275659,28
36,49,2,0.02055586747,27
36,50,2,0.02506031702,27
36,51,2,0.02504519414,29
36,52,2,0.03307567679,31
36,53,2,0.04470635598,35
36,54,2,0.03919896085,30
36,55,2,0.03531249662,29
36,56,2,0.02661522475,28
36,57,2,0.04080651428,33
36,58,2,0.03072930134,24
36,59,2,0.02653454208,29
36,60,2,0.04209452445,29
36,61,2,0.04545358411,33
36,62,2,0.02606156918,30
36,63,2,0.02718299916,28
36,64,2,0.03545207816,29
36,65,2,0.04341486711,29
36,66,2,0.0483357939,26
36,67,2,0.0257177399,22
36,68,2,0.02631781094,27
36,69,2,0.02483345974,28
36,70,2,0.04707587622,26
36,71,2,0.03263813786,32
36,72,2,0.03482066739,26
36,73,2,0.04147339826,28
36,74,2,0.0350519714,29
36,75,2,0.03034184927,28
36,76,2,0.03454028615,26
36,77,2,0.04573884141,29
36,78,2,0.04701692722,35
36,79,2,0.03352640573,32
36,80,2,0.03229736056,30
36,81,2,0.0416804617,30
36,82,2,0.04108637118,30
36,83,2,0.0330780078,27
36,84,2,0.03468627359,24
36,85,2,0.03346415331,30
36,86,2,0.04410971633,25
36,87,2,0.03800716105,28
36,88,2,0.03117791233,29
36,89,2,0.01271127287,27
36,90,2,0.04611903541,32
36,91,2,0.03486660964,27
36,92,2,0.03793879163,28
36,93,2,0.04170293911,29
36,94,2,0.04749666886,28
36,95,2,0.02954022376,32
36,96,2,0.04344442675,35
36,97,2,0.05105921584,31
36,98,2,0.04047919723,28
36,99,2,0.03776747435,26
36,100,2,0.04441582248,33
36,101,2,0.04285770771,25
36,102,2,0.04501780347,26
36,103,2,0.03860394346,32
36,104,2,0.03168093171,28
36,105,2,0.04280353273,35
36,106,2,0.01474148467,30
36,107,2,0.04355066928,27
36,108,2,0.04532625173,34
36,109,2,0.03926451727,29
36,110,2,0.02903317348,25
36,111,2,0.02666412896,25
36,112,2,0.03719629568,24
36,113,2,0.0321302875,25
36,114,2,0.03257229636,28
36,115,2,0.04358710254,30
36,116,2,0.02705175959,32
36,117,2,0.02466296388,30
36,118,2,0.04812753525,25
36,119,2,0.03806735417,34
36,120,2,0.02815287798,30
36,121,2,0.03968846352,31
36,122,2,0.03715431956,36
36,123,2,0.03941799368,29
36,124,2,0.01548720423,30
36,125,2,0.02387797314,25
36,126,2,0.04257290045,28
36,127,2,0.04034229242,28
36,128,2,0.04655046221,34
36,129,2,0.03814524915,34
36,130,2,0.03353148089,28
36,131,2,0.03471317703,33
36,132,2,0.03112505038,28
36,133,2,0.03592728438,26
36,134,2,0.04318139553,31
36,135,2,0.04380507384,30
36,136,2,0.05278187749,31
36,137,2,0.01649688913,27
36,138,2,0.0284140667,28
36,139,2,0.02132353451,31
36,140,2,0.03390705023,33
36,141,2,0.03881006515,24
36,142,2,0.03094118603,32
36,143,2,0.04869937293,25
36,144,2,0.02711495121,27
36,145,2,0.05038631305,39
36,146,2,0.03119594937,32
36,147,2,0.02614637599,28
36,148,2,0.02384030618,27
36,149,2,0.04263420765,35
36,150,2,0.04449829553,33
36,151,2,0.04349060823,27
36,152,2,0.03755847706,29
36,153,2,0.05072884481,29
36,154,2,0.02495408185,34
36,155,2,0.04689161162,35
36,156,2,0.04012016737,29
36,157,2,0.03904179432,26
36,158,2,0.03979935554,29
36,159,2,0.04504539137,28
36,160,2,0.03317918298,30
36,161,2,0.03087104044,27
36,162,2,0.04208516056,32
36,163,2,0.05365603725,32
36,164,2,0.03633184654,31
36,165,2,0.04187114898,32
36,166,2,0.03273289917,31
36,167,2,0.04536196057,29
36,168,2,0.04087511783,27
36,169,2,0.04398090256,31
36,170,2,0.03960071689,28
36,171,2,0.04713952634,33
36,172,2,0.06737616054,40
36,173,2,0.05461919979,33
36,174,2,0.02639353812,30
36,175,2,0.03054048483,30
36,176,2,0.04690156963,26
36,177,2,0.02266691992,29
36,178,2,0.03640215146,29
36,179,2,0.0364394099,30
36,180,2,0.02297958964,27
36,181,2,0.0248093084,37
36,182,2,0.04365397627,28
36,183,2,0.0333621737,30
36,184,2,0.02550850669,31
36,185,2,0.03465643236,28
36,186,2,0.03907717711,24
36,187,2,0.02409537309,30
36,188,2,0.03639055457,28
36,189,2,0.04057286349,36
36,190,2,0.03477159145,32
36,191,2,0.03997029481,32
36,192,2,0.02309654676,28
36,193,2,0.04037950082,31
36,194,2,0.03443204249,28
36,195,2,0.03201678455,29
36,196,2,0.04074052245,31
36,197,2,0.03136919989,32
36,198,2,0.02640496654,27
36,199,2,0.03795432743,26
36,200,2,0.02744947863,28
36,201,2,0.04004001988,32
36,202,2,0.03160637429,25
36,203,2,0.02760428678,30
36,204,2,0.03601116559,29
36,205,2,0.02293201525,30
36,206,2,0.04689976106,31
36,207,2,0.03068732367,30
36,208,2,0.04739391815,27
36,209,2,0.03238553826,33
36,210,2,0.02814237981,29
36,211,2,0.03639675249,28
36,212,2,0.04207741774,31
36,213,2,0.036278868,31
36,214,2,0.03515339634,31
36,215,2,0.04812054185,30
36,216,2,0.04184897215,29
36,217,2,0.02891004647,31
36,218,2,0.04695487307,35
36,219,2,0.04339238579,30
36,220,2,0.05078700524,26
36,221,2,0.03629997781,35
36,222,2,0.0228721259,26
36,223,2,0.03042093855,26
36,224,2,0.04916996737,35
36,225,2,0.04480443272,28
36,226,2,0.0351072213,30
36,227,2,0.04441365781,35
36,228,2,0.03864630388,27
36,229,2,0.04461842727,31
36,230,2,0.05127583981,33
36,231,3,0,22
36,232,2,0.05397197735,27
36,233,2,0.0244796851,27
36,234,2,0.03852402154,28
36,235,2,0.03188231798,28
36,236,2,0.05039957402,29
36,237,2,0.04041013592,36
36,238,2,0.02811206511,25
36,239,2,0.04877152422,31
36,240,2,0.02255013321,32
36,241,2,0.02179068732,25
36,242,2,0.0575313631,30
36,243,2,0.03934828059,31
36,244,2,0.03020097224,27
36,245,2,0.04510903945,29
36,246,2,0.0228312658,31
36,247,2,0.04723319605,38
36,248,2,0.0562456871,27
36,249,2,0.05154196434,29
36,250,2,0.02834953507,27
36,251,2,0.03467573214,30
36,252,2,0.04474843619,30
36,253,2,0.049191187,33
36,254,2,0.02711937854,29
36,255,2,0.03819827089,32
36,256,2,0.03861982676,26
36,257,2,0.02824280475,27
36,258,2,0.03650051675,34
36,259,2,0.03451963895,27
36,260,2,0.03735451465,31
36,261,2,0.04390024072,35
36,262,2,0.03512747103,26
36,263,2,0.04169576611,26
36,264,2,0.0477279445,33
36,265,2,0.02860122079,26
36,266,2,0.03360131166,32
36,267,2,0.04106138047,35
36,268,2,0.04703547576,30
36,269,2,0.03777671746,32
36,270,2,0.03895568401,31
36,271,2,0.03719398318,28
36,272,2,0.03048642013,28
36,273,2,0.03535886553,29
36,274,2,0.03195588588,27
36,275,2,0.03305042698,29
36,276,2,0.01822829921,27
36,277,2,0.03122891798,32
36,278,2,0.05116078991,38
36,279,2,0.04900984303,30
36,280,2,0.0343896647,26
36,281,2,0.04168697387,30
36,282,2,0.03082797401,28
36,283,2,0.03748809398,34
36,284,2,0.05671488522,35
36,285,2,0.03832349287,31
36,286,2,0.04974234467,29
36,287,2,0.05586498673,30
36,288,2,0.03214300491,29
36,289,2,0.02028598404,25
36,290,2,0.02882501334,27
36,291,2,0.02490277832,25
36,292,2,0.03338217848,30
36,293,2,0.03907212145,30
36,294,2,0.03127860751,32
36,295,2,0.03675233972,26
36,296,2,0.0381787337,31
36,297,2,0.0431694016,30
36,298,2,0.02959027448,27
36,299,2,0.04189765903,35
36,300,2,0.03375159045,28
36,301,2,0.03102573662,32
36,302,2,0.02213711564,30
36,303,2,0.0318463908,31
36,304,2,0.03322817228,32
36,305,2,0.04480251379,30
36,306,2,0.01059922161,25
36,307,2,0.03397689699,31
36,308,2,0.04559246563,32
36,309,2,0.02174395537,25
36,310,2,0.03694818124,31
36,311,2,0.04398183925,32
36,312,2,0.03746560146,29
36,313,2,0.06006177408,37
36,314,2,0.03707935943,32
36,315,2,0.03703106198,29
36,316,2,0.04054192385,30
36,317,2,0.04115541082,30
36,318,2,0.03338541772,32
36,319,2,0.01676549309,26
36,320,2,0.02265928534,23
36,321,2,0.04623136956,26
36,322,2,0.02464545544,28
36,323,2,0.0330028089,35
36,324,2,0.03694829464,26
36,325,2,0.04009567932,31
36,326,2,0.03168833298,24
36,327,2,0.04143355449,32
36,328,2,0.0280560572,23
36,329,2,0.0290834177,25
36,330,2,0.03233725587,30
36,331,2,0.04053237387,25
36,332,2,0.03349160662,31
36,333,2,0.04407397673,27
36,334,2,0.02522878452,29
36,335,2,0.03344184475,27
36,336,2,0.02238948874,30
36,337,2,0.03773505437,33
36,338,2,0.03867820386,28
36,339,2,0.03643222951,29
36,340,2,0.04224534852,29
36,341,2,0.03157784422,28
36,342,2,0.03101962022,26
36,343,2,0.05049257112,32
36,344,2,0.03285767555,31
36,345,2,0.03477795037,25
36,346,2,0.04125325438,26
36,347,2,0.02577115788,26
36,348,2,0.04003575529,27
36,349,2,0.03015555821,26
36,350,2,0.03424388341,24
36,351,2,0.04325895913,32
36,352,2,0.04476167454,26
36,353,2,0.0300388145,26
36,354,2,0.02779199739,28
36,355,2,0.06128131299,31
36,356,2,0.04252179756,27
36,357,2,0.02133136665,30
36,358,2,0.04791929039,32
36,359,2,0.04071171906,25
36,360,2,0.04299397569,31
36,361,2,0.02262446194,31
36,362,2,0.05479659452,31
36,363,2,0.0310330072,32
36,364,2,0.04005564798,29
36,365,2,0.04736279759,30
36,366,2,0.0530516069,33
36,367,2,0.03714057717,29
36,368,2,0.03303160814,31
36,369,2,0.04330965551,27
36,370,2,0.02495258194,27
36,371,2,0.03527215492,24
36,372,2,0.05245228613,35
36,373,2,0.05235490456,26
36,374,2,0.04315433362,33
36,375,2,0.04479434939,32
36,376,2,0.01807452936,29
36,377,2,0.03383496856,32
36,378,2,0.03970073914,32
36,379,2,0.04027207708,35
36,380,2,0.0400229775,29
36,381,2,0.04390878576,28
36,382,2,0.04169859222,31
36,383,2,0.02907556181,26
36,384,2,0.04896809421,30
36,385,2,0.03140001839,24
36,386,2,0.03480879185,29
36,387,2,0.03634426717,31
36,388,2,0.03042025552,35
36,389,2,0.03026546719,27
36,390,2,0.03927613187,33
36,391,2,0.04525418924,33
36,392,2,0.0326961929,32
36,393,2,0.00797441645,29
36,394,2,0.04535704395,28
36,395,2,0.03192725972,30
36,396,2,0.05151411662,31
36,397,2,0.03680688483,24
36,398,2,0.01814321049,28
36,399,2,0.05098521587,37
36,400,2,0.03932568083,30
36,401,2,0.05585492499,38
36,402,2,0.03775306349,25
36,403,2,0.01730522475,26
36,404,2,0.04786341812,30
36,405,2,0.04759461979,33
36,406,2,0.0355038662,32
36,407,2,0.04955475758,30
36,408,2,0.02534096629,25
36,409,2,0.03784113241,28
36,410,2,0.02486458003,27
36,411,2,0.03067737778,27
36,412,2,0.03125494703,25
36,413,2,0.04073003542,28
36,414,2,0.03576028375,30
36,415,2,0.02548761987,27
36,416,2,0.04539445194,28
36,417,2,0.02783016705,26
36,418,2,0.04590417544,35
36,419,2,0.04159409902,29
36,420,2,0.03470739953,28
36,421,2,0.03681538625,28
36,422,2,0.03645436518,30
36,423,2,0.03875871154,27
36,424,2,0.02861516971,26
36,425,2,0.03903483625,29
36,426,2,0.0353311114,29
36,427,2,0.03946513994,33
36,428,2,0.03760301407,31
36,429,2,0.04062757775,26
36,430,2,0.01034774703,26
36,431,2,0.02472414796,27
36,432,2,0.05007856814,26
36,433,2,0.03194956683,29
36,434,2,0.02006454202,24
36,435,2,0.03310885082,25
36,436,2,0.02938572439,29
36,437,2,0.04908758301,33
36,438,2,0.0201707147,29
36,439,2,0.03234189167,23
36,440,2,0.03153518743,25
36,441,2,0.03643102236,33
36,442,2,0.03685415465,32
36,443,2,0.0270922524,27
36,444,2,0.0487016118,21
36,445,2,0.02621641889,27
36,446,2,0.02680890179,23
36,447,2,0.02581326317,27
36,448,2,0.05026737039,31
36,449,2,0.0507329769,33
36,450,2,0.03584699936,28
36,451,2,0.05143679784,32
36,452,2,0.02595294848,25
36,453,2,0.03745518735,29
36,454,2,0.02646400499,28
36,455,2,0.0490682903,34
36,456,2,0.0345233937,31
36,457,2,0.0421789413,34
36,458,2,0.03005803412,27
36,459,2,0.02775350487,28
36,460,2,0.0391419808,27
36,461,2,0.02870877137,28
36,462,2,0.04086427622,27
36,463,2,0.0370452693,29
36,464,2,0.04327837197,32
36,465,2,0.04637266533,26
36,466,2,0.03570302285,29
36,467,2,0.04656048229,29
36,468,2,0.04236899894,33
36,469,2,0.04291600616,31
36,470,2,0.03527628282,31
36,471,2,0.03333630745,27
36,472,2,0.03374402251,25
36,473,2,0.02933281631,26
36,474,2,0.04794828945,37
36,475,2,0.0385753507,26
36,476,2,0.0379766092,27
36,477,2,0.03468195646,31
36,478,2,0.04687182254,29
36,479,2,0.03439809655,28
36,480,2,0.03904074249,33
36,481,2,0.03090020136,26
36,482,2,0.03352319264,28
36,483,2,0.03254745232,25
36,484,2,0.04445720714,31
36,485,2,0.03265803868,33
36,486,2,0.03577783456,34
36,487,2,0.02392575013,31
36,488,2,0.04450314001,27
36,489,2,0.02948381935,31
36,490,2,0.04997726392,27
36,491,2,0.04590537379,27
36,492,2,0.02472169713,25
36,493,2,0.04460138981,30
36,494,2,0.02736309956,29
36,495,2,0.04008151759,25
36,496,2,0.02733063728,21
36,497,2,0.02804065521,26
36,498,2,0.04774560478,29
36,499,2,0.03312750322,28
36,500,2,0.03647113624,31
36,501,2,0.04213198791,30
36,502,2,0.04496350719,37
36,503,2,0.04054246993,25
36,504,2,0.02703423564,27
36,505,2,0.03387159541,34
36,506,2,0.0484957373,32
36,507,2,0.04724481403,32
36,508,2,0.04495203256,32
36,509,2,0.02984094068,27
36,510,2,0.02076372486,25
36,511,2,0.0291485562,26
36,512,2,0.04033930822,28
36,513,2,0.03766148358,27
36,514,2,0.03691246566,34
36,515,2,0.04339789742,29
36,516,2,0.03699343748,31
36,517,2,0.03306248879,28
36,518,2,0.04042936668,38
36,519,2,0.02996165337,28
36,520,2,0.03597759784,30
36,521,2,0.04308652009,31
36,522,2,0.03912341637,29
36,523,2,0.02688841569,26
36,524,2,0.04442731031,31
36,525,2,0.05111822374,32
36,526,2,0.02860590682,27
36,527,2,0.04668206936,29
36,528,2,0.04298490095,24
36,529,2,0.03458907419,29
36,530,2,0.03762360776,29
36,531,2,0.03120715164,28
36,532,2,0.04811170842,31
36,533,2,0.03513633093,33
36,534,2,0.03610464441,31
36,535,2,0.02572012446,30
36,536,2,0.01314282704,29
36,537,2,0.04067214532,28
36,538,2,0.03158165715,30
36,539,2,0.03000223398,28
36,540,2,0.03461042288,33
36,541,2,0.03541690258,32
36,542,2,0.03860842192,31
36,543,2,0.05005015042,30
36,544,2,0.04774567668,38
36,545,2,0.04871584591,30
36,546,2,0.03504769116,31
36,547,2,0.01628506598,33
36,548,2,0.02965759411,27
36,549,2,0.04365468472,33
36,550,2,0.05298321408,35
36,551,2,0.04188833615,26
36,552,2,0.01813291019,27
36,553,2,0.03099288326,26
36,554,2,0.03120119649,27
36,555,2,0.0251239683,31
36,556,2,0.04702546256,36
36,557,2,0.03528422867,30
36,558,2,0.01679878138,31
36,559,2,0.04452605886,31
36,560,2,0.02900161273,30
36,561,2,0.02998724048,28
36,562,2,0.05675867705,32
36,563,2,0.02160583176,22
36,564,2,0.02641474097,29
36,565,2,0.02142718815,28
36,566,2,0.03113601386,29
36,567,2,0.04344877686,39
36,568,2,0.05697879954,23
36,569,2,0.04466701688,27
36,570,2,0.05064713111,35
36,571,2,0.03765235455,26
36,572,2,0.0363721926,28
36,573,2,0.03147093912,31
36,574,2,0.03003960684,30
36,575,2,0.03645278446,31
36,576,2,0.03602433254,28
36,577,2,0.02632752504,29
36,578,2,0.04136819639,29
36,579,2,0.04559642996,35
36,580,2,0.04050186634,27
36,581,2,0.03581004943,28
36,582,2,0.04718412306,28
36,583,2,0.03195558381,27
36,584,2,0.0281313517,25
36,585,2,0.03969128453,31
36,586,2,0.0625126542,30
36,587,2,0.02633448387,31
36,588,2,0.02841284346,30
36,589,2,0.03853648698,30
36,590,2,0.01875834928,25
36,591,2,0.02932122989,29
36,592,2,0.04228746357,33
36,593,2,0.04138128607,33
36,594,2,0.03384121356,38
36,595,2,0.03326240008,33
36,596,2,0.0305607652,29
36,597,2,0.04580687324,30
36,598,2,0.03858483567,31
36,599,2,0.05613708671,30
36,600,2,0.0215591876,30
36,601,2,0.0393630031,25
36,602,2,0.03496866438,26
36,603,2,0.03298755549,34
36,604,2,0.0529019275,29
36,605,2,0.03386378447,29
36,606,2,0.04261084649,30
36,607,2,0.02781094087,29
36,608,2,0.02708346723,30
36,609,2,0.02632539702,33
36,610,2,0.0388729638,32
36,611,2,0.03906924939,28
36,612,2,0.0283290466,32
36,613,2,0.04221533498,30
36,614,2,0.03341210858,29
36,615,2,0.05571560243,35
36,616,2,0.03614331204,23
36,617,2,0.02876561043,23
36,618,2,0.04996376766,28
36,619,2,0.03915778766,33
36,620,2,0.03055707823,28
36,621,2,0.04087197035,34
36,622,2,0.02914213829,31
36,623,2,0.03658929076,31
36,624,2,0.04185353084,27
36,625,2,0.04057623133,26
36,626,2,0.03938320283,33
36,627,2,0.02626222098,29
36,628,2,0.02207517634,27
36,629,2,0.03858968936,26
36,630,2,0.04045712696,28
36,631,2,0.03549693673,33
36,632,2,0.03743384764,36
36,633,2,0.03494558116,39
36,634,2,0.05540805726,36
36,635,2,0.04326324419,32
36,636,2,0.03771849406,24
36,637,2,0.03546101718,26
36,638,2,0.04992593872,26
36,639,2,0.03431856897,36
36,640,2,0.0402918827,31
36,641,2,0.03821026263,24
36,642,2,0.0360356543,29
36,643,2,0.0284236891,27
36,644,2,0.02600397741,29
36,645,2,0.03223299515,32
36,646,2,0.03094841248,35
36,647,2,0.04480089108,25
36,648,2,0.04400039859,30
36,649,2,0.02954179344,30
36,650,2,0.04040428189,34
36,651,2,0.0500424546,27
36,652,2,0.03500992661,28
36,653,2,0.04062852487,25
36,654,2,0.02725330683,26
36,655,2,0.05428846036,29
36,656,2,0.03416666721,27
36,657,2,0.03529873662,25
36,658,2,0.0447992359,34
36,659,2,0.0588795747,33
36,660,2,0.03518871675,30
36,661,2,0.01853153977,25
36,662,2,0.04754993517,33
36,663,2,0.0375817956,31
36,664,2,0.0523794739,25
36,665,2,0.03329632116,30
36,666,2,0.03749831761,29
36,667,2,0.03866329761,27
36,668,2,0.03353253044,40
36,669,2,0.02744099734,31
36,670,2,0.04763193932,36
36,671,2,0.03883293148,35
36,672,2,0.03432597067,32
36,673,2,0.03345992535,30
36,674,2,0.008502328825,32
36,675,2,0.03015364782,31
36,676,2,0.007388416423,31
36,677,2,0.02756052535,28
36,678,2,0.0281737206,29
36,679,2,0.03256551991,28
36,680,2,0.0278885208,26
36,681,2,0.0269227686,28
36,682,2,0.02512899486,26
36,683,2,0.02042580095,26
36,684,2,0.04598866186,29
36,685,2,0.02843202185,28
36,686,2,0.03439158952,34
36,687,2,0.04318675098,30
36,688,2,0.02390888278,28
36,689,2,0.0338973957,33
36,690,2,0.02424826456,26
36,691,2,0.05190254047,34
36,692,2,0.03553832777,31
36,693,2,0.0492801071,34
36,694,2,0.01946116751,30
36,695,2,0.02947545033,27
36,696,2,0.03625487159,26
36,697,2,0.02876777853,28
36,698,2,0.03537948857,30
36,699,2,0.04379782483,29
36,700,2,0.02250336075,32
36,701,2,0.04291231282,30
36,702,2,0.03666097505,30
36,703,2,0.04129594556,29
36,704,2,0.04702188141,27
36,705,2,0.05200516679,32
36,706,2,0.03581921066,36
36,707,2,0.03967411482,29
36,708,2,0.03971452866,28
36,709,2,0.03519220554,32
36,710,2,0.03072175046,38
36,711,2,0.02475980739,30
36,712,2,0.03574979094,26
36,713,2,0.05157303325,29
36,714,2,0.04362527111,32
36,715,2,0.03613168993,25
36,716,2,0.04042204512,30
36,717,2,0.0451780262,31
36,718,2,0.03225988493,27
36,719,2,0.0410930554,29
36,720,2,0.03082169242,32
36,721,2,0.04151056336,29
36,722,2,0.04381567898,26
36,723,2,0.05271014765,32
36,724,2,0.04708137907,33
36,725,2,0.04601088639,33
36,726,2,0.02869313466,28
36,727,2,0.03158556791,28
36,728,2,0.04277720394,32
36,729,2,0.04175466395,28
36,730,2,0.04485633333,25
36,731,2,0.04456053756,30
36,732,2,0.03823242624,30
36,733,2,0.03512756831,28
36,734,2,0.05443464025,38
36,735,2,0.05215664242,31
36,736,2,0.03269413644,22
36,737,2,0.03877347588,33
36,738,2,0.03262447259,33
36,739,2,0.02535678055,29
36,740,2,0.03194301222,29
36,741,2,0.03695740498,29
36,742,2,0.02866234911,34
36,743,2,0.02687124807,31
36,744,2,0.03372811935,31
36,745,2,0.03733122635,28
36,746,2,0.03261878127,32
36,747,2,0.01899381137,23
36,748,2,0.03062063611,28
36,749,2,0.05841867663,36
36,750,2,0.02986537059,34
36,751,2,0.03407064088,29
36,752,2,0.03288676161,33
36,753,2,0.03696395514,29
36,754,2,0.02218611762,28
36,755,2,0.0257412151,28
36,756,2,0.04087679812,30
36,757,2,0.04943078937,34
36,758,2,0.04237364404,27
36,759,2,0.01707673679,28
36,760,2,0.03205891767,24
36,761,2,0.02809506833,27
36,762,2,0.04455320479,30
36,763,2,0.03524273148,27
36,764,2,0.03415806895,31
36,765,2,0.0461239473,32
36,766,2,0.02717235596,33
36,767,2,0.03814577763,31
36,768,2,0.03410481765,26
36,769,2,0.04044374171,33
36,770,2,0.07133738639,32
36,771,2,0.03530694973,34
36,772,2,0.02404573304,30
36,773,2,0.0489854644,34
36,774,2,0.03935779147,29
36,775,2,0.03852420853,28
36,776,2,0.03528266766,31
36,777,2,0.04099966491,35
36,778,2,0.05074571173,30
36,779,2,0.04632153801,32
36,780,2,0.03124286334,26
36,781,2,0.0216342356,31
36,782,2,0.0490699828,31
36,783,2,0.02332216298,28
36,784,2,0.04928566877,29
36,785,2,0.04161982408,30
36,786,2,0.01421186507,26
36,787,2,0.02446805392,29
36,788,2,0.06019062318,29
36,789,2,0.02274871201,22
36,790,2,0.01625433337,25
36,791,2,0.04093314251,31
36,792,2,0.03295039925,27
36,793,2,0.04119842282,28
36,794,2,0.02496591338,31
36,795,2,0.04365524951,31
36,796,2,0.06129432353,28
36,797,2,0.03219360056,34
36,798,2,0.03987902432,28
36,799,2,0.04801752669,32
36,800,2,0.02840828749,33
36,801,2,0.03706230435,33
36,802,2,0.03834886147,32
36,803,2,0.03033356927,34
36,804,2,0.04359556791,33
36,805,2,0.03346141163,36
36,806,2,0.04226745864,28
36,807,2,0.0489484522,25
36,808,2,0.04427562912,32
36,809,2,0.04514226619,34
36,810,2,0.0414094124,34
36,811,2,0.03096831121,29
36,812,2,0.04007604823,34
36,813,2,0.04751442159,26
36,814,2,0.01977642606,31
36,815,2,0.04541065856,27
36,816,2,0.03820956498,33
36,817,2,0.01693530743,31
36,818,2,0.03929344835,30
36,819,2,0.05069257823,37
36,820,2,0.04849494389,40
36,821,2,0.0370591416,37
36,822,2,0.04529710555,36
36,823,2,0.03967098431,28
36,824,2,0.03112594973,25
36,825,2,0.01903959882,28
36,826,2,0.04240524178,30
36,827,2,0.03227789562,28
36,828,2,0.02620449525,27
36,829,2,0.03748097929,29
36,830,2,0.03682180325,35
36,831,2,0.04532960263,38
36,832,2,0.04544112071,36
36,833,2,0.02359408912,25
36,834,2,0.03250886446,29
36,835,2,0.04206862639,32
36,836,2,0.03838829474,31
36,837,2,0.03549942077,28
36,838,2,0.05804276043,38
36,839,2,0.03849569861,32
36,840,2,0.05727869572,35
36,841,2,0.05133567268,33
36,842,2,0.04179627256,31
36,843,2,0.02853812796,26
36,844,2,0.03375560619,27
36,845,2,0.05566394953,35
36,846,2,0.02845809178,30
36,847,2,0.04209486877,33
36,848,2,0.01629069396,27
36,849,2,0.03138451076,25
36,850,2,0.03414502121,31
36,851,2,0.0463159141,28
36,852,2,0.05190687673,32
36,853,2,0.03173530588,29
36,854,2,0.0376205638,34
36,855,2,0.02546595816,28
36,856,2,0.04716614536,30
36,857,2,0.03221560213,28
36,858,2,0.02930425896,30
36,859,2,0.03611833202,30
36,860,2,0.03709732845,26
36,861,2,0.04081861592,32
36,862,2,0.02889584755,33
36,863,2,0.0277893911,29
36,864,2,0.05056453205,35
36,865,2,0.01727250429,24
36,866,2,0.03375805641,28
36,867,2,0.03885863593,26
36,868,2,0.04322167326,28
36,869,2,0.02193313788,23
36,870,2,0.02491035677,27
36,871,2,0.02726404598,32
36,872,2,0.03668954808,27
36,873,2,0.02250678905,26
36,874,2,0.02025772126,32
36,875,2,0.02935200145,25
36,876,2,0.05383523567,29
36,877,2,0.03496822664,28
36,878,2,0.04294261308,29
36,879,2,0.01434771457,29
36,880,2,0.04474092546,31
36,881,2,0.0305289684,32
36,882,2,0.03102957494,29
36,883,2,0.04733731645,29
36,884,2,0.04575943522,26
36,885,2,0.05137595276,30
36,886,2,0.04267649367,26
36,887,2,0.01535410099,25
36,888,2,0.02941541043,31
36,889,2,0.04455655301,28
36,890,2,0.02875511516,29
36,891,2,0.05219964679,31
36,892,2,0.04313667024,25
36,893,2,0.04410720649,28
36,894,2,0.03611910787,33
36,895,2,0.02936999767,29
36,896,2,0.02744836296,28
36,897,2,0.03986039295,36
36,898,2,0.0354912005,28
36,899,2,0.03822459775,32
36,900,2,0.03129331897,29
36,901,2,0.03158363274,29
36,902,2,0.02266892998,25
36,903,2,0.02884963513,36
36,904,2,0.05277100688,33
36,905,2,0.03215238396,29
36,906,2,0.04123344311,29
36,907,2,0.038718383,26
36,908,2,0.03654385724,31
36,909,2,0.04449698217,30
36,910,2,0.02655388403,28
36,911,2,0.03183556168,27
36,912,2,0.04415931232,29
36,913,2,0.04725642496,32
36,914,2,0.0357357933,34
36,915,2,0.03154747585,29
36,916,2,0.04784613983,35
36,917,2,0.05028634764,33
36,918,2,0.03577878057,30
36,919,2,0.02930803708,31
36,920,2,0.03043447222,28
36,921,2,0.02625302948,30
36,922,2,0.03570635687,24
36,923,2,0.04891623322,28
36,924,2,0.04225415575,26
36,925,2,0.03949941698,36
36,926,2,0.03979407488,35
36,927,2,0.04737635549,34
36,928,2,0.05096011923,25
36,929,2,0.03870160831,30
36,930,2,0.04708963034,30
36,931,2,0.03042914349,26
36,932,2,0.05998807448,31
36,933,2,0.03874495797,30
36,934,2,0.03359077649,32
36,935,2,0.03831991662,29
36,936,2,0.04127824892,22
36,937,2,0.03023730398,28
36,938,2,0.02420779277,26
36,939,2,0.03661448817,27
36,940,2,0.04189795073,36
36,941,2,0.01186105021,36
36,942,2,0.03735675217,31
36,943,2,0.04036598809,28
36,944,2,0.03278295175,29
36,945,2,0.03196484383,28
36,946,2,0.0374045887,30
36,947,2,0.03498112822,27
36,948,2,0.04583008286,31
36,949,2,0.04611015927,29
36,950,2,0.0514099184,28
36,951,2,0.04939439818,33
36,952,2,0.03971247771,31
36,953,2,0.01812576863,29
36,954,2,0.03688430889,32
36,955,2,0.03724125766,25
36,956,2,0.03364874222,29
36,957,2,0.03369956792,29
36,958,2,0.02265187028,25
36,959,2,0.03925761222,31
36,960,2,0.0295651961,35
36,961,2,0.04262095272,29
36,962,2,0.05241382722,32
36,963,2,0.0387255028,30
36,964,2,0.03804839854,32
36,965,2,0.03954534909,26
36,966,2,0.04953199523,31
36,967,2,0.05757357969,38
36,968,2,0.02924709637,26
36,969,2,0.04711125794,32
36,970,2,0.02690925582,25
36,971,2,0.03229800379,28
36,972,2,0.03883083026,31
36,973,2,0.05419479839,28
36,974,2,0.04524082955,34
36,975,2,0.02977594781,31
36,976,2,0.05109066844,31
36,977,2,0.04243415604,34
36,978,2,0.03457544507,28
36,979,2,0.03710121297,33
36,980,2,0.03764576676,26
36,981,2,0.02170133998,25
36,982,2,0.03624100675,33
36,983,2,0.03313935531,28
36,984,2,0.03605727127,34
36,985,2,0.03430839709,25
36,986,2,0.03546461195,29
36,987,2,0.05372029117,34
36,988,2,0.03720379046,26
36,989,2,0.04695792765,26
36,990,2,0.03045255161,27
36,991,2,0.03410898465,31
36,992,2,0.04574118692,31
36,993,2,0.03805461823,37
36,994,2,0.03804626696,30
36,995,2,0.04124127977,33
36,996,2,0.05579855007,33
36,997,2,0.04389480597,31
36,998,2,0.03570638854,26
36,999,2,0.03120966932,27
39,0,2,0.05572577032,37
39,1,2,0.01638303177,32
39,2,2,0.03355759307,33
39,3,2,0.04729623554,39
39,4,2,0.03963292694,32
39,5,2,0.04273233195,32
39,6,2,0.05498557904,34
39,7,2,0.02132757861,33
39,8,2,0.03145109157,35
39,9,2,0.03758162052,29
39,10,2,0.05827019911,40
39,11,2,0.05427067926,35
39,12,2,0.03775884257,37
39,13,2,0.03519366829,32
39,14,2,0.03403665366,37
39,15,2,0.05402293466,30
39,16,2,0.03564116325,35
39,17,2,0.05825581826,42
39,18,2,0.02525307805,29
39,19,2,0.04608809998,32
39,20,2,0.04664078113,35
39,21,2,0.05744841027,37
39,22,2,0.03477453987,33
39,23,2,0.05402906956,38
39,24,2,0.04338293345,32
39,25,2,0.06182506581,37
39,26,2,0.04924261742,34
39,27,2,0.04488465689,35
39,28,2,0.04906280153,36
39,29,2,0.0315118559,37
39,30,2,0.05336072092,41
39,31,2,0.05867276353,42
39,32,2,0.05897923717,35
39,33,2,0.03155953947,37
39,34,2,0.03656811696,28
39,35,2,0.05435491522,36
39,36,2,0.03455949435,39
39,37,2,0.05026497586,34
39,38,2,0.0399094223,40
39,39,2,0.03382651947,34
39,40,2,0.04783148696,39
39,41,2,0.04856095213,35
39,42,2,0.05759690204,37
39,43,2,0.02864610885,34
39,44,2,0.04700565336,35
39,45,2,0.05816973038,41
39,46,2,0.05595075543,35
39,47,2,0.03914405148,34
39,48,2,0.01638997928,29
39,49,2,0.02325370451,32
39,50,2,0.03620209479,34
39,51,2,0.03269774926,35
39,52,2,0.03160973471,37
39,53,2,0.05569217941,40
39,54,2,0.04209177423,34
39,55,2,0.04779851832,35
39,56,2,0.0329943827,35
39,57,2,0.03738509059,40
39,58,2,0.03097700111,29
39,59,2,0.03791240425,35
39,60,2,0.04628462452,33
39,61,2,0.04166011067,40
39,62,2,0.03901908215,34
39,63,2,0.04283875757,35
39,64,2,0.02969494333,36
39,65,2,0.041597203,34
39,66,2,0.04445866816,32
39,67,2,0.01988667216,30
39,68,2,0.04284697253,30
39,69,2,0.02758238195,34
39,70,2,0.05141825809,34
39,71,2,0.04758971862,37
39,72,2,0.04315087549,32
39,73,2,0.03928663842,31
39,74,2,0.03441911033,32
39,75,2,0.04340733073,34
39,76,2,0.0515867187,30
39,77,2,0.05184590285,35
39,78,2,0.04646250879,44
39,79,2,0.04635706852,36
39,80,2,0.03955905196,33
39,81,2,0.04408420784,33
39,82,2,0.04393159283,35
39,83,2,0.03164184362,33
39,84,2,0.04220822844,29
39,85,2,0.03806063385,36
39,86,2,0.0401529175,30
39,87,2,0.03538390255,35
39,88,2,0.04983691497,33
39,89,2,0.01501958821,31
39,90,2,0.04882075909,37
39,91,2,0.06004645959,35
39,92,2,0.04060688556,33
39,93,2,0.04817787077,34
39,94,2,0.05005722179,34
39,95,2,0.0256509037,37
39,96,2,0.04674280281,42
39,97,2,0.05160350984,36
39,98,2,0.03910807511,32
39,99,2,0.03994399198,29
39,100,2,0.04401191449,34
39,101,2,0.04058361698,29
39,102,2,0.04355077226,32
39,103,2,0.06163906262,41
39,104,2,0.03929793133,33
39,105,2,0.04423729004,39
39,106,2,0.04949304522,32
39,107,2,0.05302230128,34
39,108,2,0.05325875356,40
39,109,2,0.0365354719,35
39,110,2,0.04884758089,30
39,111,2,0.03083451376,28
39,112,2,0.05778591985,32
39,113,2,0.03402105766,32
39,114,2,0.03419251712,33
39,115,2,0.04442093192,34
39,116,2,0.0228348677,40
39,117,2,0.03627697928,35
39,118,2,0.06141111925,32
39,119,2,0.0507238228,39
39,120,2,0.03028029448,33
39,121,2,0.03565068535,36
39,122,2,0.06412712636,42
39,123,2,0.04657711751,35
39,124,2,0.04921662186,40
39,125,2,0.03964819828,33
39,126,2,0.04771632272,32
39,127,2,0.04653054989,36
39,128,2,0.05597140386,40
39,129,2,0.04947477339,37
39,130,2,0.03653205971,33
39,131,2,0.04089931776,38
39,132,2,0.04316334157,33
39,133,2,0.04721295918,31
39,134,2,0.04505963394,38
39,135,2,0.05634314422,37
39,136,2,0.06183830567,35
39,137,2,0.02864605281,31
39,138,2,0.03408188155,36
39,139,2,0.04063480409,36
39,140,2,0.03109068262,41
39,141,2,0.04291141637,31
39,142,2,0.04058310222,38
39,143,2,0.04581238223,32
39,144,2,0.0376467099,32
39,145,2,0.0479346321,44
39,146,2,0.03054801286,38
39,147,2,0.04330222672,34
39,148,2,0.03412733603,34
39,149,2,0.06363303366,38
39,150,2,0.0508934504,39
39,151,2,0.05724718719,33
39,152,2,0.03655124396,32
39,153,2,0.04928361348,37
39,154,2,0.0290179204,39
39,155,2,0.05325021909,41
39,156,2,0.0435151375,31
39,157,2,0.053244305,33
39,158,2,0.0459084998,32
39,159,2,0.04927995379,31
39,160,2,0.04904821418,40
39,161,2,0.04089533691,32
39,162,2,0.03647462323,39
39,163,2,0.06324792138,37
39,164,2,0.0420029246,34
39,165,2,0.04113760033,42
39,166,2,0.04027384458,37
39,167,2,0.05703225049,33
39,168,2,0.04448754623,35
39,169,2,0.04285928739,34
39,170,2,0.04040195093,33
39,171,2,0.04718740834,36
39,172,2,0.06852478481,42
39,173,2,0.05500143423,36
39,174,2,0.02526755486,35
39,175,2,0.02887973588,33
39,176,2,0.04398209257,30
39,177,2,0.03980211116,36
39,178,2,0.05105135316,35
39,179,2,0.03446203052,36
39,180,2,0.04619664188,32
39,181,2,0.02813234873,42
39,182,2,0.0528818646,37
39,183,2,0.04123101894,34
39,184,2,0.02500283131,34
39,185,2,0.04637888772,33
39,186,2,0.04263757086,31
39,187,2,0.03914251988,31
39,188,2,0.03316241805,32
39,189,2,0.04057286349,36
39,190,2,0.04340634734,35
39,191,2,0.0384748234,35
39,192,2,0.02831166021,29
39,193,2,0.05786254774,35
39,194,2,0.04183369931,33
39,195,2,0.04738741414,33
39,196,2,0.04729822559,38
39,197,2,0.03787859602,38
39,198,2,0.02701318252,33
39,199,2,0.04686263096,30
39,200,2,0.02885680482,31
39,201,2,0.03884138227,33
39,202,2,0.04364198686,31
39,203,2,0.03974694765,34
39,204,2,0.04120765537,32
39,205,2,0.0248804791,36
39,206,2,0.05147477796,33
39,207,2,0.0410915916,35
39,208,2,0.04800172967,34
39,209,2,0.04239488234,40
39,210,2,0.03224617528,33
39,211,2,0.04290759722,33
39,212,2,0.05541908338,36
39,213,2,0.03611054699,33
39,214,2,0.04666852005,35
39,215,2,0.07100606767,37
39,216,2,0.03924498956,31
39,217,2,0.04270501473,37
39,218,2,0.04987432899,38
39,219,2,0.05805773162,37
39,220,2,0.05020082125,30
39,221,2,0.05612401215,40
39,222,2,0.02347197833,31
39,223,2,0.04621177664,30
39,224,2,0.04741323026,38
39,225,2,0.05143504537,32
39,226,2,0.0339281306,36
39,227,2,0.04430189437,37
39,228,2,0.05162403238,32
39,229,2,0.04521512813,32
39,230,2,0.05832643579,40
39,231,2,0.02373412276,28
39,232,2,0.04757606693,33
39,233,2,0.03774954926,34
39,234,2,0.04520271422,35
39,235,2,0.04189998933,32
39,236,2,0.06258608935,35
39,237,2,0.04041013592,36
39,238,2,0.04125945102,31
39,239,2,0.07489769497,40
39,240,2,0.03418270768,37
39,241,2,0.02692615412,31
39,242,2,0.05289976831,36
39,243,2,0.03568991824,35
39,244,2,0.05227243722,35
39,245,2,0.05113478074,33
39,246,2,0.03450259805,38
39,247,2,0.0519731933,41
39,248,2,0.06252064023,35
39,249,2,0.06368214612,35
39,250,2,0.04958958008,35
39,251,2,0.05003744439,37
39,252,2,0.04971996478,37
39,253,2,0.0456386153,36
39,254,2,0.03229520258,36
39,255,2,0.03642004801,38
39,256,2,0.04923744147,33
39,257,2,0.03719477267,33
39,258,2,0.03431442721,37
39,259,2,0.04447294331,32
39,260,2,0.04415539929,34
39,261,2,0.04590390169,44
39,262,2,0.04376970288,33
39,263,2,0.04136215758,30
39,264,2,0.05692869836,35
39,265,2,0.03603413659,33
39,266,2,0.03693169266,36
39,267,2,0.04682005872,41
39,268,2,0.05724408697,34
39,269,2,0.04495363455,36
39,270,2,0.0475044018,36
39,271,2,0.03966680876,33
39,272,2,0.05960094257,33
39,273,2,0.03553288851,34
39,274,2,0.03775903429,30
39,275,2,0.02974811404,33
39,276,2,0.03577729342,34
39,277,2,0.04741690248,36
39,278,2,0.05391698744,43
39,279,2,0.04980116961,33
39,280,2,0.03273126471,32
39,281,2,0.05004251452,33
39,282,2,0.03308652595,33
39,283,2,0.04383991497,39
39,284,2,0.05486300149,39
39,285,2,0.04186109143,36
39,286,2,0.04507055422,34
39,287,2,0.05600869766,34
39,288,2,0.03688774247,35
39,289,2,0.02888741112,32
39,290,2,0.0464930487,34
39,291,2,0.03452650093,30
39,292,2,0.04320974596,38
39,293,2,0.04933771936,36
39,294,2,0.03317375242,37
39,295,2,0.04912791444,35
39,296,2,0.04784100169,39
39,297,2,0.04781400552,36
39,298,2,0.05463459219,35
39,299,2,0.05057388346,39
39,300,2,0.0400463096,36
39,301,2,0.04286923945,37
39,302,2,0.02304113048,33
39,303,2,0.05052953226,35
39,304,2,0.05327282474,37
39,305,2,0.04617308634,38
39,306,2,0.02645690155,28
39,307,2,0.04453707129,32
39,308,2,0.05602036632,37
39,309,2,0.0451485417,33
39,310,2,0.05585727762,35
39,311,2,0.05276888653,38
39,312,2,0.04859848237,32
39,313,2,0.05670308973,40
39,314,2,0.0356901386,34
39,315,2,0.04461387916,33
39,316,2,0.04416987997,34
39,317,2,0.04772052207,34
39,318,2,0.05256319266,39
39,319,2,0.02700716269,33
39,320,2,0.04136837999,28
39,321,2,0.05251789705,32
39,322,2,0.02772187764,33
39,323,2,0.04266966048,36
39,324,2,0.0463556328,33
39,325,2,0.04464042766,40
39,326,2,0.04362977527,31
39,327,2,0.03756543923,36
39,328,2,0.03453342116,29
39,329,2,0.03729324293,33
39,330,2,0.03829614705,34
39,331,2,0.06587930759,34
39,332,2,0.04917902054,34
39,333,2,0.05225447836,32
39,334,2,0.04389030723,35
39,335,2,0.04003255483,31
39,336,2,0.03473422126,38
39,337,2,0.03623941118,39
39,338,2,0.05678772151,36
39,339,2,0.04220700005,37
39,340,2,0.04679677053,33
39,341,2,0.03627135547,33
39,342,2,0.03081509029,33
39,343,2,0.05065376401,37
39,344,2,0.04999804618,35
39,345,2,0.04522114339,30
39,346,2,0.04486929104,31
39,347,2,0.0266034677,32
39,348,2,0.03741900816,35
39,349,2,0.03274891799,31
39,350,2,0.03543179694,29
39,351,2,0.05180936124,38
39,352,2,0.0422049121,28
39,353,2,0.02511960956,33
39,354,2,0.03108703496,31
39,355,2,0.07366683544,38
39,356,2,0.04426927462,32
39,357,2,0.03655451067,35
39,358,2,0.04399669575,35
39,359,2,0.03664935542,32
39,360,2,0.04499370092,40
39,361,2,0.02954366287,37
39,362,2,0.05130778734,34
39,363,2,0.02954517784,36
39,364,2,0.0445015244,35
39,365,2,0.05448740363,37
39,366,2,0.05415105188,36
39,367,2,0.03576067369,31
39,368,2,0.04267749091,37
39,369,2,0.03966627935,35
39,370,2,0.0412040556,32
39,371,2,0.0355584618,29
39,372,2,0.061393866,39
39,373,2,0.05856841127,35
39,374,2,0.05026566788,36
39,375,2,0.05334943859,35
39,376,2,0.04719092038,36
39,377,2,0.04360630768,37
39,378,2,0.04341808113,36
39,379,2,0.03853074281,40
39,380,2,0.04024898513,32
39,381,2,0.04300758109,31
39,382,2,0.04036792472,34
39,383,2,0.04019645414,33
39,384,2,0.05935683442,35
39,385,2,0.03581070294,29
39,386,2,0.04993940162,35
39,387,2,0.03772907396,35
39,388,2,0.04919574087,41
39,389,2,0.0329832074,32
39,390,2,0.03743226785,38
39,391,2,0.04692301138,40
39,392,2,0.04498335312,38
39,393,2,0.02352397895,34
39,394,2,0.04101784484,34
39,395,2,0.03356683903,34
39,396,2,0.05433854821,35
39,397,2,0.03751091872,29
39,398,2,0.03304438236,32
39,399,2,0.05095939554,42
39,400,2,0.04115870594,36
39,401,2,0.0572245063,39
39,402,2,0.03883898278,30
39,403,2,0.02936911187,32
39,404,2,0.04715091937,34
39,405,2,0.04548828321,35
39,406,2,0.04140811009,36
39,407,2,0.04539518053,34
39,408,2,0.03614349221,30
39,409,2,0.03569623769,30
39,410,2,0.02357292143,29
39,411,2,0.03759462809,31
39,412,2,0.03739530621,33
39,413,2,0.03760030677,31
39,414,2,0.03500013268,33
39,415,2,0.03654120691,32
39,416,2,0.05676368425,36
39,417,2,0.04374759534,31
39,418,2,0.06514161383,44
39,419,2,0.04053426392,38
39,420,2,0.05014981109,34
39,421,2,0.04716885487,34
39,422,2,0.03506986305,37
39,423,2,0.05770109759,35
39,424,2,0.04770978673,35
39,425,2,0.03771294392,36
39,426,2,0.04740364924,35
39,427,2,0.04739379081,39
39,428,2,0.05597761199,37
39,429,2,0.04138084351,31
39,430,2,0.02271990927,32
39,431,2,0.03739406901,32
39,432,2,0.05064916032,33
39,433,2,0.03011786476,33
39,434,2,0.03788343024,29
39,435,2,0.03899848723,30
39,436,2,0.04146176431,33
39,437,2,0.0533440767,38
39,438,2,0.0240925461,33
39,439,2,0.03034778395,29
39,440,2,0.03117111094,29
39,441,2,0.04170455029,37
39,442,2,0.03761748718,37
39,443,2,0.03105207151,31
39,444,2,0.05617302756,27
39,445,2,0.02494092975,33
39,446,2,0.05942980398,31
39,447,2,0.03810213959,33
39,448,2,0.05182486591,34
39,449,2,0.05611966838,40
39,450,2,0.05419997398,35
39,451,2,0.05853403349,40
39,452,2,0.04703098024,31
39,453,2,0.04749568618,35
39,454,2,0.02439258093,32
39,455,2,0.0510830973,39
39,456,2,0.06492031209,38
39,457,2,0.03850518121,40
39,458,2,0.03946531019,32
39,459,2,0.02712975504,34
39,460,2,0.03645658665,35
39,461,2,0.06179994446,34
39,462,2,0.03647505999,31
39,463,2,0.04167324241,37
39,464,2,0.04663720923,36
39,465,2,0.05589436315,31
39,466,2,0.04052909735,34
39,467,2,0.05395963812,33
39,468,2,0.06287190453,42
39,469,2,0.0499301505,37
39,470,2,0.04401274982,37
39,471,2,0.04452310308,32
39,472,2,0.04005183737,33
39,473,2,0.03574611869,32
39,474,2,0.04840311072,39
39,475,2,0.03390292113,32
39,476,2,0.03525919164,31
39,477,2,0.04566716348,36
39,478,2,0.05309352328,36
39,479,2,0.04183316809,33
39,480,2,0.03738373923,35
39,481,2,0.03539214133,32
39,482,2,0.05110346295,36
39,483,2,0.04229096103,30
39,484,2,0.05266442344,35
39,485,2,0.03290754928,36
39,486,2,0.05125695437,41
39,487,2,0.04413470899,37
39,488,2,0.04787339388,31
39,489,2,0.04820196046,40
39,490,2,0.05365224689,29
39,491,2,0.04672466983,35
39,492,2,0.05018677693,29
39,493,2,0.04913408984,36
39,494,2,0.04490220034,38
39,495,2,0.03879755562,30
39,496,2,0.0337844422,28
39,497,2,0.03970858366,32
39,498,2,0.05982077209,34
39,499,2,0.03583601495,34
39,500,2,0.05623121104,40
39,501,2,0.04399357595,35
39,502,2,0.04666753598,45
39,503,2,0.04567231254,29
39,504,2,0.03740046676,31
39,505,2,0.04421124709,37
39,506,2,0.04583803521,36
39,507,2,0.04774223081,36
39,508,2,0.04495203256,32
39,509,2,0.05403581796,32
39,510,2,0.0376206574,30
39,511,2,0.02841074311,32
39,512,2,0.05715728984,33
39,513,2,0.03849915051,34
39,514,2,0.04769859649,36
39,515,2,0.05721010813,39
39,516,2,0.05477411222,33
39,517,2,0.04901592055,34
39,518,2,0.05546636824,44
39,519,2,0.03561507749,34
39,520,2,0.04624502497,35
39,521,2,0.05256318749,41
39,522,2,0.04648445712,33
39,523,2,0.0418332462,33
39,524,2,0.05076688835,34
39,525,2,0.04748643442,36
39,526,2,0.04087401606,32
39,527,2,0.04252018179,34
39,528,2,0.04708369413,31
39,529,2,0.03297181917,34
39,530,2,0.05396973277,36
39,531,2,0.0394587598,30
39,532,2,0.05766999378,35
39,533,2,0.03410051634,37
39,534,2,0.04196205119,32
39,535,2,0.04148628816,37
39,536,2,0.02845926908,36
39,537,2,0.04099723335,35
39,538,2,0.03252020532,32
39,539,2,0.03683716735,32
39,540,2,0.05311731162,39
39,541,2,0.03734049,35
39,542,2,0.03799613655,36
39,543,2,0.05119949491,34
39,544,2,0.05010440934,39
39,545,2,0.04849770173,35
39,546,2,0.05704146022,39
39,547,2,0.0289603497,36
39,548,2,0.03385008009,31
39,549,2,0.05390013498,36
39,550,2,0.05492852195,39
39,551,2,0.04250848215,29
39,552,2,0.03402370878,33
39,553,2,0.03498348219,30
39,554,2,0.04153272912,33
39,555,2,0.04576634688,39
39,556,2,0.04432844539,44
39,557,2,0.04816838726,37
39,558,2,0.01468644187,36
39,559,2,0.03902119403,37
39,560,2,0.04450380208,34
39,561,2,0.05997392498,33
39,562,2,0.05793096133,35
39,563,2,0.04892224533,28
39,564,2,0.04664727153,34
39,565,2,0.03287402658,31
39,566,2,0.05203676702,35
39,567,2,0.04242001532,42
39,568,2,0.06877107041,28
39,569,2,0.05566459717,32
39,570,2,0.06417981118,40
39,571,2,0.04265983918,29
39,572,2,0.03768437508,34
39,573,2,0.05631067509,37
39,574,2,0.03254792132,33
39,575,2,0.04834661392,41
39,576,2,0.05030110709,34
39,577,2,0.02773046312,36
39,578,2,0.04322385717,33
39,579,2,0.04473552295,39
39,580,2,0.04137976636,33
39,581,2,0.05069989998,33
39,582,2,0.04133453351,35
39,583,2,0.03061219406,30
39,584,2,0.03761461611,34
39,585,2,0.04490716785,37
39,586,2,0.05272556223,38
39,587,2,0.02678884312,36
39,588,2,0.05127046967,39
39,589,2,0.05362186256,35
39,590,2,0.0303626108,30
39,591,2,0.03588949352,33
39,592,2,0.04203347315,37
39,593,2,0.05274812712,39
39,594,2,0.04000780774,40
39,595,2,0.03983755851,39
39,596,2,0.04171153234,32
39,597,2,0.05767209127,39
39,598,2,0.0420856041,37
39,599,2,0.05165273392,38
39,600,2,0.02501186619,35
39,601,2,0.03844721483,31
39,602,2,0.03488381077,30
39,603,2,0.03491758044,40
39,604,2,0.06353314321,34
39,605,2,0.03133709156,32
39,606,2,0.05000606396,33
39,607,2,0.03629108406,34
39,608,2,0.03609646354,32
39,609,2,0.02812328351,38
39,610,2,0.04753466333,36
39,611,2,0.04669830606,33
39,612,2,0.02741771117,36
39,613,2,0.04229162957,34
39,614,2,0.0557098523,33
39,615,2,0.05534360073,42
39,616,2,0.04744208473,29
39,617,2,0.04154207062,29
39,618,2,0.0577397225,32
39,619,2,0.04429759429,39
39,620,2,0.03123279683,31
39,621,2,0.03971774231,36
39,622,2,0.05195690057,38
39,623,2,0.05816956392,37
39,624,2,0.04300313315,30
39,625,2,0.03541763923,32
39,626,2,0.04225784817,35
39,627,2,0.03843306156,34
39,628,2,0.04465259167,32
39,629,2,0.03195562012,34
39,630,2,0.04372910915,35
39,631,2,0.03514456979,34
39,632,2,0.04742347375,38
39,633,2,0.04098764423,41
39,634,2,0.05339985543,43
39,635,2,0.05088648483,37
39,636,2,0.03749829066,30
39,637,2,0.04457690757,32
39,638,2,0.05221909035,32
39,639,2,0.03663555589,39
39,640,2,0.05199727107,34
39,641,2,0.04775090606,28
39,642,2,0.05186059038,33
39,643,2,0.04643920717,33
39,644,2,0.03068932858,31
39,645,2,0.03581234831,36
39,646,2,0.0313230787,38
39,647,2,0.05121040163,28
39,648,2,0.04057700031,33
39,649,2,0.04399436315,36
39,650,2,0.05332419608,40
39,651,2,0.04740760074,34
39,652,2,0.04549819343,34
39,653,2,0.04586147569,29
39,654,2,0.02970818224,31
39,655,2,0.05156558712,37
39,656,2,0.03719530692,33
39,657,2,0.03538741717,30
39,658,2,0.0439823263,37
39,659,2,0.05696849041,35
39,660,2,0.04459154,37
39,661,2,0.04290119574,33
39,662,2,0.05218702129,38
39,663,2,0.04051972578,35
39,664,2,0.05257183572,32
39,665,2,0.0372316161,32
39,666,2,0.03744946594,35
39,667,2,0.04354315299,32
39,668,2,0.03837956214,42
39,669,2,0.0254022526,34
39,670,2,0.04668313389,38
39,671,2,0.05388394699,38
39,672,2,0.03508664938,36
39,673,2,0.04863135814,34
39,674,2,0.03676878492,40
39,675,2,0.04376923169,34
39,676,2,0.01430783026,39
39,677,2,0.0297281735,36
39,678,2,0.02854238021,31
39,679,2,0.03629213103,35
39,680,2,0.04845158085,32
39,681,2,0.02874688318,32
39,682,2,0.03217660555,32
39,683,2,0.041144684,31
39,684,2,0.04480580732,32
39,685,2,0.05833168837,35
39,686,2,0.04196939014,36
39,687,2,0.05461531711,37
39,688,2,0.03110860464,36
39,689,2,0.04419592896,36
39,690,2,0.03338554673,31
39,691,2,0.04858881005,38
39,692,2,0.03750140362,36
39,693,2,0.05911252737,39
39,694,2,0.0418626395,32
39,695,2,0.05340229473,34
39,696,2,0.03671023054,32
39,697,2,0.0289815941,32
39,698,2,0.04026996393,35
39,699,2,0.04828773495,37
39,700,2,0.0242881819,39
39,701,2,0.05300168326,36
39,702,2,0.04730002775,35
39,703,2,0.0575846023,36
39,704,2,0.05364723661,35
39,705,2,0.05355889281,33
39,706,2,0.06009743541,46
39,707,2,0.0457627582,35
39,708,2,0.0503622476,37
39,709,2,0.04270875861,37
39,710,2,0.04020900997,42
39,711,2,0.03001683245,34
39,712,2,0.0451085544,32
39,713,2,0.05510038936,33
39,714,2,0.0511869517,38
39,715,2,0.03607594879,32
39,716,2,0.04009225727,34
39,717,2,0.04345623161,33
39,718,2,0.03738394506,33
39,719,2,0.04053253114,37
39,720,2,0.04365302695,42
39,721,2,0.04809631667,33
39,722,2,0.04375582381,35
39,723,2,0.05299718909,35
39,724,2,0.05914414083,36
39,725,2,0.04829852282,38
39,726,2,0.05592573987,38
39,727,2,0.03870438821,35
39,728,2,0.0420941224,35
39,729,2,0.0439360749,34
39,730,2,0.05367368774,29
39,731,2,0.04255151061,36
39,732,2,0.04148788851,38
39,733,2,0.05324711633,33
39,734,2,0.05649762696,41
39,735,2,0.05328199632,36
39,736,2,0.03451897879,31
39,737,2,0.0478404296,40
39,738,2,0.04495255664,38
39,739,2,0.03575250799,32
39,740,2,0.03108834391,35
39,741,2,0.05277247359,33
39,742,2,0.035664169,36
39,743,2,0.03729646134,36
39,744,2,0.02861794002,37
39,745,2,0.03846268752,32
39,746,2,0.04613148056,36
39,747,2,0.03332782641,31
39,748,2,0.04445629879,33
39,749,2,0.06000285992,37
39,750,2,0.04634596165,41
39,751,2,0.05069224963,37
39,752,2,0.03617631347,37
39,753,2,0.04409846828,33
39,754,2,0.03369613927,37
39,755,2,0.03563546218,31
39,756,2,0.04145867499,33
39,757,2,0.04696205178,39
39,758,2,0.06009714376,34
39,759,2,0.01392927419,35
39,760,2,0.04253376394,32
39,761,2,0.02320279489,34
39,762,2,0.05199613507,34
39,763,2,0.03832457635,33
39,764,2,0.04334696725,36
39,765,2,0.05692100929,38
39,766,2,0.05270065909,39
39,767,2,0.03680330078,35
39,768,2,0.04159144869,31
39,769,2,0.03921018352,36
39,770,2,0.07257044863,34
39,771,2,0.03911223918,42
39,772,2,0.03544324278,33
39,773,2,0.05366600304,39
39,774,2,0.04763508419,32
39,775,2,0.04153095994,32
39,776,2,0.03516080031,33
39,777,2,0.04187543534,38
39,778,2,0.04933011255,37
39,779,2,0.04349066836,36
39,780,2,0.04110892036,34
39,781,2,0.02808839258,34
39,782,2,0.05057603213,35
39,783,2,0.02575190177,37
39,784,2,0.04723485798,37
39,785,2,0.05218740048,35
39,786,2,0.03167633918,33
39,787,2,0.02199046013,33
39,788,2,0.06134861145,35
39,789,2,0.0467682585,30
39,790,2,0.0260458464,32
39,791,2,0.04563134309,33
39,792,2,0.05842841267,35
39,793,2,0.04534658534,34
39,794,2,0.02546089914,34
39,795,2,0.0441780694,36
39,796,2,0.06884428164,34
39,797,2,0.04954112007,43
39,798,2,0.04421126564,35
39,799,2,0.04756542914,34
39,800,2,0.04558973715,38
39,801,2,0.06095571397,39
39,802,2,0.03814938014,33
39,803,2,0.04403720243,42
39,804,2,0.05076231795,34
39,805,2,0.05114633647,42
39,806,2,0.05453924648,33
39,807,2,0.04810206571,29
39,808,2,0.04245248084,35
39,809,2,0.05294181582,36
39,810,2,0.04200524258,39
39,811,2,0.05115311353,36
39,812,2,0.04711033648,39
39,813,2,0.04915538959,32
39,814,2,0.02706940495,32
39,815,2,0.04064890092,35
39,816,2,0.03728958382,36
39,817,2,0.03269102409,35
39,818,2,0.04173894655,35
39,819,2,0.05573353001,42
39,820,2,0.04946846218,43
39,821,2,0.05069368693,42
39,822,2,0.04329898841,42
39,823,2,0.03621809489,34
39,824,2,0.04261066532,29
39,825,2,0.02527635483,30
39,826,2,0.05758224374,37
39,827,2,0.05025499079,37
39,828,2,0.03269568041,31
39,829,2,0.03652785397,35
39,830,2,0.03814934615,39
39,831,2,0.05212486407,42
39,832,2,0.04314165881,40
39,833,2,0.04128750623,31
39,834,2,0.04596862244,38
39,835,2,0.05522968557,36
39,836,2,0.04489044107,33
39,837,2,0.04048111434,34
39,838,2,0.05739873907,43
39,839,2,0.05047535932,38
39,840,2,0.05597820291,37
39,841,2,0.06217037418,41
39,842,2,0.04776390628,34
39,843,2,0.03871053187,28
39,844,2,0.04182444657,32
39,845,2,0.05393627477,37
39,846,2,0.0343812229,34
39,847,2,0.04856580797,37
39,848,2,0.01474196619,32
39,849,2,0.03310074514,33
39,850,2,0.03129559152,34
39,851,2,0.06076179634,34
39,852,2,0.05509396508,37
39,853,2,0.03692347919,36
39,854,2,0.03734652555,38
39,855,2,0.03502962337,34
39,856,2,0.04840316357,35
39,857,2,0.0411602015,32
39,858,2,0.02884262954,32
39,859,2,0.05875956285,37
39,860,2,0.03526025406,31
39,861,2,0.04491101358,35
39,862,2,0.03131507075,41
39,863,2,0.04363394856,38
39,864,2,0.05056453205,35
39,865,2,0.03681479429,30
39,866,2,0.04482201702,36
39,867,2,0.04705509135,31
39,868,2,0.04699493783,32
39,869,2,0.03660444351,28
39,870,2,0.02308611741,31
39,871,2,0.034834862,36
39,872,2,0.04160414798,32
39,873,2,0.04118100599,30
39,874,2,0.04103077962,38
39,875,2,0.04889810594,32
39,876,2,0.05424736668,33
39,877,2,0.04679773305,34
39,878,2,0.05257814025,34
39,879,2,0.02702381862,33
39,880,2,0.05530990903,34
39,881,2,0.03104761199,33
39,882,2,0.04441892637,38
39,883,2,0.05044804416,36
39,884,2,0.04488121577,33
39,885,2,0.04413238197,36
39,886,2,0.04610545238,31
39,887,2,0.03178099993,33
39,888,2,0.03453450232,33
39,889,2,0.04325798215,32
39,890,2,0.04375623364,36
39,891,2,0.05251673289,35
39,892,2,0.04493245597,29
39,893,2,0.04975922107,35
39,894,2,0.04044850775,35
39,895,2,0.03815560217,35
39,896,2,0.03422842965,32
39,897,2,0.04109389774,40
39,898,2,0.03498358217,33
39,899,2,0.05054595222,38
39,900,2,0.0350744605,35
39,901,2,0.04390228539,34
39,902,2,0.02088118736,29
39,903,2,0.04933267046,43
39,904,2,0.05625764473,37
39,905,2,0.03787552154,33
39,906,2,0.04319443379,32
39,907,2,0.05786881316,34
39,908,2,0.03870956836,37
39,909,2,0.04576189987,34
39,910,2,0.03410189135,34
39,911,2,0.03203901024,32
39,912,2,0.04784162967,38
39,913,2,0.06159488012,41
39,914,2,0.04584010254,38
39,915,2,0.02837292588,35
39,916,2,0.04767450413,38
39,917,2,0.04990551003,37
39,918,2,0.03528614111,34
39,919,2,0.04995592163,35
39,920,2,0.05093258355,39
39,921,2,0.04579022204,37
39,922,2,0.03651396078,30
39,923,2,0.05723140759,33
39,924,2,0.05142317607,33
39,925,2,0.05216786641,39
39,926,2,0.04262022373,41
39,927,2,0.04607289218,40
39,928,2,0.05469620346,30
39,929,2,0.05022801773,39
39,930,2,0.05499971616,34
39,931,2,0.04286721387,31
39,932,2,0.06353516346,36
39,933,2,0.03740441942,34
39,934,2,0.03357860666,39
39,935,2,0.04228736296,35
39,936,2,0.04930386059,28
39,937,2,0.02916750808,30
39,938,2,0.03780919344,33
39,939,2,0.05653287092,33
39,940,2,0.04778095404,43
39,941,2,0.0321436742,42
39,942,2,0.04553748619,36
39,943,2,0.04340937,33
39,944,2,0.03803125304,32
39,945,2,0.03061722688,36
39,946,2,0.04944191922,34
39,947,2,0.05406414062,31
39,948,2,0.04787624035,38
39,949,2,0.05830543133,33
39,950,2,0.04939553183,33
39,951,2,0.05575843848,37
39,952,2,0.0474195088,38
39,953,2,0.03320911409,34
39,954,2,0.04192920136,36
39,955,2,0.0491507705,32
39,956,2,0.03117405626,34
39,957,2,0.03289663839,30
39,958,2,0.03204319659,29
39,959,2,0.04394579999,33
39,960,2,0.04350450128,43
39,961,2,0.04333661982,38
39,962,2,0.04745402501,37
39,963,2,0.03951076863,34
39,964,2,0.03682306415,34
39,965,2,0.04947253031,33
39,966,2,0.05747768733,36
39,967,2,0.0560040743,44
39,968,2,0.03595565096,33
39,969,2,0.06460480925,36
39,970,2,0.03199137811,30
39,971,2,0.03442574102,33
39,972,2,0.04705201131,38
39,973,2,0.05753552864,33
39,974,2,0.04477097339,35
39,975,2,0.06048615311,38
39,976,2,0.06035101997,34
39,977,2,0.0426772108,35
39,978,2,0.05747697211,35
39,979,2,0.04807826608,40
39,980,2,0.03777962626,32
39,981,2,0.04700177567,30
39,982,2,0.03432281588,37
39,983,2,0.0374533801,31
39,984,2,0.05965977412,39
39,985,2,0.04629565299,31
39,986,2,0.04024659568,34
39,987,2,0.05798015999,40
39,988,2,0.05210114783,32
39,989,2,0.04078286652,31
39,990,2,0.03640958647,32
39,991,2,0.03620105841,36
39,992,2,0.04380243659,37
39,993,2,0.04623864897,41
39,994,2,0.03734860256,33
39,995,2,0.05351166784,38
39,996,2,0.06249420022,36
39,997,2,0.04221134306,33
39,998,2,0.05233674424,34
39,999,2,0.04289982846,32
42,0,2,0.05555393123,43
42,1,2,0.03804345131,38
42,2,2,0.03665161993,41
42,3,2,0.06144479396,44
42,4,2,0.05489676712,37
42,5,2,0.03949340517,38
42,6,2,0.05353397237,39
42,7,2,0.02037646551,38
42,8,2,0.03802532423,44
42,9,2,0.06302969716,38
42,10,2,0.06539760134,44
42,11,2,0.05379039066,41
42,12,2,0.0362966013,41
42,13,2,0.05833319408,37
42,14,2,0.04597882577,41
42,15,2,0.0506465722,37
42,16,2,0.0354600314,42
42,17,2,0.05818822666,47
42,18,2,0.03188976216,36
42,19,2,0.04801374246,40
42,20,2,0.0678045559,39
42,21,2,0.06362822394,43
42,22,2,0.03730751663,37
42,23,2,0.06101703896,40
42,24,2,0.04350302409,36
42,25,2,0.06041715259,40
42,26,2,0.05254359449,42
42,27,2,0.05961799125,40
42,28,2,0.04555545692,40
42,29,2,0.0340211006,38
42,30,2,0.05816237154,48
42,31,2,0.06002943094,49
42,32,2,0.05911237995,41
42,33,2,0.04424896063,41
42,34,2,0.0488832223,36
42,35,2,0.05511551192,37
42,36,2,0.04617503502,45
42,37,2,0.06907731846,41
42,38,2,0.04552805307,45
42,39,2,0.04676971027,39
42,40,2,0.05918499767,48
42,41,2,0.0481891936,41
42,42,2,0.0653928779,41
42,43,2,0.04359743826,39
42,44,2,0.05173037126,40
42,45,2,0.06748542467,45
42,46,2,0.0618072544,40
42,47,2,0.06009407515,37
42,48,2,0.04333357976,34
42,49,2,0.0325347145,37
42,50,2,0.04922914754,41
42,51,2,0.04049397772,41
42,52,2,0.04594366148,46
42,53,2,0.05581304203,41
42,54,2,0.05428481657,41
42,55,2,0.05726057598,40
42,56,2,0.03121990709,38
42,57,2,0.03511562262,43
42,58,2,0.04880206577,39
42,59,2,0.03729596594,44
42,60,2,0.0550155949,44
42,61,2,0.04077860862,44
42,62,2,0.05241124194,41
42,63,2,0.04834632268,40
42,64,2,0.05246369998,44
42,65,2,0.06298843401,41
42,66,2,0.03775349749,41
42,67,2,0.02498387062,37
42,68,2,0.07242881984,37
42,69,2,0.03430170927,38
42,70,2,0.05938033194,40
42,71,2,0.05620935164,41
42,72,2,0.05220333206,37
42,73,2,0.0533638062,35
42,74,2,0.05135573821,38
42,75,2,0.04701216668,41
42,76,2,0.04630582018,39
42,77,2,0.05150966086,38
42,78,2,0.0507348079,51
42,79,2,0.04705937192,45
42,80,2,0.05159862301,39
42,81,2,0.06242763083,42
42,82,2,0.0509359393,39
42,83,2,0.0280876831,39
42,84,2,0.04178535784,32
42,85,2,0.04491365683,40
42,86,2,0.03821329295,37
42,87,2,0.03850280463,42
42,88,2,0.0591192101,38
42,89,2,0.03011787906,35
42,90,2,0.05173225718,45
42,91,2,0.0689022106,43
42,92,2,0.0514660585,35
42,93,2,0.05964025004,42
42,94,2,0.05456494287,41
42,95,2,0.03556619726,44
42,96,2,0.05084841937,46
42,97,2,0.05320236917,43
42,98,2,0.05780657909,39
42,99,2,0.04951141666,39
42,100,2,0.04822299405,42
42,101,2,0.03824174209,33
42,102,2,0.06191510835,37
42,103,2,0.06795776557,44
42,104,2,0.0503755873,41
42,105,2,0.04287943586,44
42,106,2,0.06169720227,39
42,107,2,0.0589238292,37
42,108,2,0.05511974826,45
42,109,2,0.05343738398,40
42,110,2,0.05903917918,36
42,111,2,0.0380308373,33
42,112,2,0.05336292306,38
42,113,2,0.05054416065,39
42,114,2,0.03399970218,38
42,115,2,0.06547931193,42
42,116,2,0.02883542689,42
42,117,2,0.05759025936,42
42,118,2,0.07185705472,38
42,119,2,0.05210147692,44
42,120,2,0.06838084601,41
42,121,2,0.03388069774,38
42,122,2,0.07432644738,46
42,123,2,0.05753386032,37
42,124,2,0.06329293784,45
42,125,2,0.04405706416,36
42,126,2,0.06092868947,40
42,127,2,0.04954566013,39
42,128,2,0.06185578715,42
42,129,2,0.06339747743,44
42,130,2,0.04531918099,37
42,131,2,0.03962296304,41
42,132,2,0.05503448263,38
42,133,2,0.06278927005,37
42,134,2,0.04577349827,41
42,135,2,0.05278519084,45
42,136,2,0.06041728493,43
42,137,2,0.04229908942,37
42,138,2,0.05267733342,40
42,139,2,0.04895724334,40
42,140,2,0.0426881771,48
42,141,2,0.05316978384,39
42,142,2,0.03718782835,45
42,143,2,0.04915005859,37
42,144,2,0.03487169525,37
42,145,2,0.0489168786,49
42,146,2,0.05324349469,42
42,147,2,0.04177235182,40
42,148,2,0.04905321942,41
42,149,2,0.06958251803,45
42,150,2,0.05891873394,45
42,151,2,0.05734720856,38
42,152,2,0.04657537287,38
42,153,2,0.06219170305,43
42,154,2,0.03784066716,42
42,155,2,0.05823337955,47
42,156,2,0.04899308819,35
42,157,2,0.0571784887,40
42,158,2,0.04775607995,35
42,159,2,0.06181434461,36
42,160,2,0.0492319619,44
42,161,2,0.05656924729,38
42,162,2,0.05161031706,45
42,163,2,0.06599283473,46
42,164,2,0.04955074805,39
42,165,2,0.04546231771,48
42,166,2,0.04588164144,40
42,167,2,0.06587754716,42
42,168,2,0.05303488188,40
42,169,2,0.04055666707,41
42,170,2,0.04680996965,37
42,171,2,0.04311469748,45
42,172,2,0.06918838668,49
42,173,2,0.0625426999,43
42,174,2,0.04399736287,44
42,175,2,0.05114690012,43
42,176,2,0.05772614473,39
42,177,2,0.04581178719,44
42,178,2,0.05238968801,42
42,179,2,0.0654294139,43
42,180,2,0.05594002484,40
42,181,2,0.04191464327,50
42,182,2,0.0536920234,42
42,183,2,0.0574705539,40
42,184,2,0.02930361485,36
42,185,2,0.05770868199,37
42,186,2,0.05699588803,35
42,187,2,0.0626418324,38
42,188,2,0.03001380067,38
42,189,2,0.04971025955,39
42,190,2,0.060783181,39
42,191,2,0.0442403836,38
42,192,2,0.04760568006,34
42,193,2,0.05794346262,43
42,194,2,0.0595499013,38
42,195,2,0.04629819004,39
42,196,2,0.04765945348,45
42,197,2,0.0618511313,48
42,198,2,0.03910053253,38
42,199,2,0.06650586908,38
42,200,2,0.04818093305,36
42,201,2,0.04957387139,41
42,202,2,0.04845257753,40
42,203,2,0.04562662281,38
42,204,2,0.049223155,39
42,205,2,0.05495560616,46
42,206,2,0.05090651621,35
42,207,2,0.05752128921,41
42,208,2,0.05128117484,39
42,209,2,0.0404356534,43
42,210,2,0.05563283694,39
42,211,2,0.05127192024,41
42,212,2,0.05437762672,41
42,213,2,0.03571860021,38
42,214,2,0.04844657093,42
42,215,2,0.06992305133,45
42,216,2,0.03961489475,38
42,217,2,0.04210799407,41
42,218,2,0.05507917371,42
42,219,2,0.06009481964,41
42,220,2,0.04986088677,35
42,221,2,0.05756664307,46
42,222,2,0.04281931894,40
42,223,2,0.05975852073,39
42,224,2,0.05651160604,41
42,225,2,0.04659797785,37
42,226,2,0.05201884459,41
42,227,2,0.05812760637,41
42,228,2,0.0641396089,37
42,229,2,0.04923261215,40
42,230,2,0.06510085282,45
42,231,2,0.0380007113,34
42,232,2,0.04948438327,40
42,233,2,0.03653182457,37
42,234,2,0.05956907065,38
42,235,2,0.04399069832,39
42,236,2,0.06063156258,39
42,237,2,0.04905748995,42
42,238,2,0.04741075084,36
42,239,2,0.07191441009,45
42,240,2,0.03227720301,41
42,241,2,0.05503887755,39
42,242,2,0.06846909614,42
42,243,2,0.04349432271,44
42,244,2,0.04689092236,41
42,245,2,0.04975626635,39
42,246,2,0.04313728228,41
42,247,2,0.04998858249,45
42,248,2,0.0624585119,42
42,249,2,0.06321685847,42
42,250,2,0.05718003603,42
42,251,2,0.04926610705,39
42,252,2,0.04793786768,39
42,253,2,0.05195956192,40
42,254,2,0.04861948451,43
42,255,2,0.05843784195,43
42,256,2,0.05763580983,39
42,257,2,0.03890409734,36
42,258,2,0.03529295751,41
42,259,2,0.0494916533,36
42,260,2,0.03972335738,38
42,261,2,0.04744702958,48
42,262,2,0.05894078044,40
42,263,2,0.05014619844,36
42,264,2,0.05582242294,42
42,265,2,0.04864247696,39
42,266,2,0.06086877236,41
42,267,2,0.04767451697,44
42,268,2,0.06140198608,41
42,269,2,0.05031552363,41
42,270,2,0.06025128415,41
42,271,2,0.0635185561,41
42,272,2,0.07352512971,44
42,273,2,0.04730335856,42
42,274,2,0.05212122201,36
42,275,2,0.0540482179,40
42,276,2,0.04812871591,41
42,277,2,0.0563479431,41
42,278,2,0.06377807536,51
42,279,2,0.05295665305,37
42,280,2,0.04075737568,37
42,281,2,0.05732289192,40
42,282,2,0.05287979279,39
42,283,2,0.04363495775,45
42,284,2,0.06434055866,45
42,285,2,0.04865962813,42
42,286,2,0.04817483243,39
42,287,2,0.06939266339,39
42,288,2,0.05361603644,42
42,289,2,0.04330975732,37
42,290,2,0.06187777232,39
42,291,2,0.04925675955,33
42,292,2,0.0587506039,42
42,293,2,0.05511627312,42
42,294,2,0.03812913659,40
42,295,2,0.06185889131,43
42,296,2,0.0519081718,46
42,297,2,0.04878215959,44
42,298,2,0.06256564462,39
42,299,2,0.05360341386,47
42,300,2,0.04754572192,38
42,301,2,0.05472990767,43
42,302,2,0.03011091222,39
42,303,2,0.06560121713,40
42,304,2,0.04986447719,43
42,305,2,0.06584275779,44
42,306,2,0.04704170507,34
42,307,2,0.05048117712,38
42,308,2,0.05376853835,41
42,309,2,0.04681455777,42
42,310,2,0.05578773558,40
42,311,2,0.05470041538,46
42,312,2,0.06402552133,40
42,313,2,0.06855072034,47
42,314,2,0.04556567638,39
42,315,2,0.05104529606,39
42,316,2,0.04536834603,40
42,317,2,0.0538227785,40
42,318,2,0.05585119133,45
42,319,2,0.0497610501,40
42,320,2,0.06553082169,32
42,321,2,0.05441931336,35
42,322,2,0.05878595609,40
42,323,2,0.04701384097,42
42,324,2,0.05958460367,42
42,325,2,0.05779358878,45
42,326,2,0.04221609588,36
42,327,2,0.04132597645,43
42,328,2,0.03814942414,36
42,329,2,0.03939537239,38
42,330,2,0.04423578228,36
42,331,2,0.06921714308,42
42,332,2,0.05753618673,42
42,333,2,0.05735528815,37
42,334,2,0.05143253526,37
42,335,2,0.04049925891,37
42,336,2,0.04329434676,42
42,337,2,0.04394397108,44
42,338,2,0.06165963884,41
42,339,2,0.05377746427,39
42,340,2,0.04593897483,41
42,341,2,0.04279049588,39
42,342,2,0.04657400515,41
42,343,2,0.05981857567,44
42,344,2,0.04904947404,40
42,345,2,0.04957263938,34
42,346,2,0.04757413992,36
42,347,2,0.03433187898,38
42,348,2,0.03577294122,42
42,349,2,0.06282612536,37
42,350,2,0.04943711683,37
42,351,2,0.05658888567,44
42,352,2,0.06603950212,36
42,353,2,0.02228847774,38
42,354,2,0.04434291265,38
42,355,2,0.07684925586,42
42,356,2,0.04696583143,39
42,357,2,0.04182660579,41
42,358,2,0.04319015405,40
42,359,2,0.04045036069,35
42,360,2,0.04327994464,43
42,361,2,0.03658506278,44
42,362,2,0.05181647,36
42,363,2,0.03328392248,40
42,364,2,0.05171689219,40
42,365,2,0.0511960996,40
42,366,2,0.04959192551,43
42,367,2,0.04198816638,37
42,368,2,0.04497710682,41
42,369,2,0.04687349941,41
42,370,2,0.05046442336,36
42,371,2,0.03874198778,35
42,372,2,0.06819924639,47
42,373,2,0.06232616417,42
42,374,2,0.06362064449,40
42,375,2,0.05652182267,41
42,376,2,0.0463239706,40
42,377,2,0.05520616486,42
42,378,2,0.05676797988,41
42,379,2,0.03888247644,44
42,380,2,0.05436068453,37
42,381,2,0.05032279554,38
42,382,2,0.03776287973,37
42,383,2,0.0553927246,37
42,384,2,0.0580666685,41
42,385,2,0.03710120681,35
42,386,2,0.05573040198,39
42,387,2,0.04862268547,38
42,388,2,0.04638066239,44
42,389,2,0.03794145893,37
42,390,2,0.04219880105,43
42,391,2,0.04606181149,44
42,392,2,0.04662577879,43
42,393,2,0.03088752472,39
42,394,2,0.0563975357,41
42,395,2,0.04467073978,44
42,396,2,0.05614756747,40
42,397,2,0.05383654094,37
42,398,2,0.04273820316,37
42,399,2,0.05202729969,44
42,400,2,0.04205246607,42
42,401,2,0.06814518938,42
42,402,2,0.05135513626,38
42,403,2,0.03936156548,39
42,404,2,0.04459239374,40
42,405,2,0.05395618914,41
42,406,2,0.04710247801,45
42,407,2,0.05955772976,40
42,408,2,0.05009318475,38
42,409,2,0.03443531852,37
42,410,2,0.02492121453,35
42,411,2,0.06252994917,36
42,412,2,0.04468783015,37
42,413,2,0.0499924736,34
42,414,2,0.04543365855,41
42,415,2,0.058876338,39
42,416,2,0.05668970883,45
42,417,2,0.04646077739,38
42,418,2,0.06813005902,46
42,419,2,0.05992321913,49
42,420,2,0.05923113988,42
42,421,2,0.04757446027,39
42,422,2,0.03910476841,42
42,423,2,0.05914881011,39
42,424,2,0.04931210305,40
42,425,2,0.04338676043,39
42,426,2,0.05289374561,38
42,427,2,0.05740485268,41
42,428,2,0.05326421101,41
42,429,2,0.05402094149,36
42,430,2,0.0318131635,36
42,431,2,0.03224530477,40
42,432,2,0.05594175042,35
42,433,2,0.03791420724,39
42,434,2,0.05307031853,37
42,435,2,0.04233292416,37
42,436,2,0.04935924292,36
42,437,2,0.0598285277,43
42,438,2,0.02608704854,39
42,439,2,0.03955832033,35
42,440,2,0.05673053752,37
42,441,2,0.05788316554,40
42,442,2,0.0512207799,43
42,443,2,0.02697622858,37
42,444,2,0.06366316962,34
42,445,2,0.02569829427,38
42,446,2,0.06392636432,36
42,447,2,0.03434805585,38
42,448,2,0.05597345191,41
42,449,2,0.05888491841,43
42,450,2,0.05017578146,39
42,451,2,0.07023985413,46
42,452,2,0.05511533631,39
42,453,2,0.04835850724,41
42,454,2,0.04305353644,37
42,455,2,0.06362553524,44
42,456,2,0.06770955134,45
42,457,2,0.04407762414,45
42,458,2,0.05207481051,37
42,459,2,0.03842586622,42
42,460,2,0.04498802543,41
42,461,2,0.05756740843,39
42,462,2,0.05153810467,40
42,463,2,0.04430288988,40
42,464,2,0.05621131802,41
42,465,2,0.0568911526,35
42,466,2,0.04910133937,41
42,467,2,0.0571865024,39
42,468,2,0.07295170182,48
42,469,2,0.06067688208,43
42,470,2,0.05169959551,38
42,471,2,0.04830274819,39
42,472,2,0.04841122802,37
42,473,2,0.05002880424,36
42,474,2,0.05192851002,44
42,475,2,0.04257827084,41
42,476,2,0.04855647048,36
42,477,2,0.06121761241,43
42,478,2,0.05768422906,41
42,479,2,0.03994250975,36
42,480,2,0.05251099432,44
42,481,2,0.04441276603,39
42,482,2,0.05300540549,40
42,483,2,0.05878256431,37
42,484,2,0.05746899246,42
42,485,2,0.03439492869,40
42,486,2,0.05697447807,48
42,487,2,0.04496731293,42
42,488,2,0.05296613816,41
42,489,2,0.0506912018,43
42,490,2,0.06488264012,38
42,491,2,0.04762224207,41
42,492,2,0.04498524749,34
42,493,2,0.05329768773,40
42,494,2,0.04454669769,45
42,495,2,0.04555886027,37
42,496,2,0.03389518432,34
42,497,2,0.0551281089,38
42,498,2,0.06306156048,39
42,499,2,0.0332423654,40
42,500,2,0.05823526809,45
42,501,2,0.0488631728,39
42,502,2,0.06485155703,54
42,503,2,0.06330405564,35
42,504,2,0.06024885967,40
42,505,2,0.04449408502,40
42,506,2,0.06006084765,43
42,507,2,0.05519796026,42
42,508,2,0.05023603266,39
42,509,2,0.05038930207,38
42,510,2,0.04922494778,37
42,511,2,0.0412427339,35
42,512,2,0.05709792178,41
42,513,2,0.0477213357,44
42,514,2,0.04351774408,43
42,515,2,0.05501180933,43
42,516,2,0.05547371407,37
42,517,2,0.0489273698,42
42,518,2,0.05978232546,47
42,519,2,0.05156725489,39
42,520,2,0.05342578078,41
42,521,2,0.05182585431,42
42,522,2,0.06865288093,41
42,523,2,0.0476370165,40
42,524,2,0.05062021588,39
42,525,2,0.04630227447,40
42,526,2,0.04160367224,37
42,527,2,0.05396671283,37
42,528,2,0.04705311732,39
42,529,2,0.05745409365,42
42,530,2,0.05814563704,41
42,531,2,0.04494031539,34
42,532,2,0.05567379628,40
42,533,2,0.04680344713,39
42,534,2,0.05672369459,39
42,535,2,0.04534295998,40
42,536,2,0.05754384688,41
42,537,2,0.05648191354,42
42,538,2,0.03877480919,38
42,539,2,0.04183549968,35
42,540,2,0.06169175007,45
42,541,2,0.03976122481,41
42,542,2,0.04642226135,40
42,543,2,0.04708869272,41
42,544,2,0.0497221215,42
42,545,2,0.05312065338,38
42,546,2,0.05980000739,45
42,547,2,0.03158037736,43
42,548,2,0.0470318308,37
42,549,2,0.05696593608,40
42,550,2,0.0589457411,42
42,551,2,0.04970534823,34
42,552,2,0.04608143909,41
42,553,2,0.03863805889,35
42,554,2,0.05469532243,37
42,555,2,0.07088935771,46
42,556,2,0.05512179751,50
42,557,2,0.04716230363,40
42,558,2,0.0226717291,39
42,559,2,0.0577988006,42
42,560,2,0.05283711095,41
42,561,2,0.06321136347,40
42,562,2,0.06296811248,41
42,563,2,0.05006265006,35
42,564,2,0.04766478213,40
42,565,2,0.0388333673,37
42,566,2,0.04911861028,44
42,567,2,0.04465168799,45
42,568,2,0.06976622683,34
42,569,2,0.0629782542,37
42,570,2,0.07140496296,44
42,571,2,0.05336855822,37
42,572,2,0.05407955682,42
42,573,2,0.05984747151,41
42,574,2,0.05263251028,43
42,575,2,0.04880856729,45
42,576,2,0.05069091348,37
42,577,2,0.04098305222,44
42,578,2,0.04376112097,39
42,579,2,0.04949648042,42
42,580,2,0.03717754333,41
42,581,2,0.07436786991,38
42,582,2,0.0680924843,41
42,583,2,0.0365692633,35
42,584,2,0.05045196966,38
42,585,2,0.05534674777,41
42,586,2,0.0687189025,46
42,587,2,0.06102985883,42
42,588,2,0.05385953509,45
42,589,2,0.05593870474,41
42,590,2,0.03683449421,36
42,591,2,0.05315463147,41
42,592,2,0.05828465824,42
42,593,2,0.05529531498,46
42,594,2,0.04000470271,43
42,595,2,0.057513159,45
42,596,2,0.04878454451,38
42,597,2,0.05908496598,46
42,598,2,0.05072634832,43
42,599,2,0.04904337668,45
42,600,2,0.0256546819,41
42,601,2,0.05440843298,37
42,602,2,0.05182146321,37
42,603,2,0.04308845,46
42,604,2,0.05908798537,37
42,605,2,0.04744396015,39
42,606,2,0.05000496906,38
42,607,2,0.06624598478,42
42,608,2,0.05403667175,41
42,609,2,0.05950491229,44
42,610,2,0.0561939814,42
42,611,2,0.04572067867,38
42,612,2,0.04261472425,42
42,613,2,0.04678254868,39
42,614,2,0.05195938357,40
42,615,2,0.05644062642,45
42,616,2,0.06502116389,35
42,617,2,0.04940836861,35
42,618,2,0.0652807333,37
42,619,2,0.05666192695,44
42,620,2,0.0362341032,37
42,621,2,0.05081311322,44
42,622,2,0.06449023545,42
42,623,2,0.06809945649,41
42,624,2,0.04068810353,39
42,625,2,0.04721512734,38
42,626,2,0.04583316984,42
42,627,2,0.05093643625,39
42,628,2,0.05189123358,39
42,629,2,0.04662905524,40
42,630,2,0.04690620324,39
42,631,2,0.05225681731,40
42,632,2,0.05488735363,41
42,633,2,0.05146760133,43
42,634,2,0.06781227462,51
42,635,2,0.05354223642,42
42,636,2,0.05032463472,39
42,637,2,0.06185210414,38
42,638,2,0.04789615847,39
42,639,2,0.0527784202,44
42,640,2,0.054289476,36
42,641,2,0.04813312979,37
42,642,2,0.05253645387,39
42,643,2,0.05180023423,38
42,644,2,0.03342779485,36
42,645,2,0.03544764352,37
42,646,2,0.0339588302,43
42,647,2,0.04794844057,35
42,648,2,0.049648918,41
42,649,2,0.04704036751,43
42,650,2,0.05394042787,42
42,651,2,0.05229334316,38
42,652,2,0.04738452722,39
42,653,2,0.0432656329,36
42,654,2,0.03610060052,39
42,655,2,0.05314480263,40
42,656,2,0.05715184442,37
42,657,2,0.06047175949,40
42,658,2,0.06405047765,44
42,659,2,0.05930979905,38
42,660,2,0.05754803817,47
42,661,2,0.0595604288,41
42,662,2,0.05281526539,40
42,663,2,0.04603168768,44
42,664,2,0.05434946504,37
42,665,2,0.05726265946,37
42,666,2,0.04634499143,44
42,667,2,0.05706563131,41
42,668,2,0.03858616596,43
42,669,2,0.04338990718,39
42,670,2,0.04456640548,41
42,671,2,0.06012163735,43
42,672,2,0.03997203228,42
42,673,2,0.06799594512,41
42,674,2,0.05485173809,46
42,675,2,0.04470216336,39
42,676,2,0.03014018795,44
42,677,2,0.04117590373,38
42,678,2,0.05107967649,38
42,679,2,0.04188234346,40
42,680,2,0.05421508125,35
42,681,2,0.03009736952,37
42,682,2,0.03458615454,38
42,683,2,0.04382401569,36
42,684,2,0.04842497105,40
42,685,2,0.05757593434,42
42,686,2,0.04751552027,41
42,687,2,0.05755579054,40
42,688,2,0.05049361572,44
42,689,2,0.04616626961,40
42,690,2,0.04666507953,41
42,691,2,0.04905340224,45
42,692,2,0.03876069199,42
42,693,2,0.06469632378,47
42,694,2,0.04962444915,37
42,695,2,0.05223522892,40
42,696,2,0.05457378441,37
42,697,2,0.03655015762,38
42,698,2,0.04360853545,43
42,699,2,0.04596860241,44
42,700,2,0.03219842307,41
42,701,2,0.05789143925,41
42,702,2,0.05571464172,40
42,703,2,0.06515714688,39
42,704,2,0.04950437037,42
42,705,2,0.05825604763,40
42,706,2,0.06113268187,47
42,707,2,0.05288749171,41
42,708,2,0.05072153047,41
42,709,2,0.05222838746,42
42,710,2,0.04217682446,46
42,711,2,0.03480822804,40
42,712,2,0.05659052505,37
42,713,2,0.05926778379,36
42,714,2,0.05537052071,41
42,715,2,0.04385600629,37
42,716,2,0.0423391118,40
42,717,2,0.05777445611,39
42,718,2,0.04781236272,38
42,719,2,0.04593339755,45
42,720,2,0.0503506728,45
42,721,2,0.05726236013,40
42,722,2,0.04917605564,41
42,723,2,0.05056884617,41
42,724,2,0.05898282998,42
42,725,2,0.05184621379,44
42,726,2,0.0604671766,43
42,727,2,0.03502136228,42
42,728,2,0.03859358404,40
42,729,2,0.04034932454,38
42,730,2,0.0487952665,38
42,731,2,0.04396929799,41
42,732,2,0.04495164698,43
42,733,2,0.06191828761,39
42,734,2,0.05540794107,43
42,735,2,0.05598435925,40
42,736,2,0.04780666706,36
42,737,2,0.04785984537,47
42,738,2,0.05478581449,40
42,739,2,0.0590371228,36
42,740,2,0.03829981643,38
42,741,2,0.05249261752,37
42,742,2,0.04793551836,43
42,743,2,0.05282979795,41
42,744,2,0.04347649099,47
42,745,2,0.04392610165,36
42,746,2,0.0561496299,43
42,747,2,0.04415076385,37
42,748,2,0.04905268331,41
42,749,2,0.06708181515,45
42,750,2,0.0549883363,45
42,751,2,0.05703155326,41
42,752,2,0.04306738257,44
42,753,2,0.05348243289,38
42,754,2,0.05025198067,42
42,755,2,0.03597500798,39
42,756,2,0.05423986707,39
42,757,2,0.07212104496,46
42,758,2,0.06987130825,38
42,759,2,0.0317309129,42
42,760,2,0.05361140477,42
42,761,2,0.05174552675,41
42,762,2,0.05244825899,42
42,763,2,0.05469654295,43
42,764,2,0.05269954605,39
42,765,2,0.05316269097,42
42,766,2,0.05780727652,41
42,767,2,0.05594190033,42
42,768,2,0.05217098959,38
42,769,2,0.05193344252,41
42,770,2,0.07758153688,40
42,771,2,0.03794806328,46
42,772,2,0.04689529809,41
42,773,2,0.06754995277,46
42,774,2,0.05478392528,38
42,775,2,0.05957286964,38
42,776,2,0.05473320535,42
42,777,2,0.04936435554,43
42,778,2,0.04734364649,44
42,779,2,0.05145470769,42
42,780,2,0.05560352374,42
42,781,2,0.03569962354,39
42,782,2,0.05317919848,41
42,783,2,0.03630662354,42
42,784,2,0.0489309297,41
42,785,2,0.05781107936,41
42,786,2,0.0307597675,39
42,787,2,0.02204429016,38
42,788,2,0.05841885576,39
42,789,2,0.05214488063,35
42,790,2,0.03817215526,34
42,791,2,0.04273405194,39
42,792,2,0.05930719317,43
42,793,2,0.0498754578,39
42,794,2,0.0432061241,40
42,795,2,0.05727726967,41
42,796,2,0.06419199566,43
42,797,2,0.05599793875,44
42,798,2,0.04383164485,39
42,799,2,0.05094806136,37
42,800,2,0.05195168085,42
42,801,2,0.06059113781,46
42,802,2,0.03696071318,41
42,803,2,0.0420012914,47
42,804,2,0.0458974975,42
42,805,2,0.0560471164,47
42,806,2,0.05961116535,40
42,807,2,0.05136117782,33
42,808,2,0.0447613327,37
42,809,2,0.05690450467,40
42,810,2,0.0533311014,44
42,811,2,0.06913008195,44
42,812,2,0.0637016982,47
42,813,2,0.05351240116,39
42,814,2,0.04350626493,40
42,815,2,0.06458467659,40
42,816,2,0.03942533255,40
42,817,2,0.03770002741,39
42,818,2,0.03899942223,40
42,819,2,0.06509961489,43
42,820,2,0.05846566572,51
42,821,2,0.05382341731,47
42,822,2,0.04948739738,45
42,823,2,0.05671202669,39
42,824,2,0.04742920127,36
42,825,2,0.04333583045,38
42,826,2,0.06356757283,42
42,827,2,0.05092669609,43
42,828,2,0.04693594455,34
42,829,2,0.04902246837,42
42,830,2,0.05221461793,46
42,831,2,0.05843264975,47
42,832,2,0.0415496457,42
42,833,2,0.05039972784,40
42,834,2,0.04567249871,43
42,835,2,0.05938265352,41
42,836,2,0.06481762692,40
42,837,2,0.04861803753,43
42,838,2,0.05787915429,47
42,839,2,0.05495377422,43
42,840,2,0.06199206652,44
42,841,2,0.06762345202,44
42,842,2,0.05597737538,39
42,843,2,0.03906722277,33
42,844,2,0.04764211927,39
42,845,2,0.05283398811,39
42,846,2,0.03337235194,37
42,847,2,0.04801721091,41
42,848,2,0.02397207586,36
42,849,2,0.03257147077,39
42,850,2,0.02881672393,37
42,851,2,0.07500920586,41
42,852,2,0.05949753898,39
42,853,2,0.06318480886,44
42,854,2,0.05934002577,45
42,855,2,0.03583030226,38
42,856,2,0.04423689462,41
42,857,2,0.04065915805,36
42,858,2,0.05905623465,40
42,859,2,0.05613344745,39
42,860,2,0.05375947711,39
42,861,2,0.04185469475,38
42,862,2,0.03792879125,46
42,863,2,0.04134386766,42
42,864,2,0.06923260697,43
42,865,2,0.04404134386,37
42,866,2,0.05788600727,40
42,867,2,0.05562084764,39
42,868,2,0.05971818059,40
42,869,2,0.04134449494,35
42,870,2,0.03378208194,35
42,871,2,0.05098175772,42
42,872,2,0.03692078974,39
42,873,2,0.04636605874,40
42,874,2,0.05596840776,42
42,875,2,0.04955697844,39
42,876,2,0.05391097162,39
42,877,2,0.04606944832,39
42,878,2,0.0592258531,40
42,879,2,0.03815524274,41
42,880,2,0.05333435613,41
42,881,2,0.05231688143,41
42,882,2,0.04578028965,43
42,883,2,0.06619512788,42
42,884,2,0.05430332438,36
42,885,2,0.05482374546,42
42,886,2,0.04203805949,37
42,887,2,0.04105150465,37
42,888,2,0.04565358555,40
42,889,2,0.05382055575,38
42,890,2,0.0473268211,43
42,891,2,0.07056448819,43
42,892,2,0.05032472818,34
42,893,2,0.04715688411,39
42,894,2,0.0503916074,41
42,895,2,0.04195475364,39
42,896,2,0.03740896746,36
42,897,2,0.05102328621,44
42,898,2,0.05327241812,38
42,899,2,0.05528641431,42
42,900,2,0.03752437106,41
42,901,2,0.04402713228,39
42,902,2,0.04827387905,36
42,903,2,0.05625798843,46
42,904,2,0.05553855359,44
42,905,2,0.05313941149,39
42,906,2,0.05014806828,40
42,907,2,0.05983520556,39
42,908,2,0.04358505416,45
42,909,2,0.05349904034,41
42,910,2,0.04828117352,39
42,911,2,0.03856628921,37
42,912,2,0.0504470192,45
42,913,2,0.06920497675,48
42,914,2,0.05259057612,41
42,915,2,0.03906240257,42
42,916,2,0.0557076631,42
42,917,2,0.04860691411,40
42,918,2,0.03534875286,38
42,919,2,0.05351971721,42
42,920,2,0.05434087489,43
42,921,2,0.05005728641,41
42,922,2,0.04743516307,37
42,923,2,0.05590588636,40
42,924,2,0.05513706921,40
42,925,2,0.05256145513,45
42,926,2,0.07090739891,52
42,927,2,0.04758398326,41
42,928,2,0.05715098055,37
42,929,2,0.05458704762,43
42,930,2,0.06217219017,41
42,931,2,0.04746013179,36
42,932,2,0.06886374405,40
42,933,2,0.04372488895,40
42,934,2,0.04539260888,43
42,935,2,0.04062046804,38
42,936,2,0.04839875841,32
42,937,2,0.03787003502,35
42,938,2,0.05045637462,40
42,939,2,0.05606089158,38
42,940,2,0.05066228709,47
42,941,2,0.04568669533,45
42,942,2,0.05787049003,42
42,943,2,0.04156877845,39
42,944,2,0.05228027629,38
42,945,2,0.06094259426,43
42,946,2,0.05580055561,38
42,947,2,0.04974039819,40
42,948,2,0.0548160786,43
42,949,2,0.05724164452,37
42,950,2,0.04757433286,38
42,951,2,0.05650369519,44
42,952,2,0.04641553357,45
42,953,2,0.03505618555,38
42,954,2,0.05313364513,39
42,955,2,0.0445328696,38
42,956,2,0.03626695135,40
42,957,2,0.0447692854,36
42,958,2,0.03645247383,37
42,959,2,0.04374487511,39
42,960,2,0.0473077073,47
42,961,2,0.04452156288,45
42,962,2,0.04863024153,43
42,963,2,0.04535895454,39
42,964,2,0.04956032411,41
42,965,2,0.06127575179,38
42,966,2,0.06166822354,40
42,967,2,0.07073353447,50
42,968,2,0.04400643484,38
42,969,2,0.05914621649,41
42,970,2,0.04552040979,36
42,971,2,0.05493669684,39
42,972,2,0.06434442648,44
42,973,2,0.05379146884,39
42,974,2,0.04313477742,39
42,975,2,0.05520014336,45
42,976,2,0.05188343801,42
42,977,2,0.0438134356,41
42,978,2,0.06662138103,39
42,979,2,0.05491639726,43
42,980,2,0.05110944275,38
42,981,2,0.03909065808,38
42,982,2,0.04118853882,45
42,983,2,0.05135498539,41
42,984,2,0.05879818551,45
42,985,2,0.04657411314,38
42,986,2,0.0499216216,37
42,987,2,0.06394536364,46
42,988,2,0.05512244926,37
42,989,2,0.04997235718,38
42,990,2,0.05229245908,41
42,991,2,0.05581272561,46
42,992,2,0.04688866855,41
42,993,2,0.05291388052,44
42,994,2,0.04606023311,39
42,995,2,0.06252677149,43
42,996,2,0.05884593092,41
42,997,2,0.05495261271,40
42,998,2,0.05294616933,41
42,999,2,0.04004308405,38
45,0,2,0.06218822623,50
45,1,2,0.0467350124,43
45,2,2,0.05780825732,46
45,3,2,0.06298737236,46
45,4,2,0.06029081892,44
45,5,2,0.05088369965,49
45,6,2,0.05867401434,40
45,7,2,0.04638991015,46
45,8,2,0.05075961872,51
45,9,2,0.06894908309,44
45,10,2,0.06659599693,50
45,11,2,0.06440277561,47
45,12,2,0.04947452479,49
45,13,2,0.07163412507,46
45,14,2,0.06492811626,49
45,15,2,0.05272765159,45
45,16,2,0.043940099,47
45,17,2,0.0670910103,50
45,18,2,0.05594387822,44
45,19,2,0.0634044298,44
45,20,2,0.07065531354,45
45,21,2,0.07039148663,49
45,22,2,0.04295406062,43
45,23,2,0.06188287203,47
45,24,2,0.05064988974,43
45,25,2,0.06734394225,44
45,26,2,0.05146328932,45
45,27,2,0.06605499249,49
45,28,2,0.04102351153,46
45,29,2,0.04081439168,45
45,30,2,0.06591781193,53
45,31,2,0.06230809363,51
45,32,2,0.06536778629,51
45,33,2,0.05866520087,47
45,34,2,0.06189608567,43
45,35,2,0.04817866857,43
45,36,2,0.04436217857,50
45,37,2,0.06561185319,47
45,38,2,0.05330529216,48
45,39,2,0.05303279884,46
45,40,2,0.05818047739,52
45,41,2,0.04353940693,47
45,42,2,0.07021555116,47
45,43,2,0.05310674386,44
45,44,2,0.05873328826,48
45,45,2,0.07377636391,49
45,46,2,0.06076683262,44
45,47,2,0.06772444138,45
45,48,2,0.04846215038,42
45,49,2,0.03036800101,42
45,50,2,0.06285167457,48
45,51,2,0.03899918654,46
45,52,2,0.06271774097,50
45,53,2,0.05695765287,50
45,54,2,0.05764547775,48
45,55,2,0.06233295164,46
45,56,2,0.04036557616,41
45,57,2,0.074209915,51
45,58,2,0.05649845622,44
45,59,2,0.05675125329,50
45,60,2,0.06922420575,51
45,61,2,0.04293866894,46
45,62,2,0.06093921701,46
45,63,2,0.05143028824,47
45,64,2,0.05005045011,48
45,65,2,0.07335002402,45
45,66,2,0.05041743615,48
45,67,2,0.04562389237,43
45,68,2,0.06592405908,45
45,69,2,0.04214492958,43
45,70,2,0.07284422944,42
45,71,2,0.05317213797,51
45,72,2,0.05089249371,46
45,73,2,0.06062641003,42
45,74,2,0.05444205623,47
45,75,2,0.05694892714,46
45,76,2,0.0522988287,44
45,77,2,0.04729527231,47
45,78,2,0.06923435393,55
45,79,2,0.05112787891,51
45,80,2,0.05699222198,48
45,81,2,0.06671153593,48
45,82,2,0.0486164804,47
45,83,2,0.0445705353,45
45,84,2,0.05162934772,40
45,85,2,0.05062110278,45
45,86,2,0.05317415633,47
45,87,2,0.06287989518,51
45,88,2,0.05198940854,45
45,89,2,0.03664161556,41
45,90,2,0.05398807273,51
45,91,2,0.07222292764,49
45,92,2,0.05307973977,40
45,93,2,0.06610207827,46
45,94,2,0.06030013774,44
45,95,2,0.04709754283,48
45,96,2,0.05692421985,54
45,97,2,0.05562451363,47
45,98,2,0.0650607223,44
45,99,2,0.07056820278,46
45,100,2,0.05262360865,45
45,101,2,0.06243632143,41
45,102,2,0.06802719035,46
45,103,2,0.07303445669,49
45,104,2,0.06520237118,47
45,105,2,0.05711201724,48
45,106,2,0.06274571416,42
45,107,2,0.06064234723,40
45,108,2,0.06121382308,49
45,109,2,0.04950302537,44
45,110,2,0.06254477658,43
45,111,2,0.04159123148,40
45,112,2,0.04877592744,44
45,113,2,0.06912639692,45
45,114,2,0.04163744901,49
45,115,2,0.06928925425,51
45,116,2,0.03763037451,46
45,117,2,0.05731511067,47
45,118,2,0.06901494038,42
45,119,2,0.05866969331,50
45,120,2,0.06411904891,47
45,121,2,0.03874912495,42
45,122,2,0.0723275804,52
45,123,2,0.06122089819,45
45,124,2,0.06615182855,48
45,125,2,0.05394089494,43
45,126,2,0.0627888843,46
45,127,2,0.05698928732,47
45,128,2,0.05708170499,46
45,129,2,0.06368579658,50
45,130,2,0.05862843835,45
45,131,2,0.04113704184,46
45,132,2,0.0672623408,47
45,133,2,0.06780931897,45
45,134,2,0.05079727931,47
45,135,2,0.05589080048,49
45,136,2,0.06052989364,48
45,137,2,0.05700358397,44
45,138,2,0.05121271709,45
45,139,2,0.05026142098,45
45,140,2,0.0510837797,53
45,141,2,0.04937127173,47
45,142,2,0.04699152906,50
45,143,2,0.06207796895,45
45,144,2,0.04747495604,42
45,145,2,0.06719044374,56
45,146,2,0.0618137684,49
45,147,2,0.04498205653,46
45,148,2,0.05376653185,46
45,149,2,0.07039222251,51
45,150,2,0.06353660553,48
45,151,2,0.0551770568,42
45,152,2,0.0585550779,43
45,153,2,0.07133225248,47
45,154,2,0.04786058496,44
45,155,2,0.06822108003,50
45,156,2,0.05031514849,39
45,157,2,0.05615873756,44
45,158,2,0.05286642385,40
45,159,2,0.0696809012,41
45,160,2,0.05399369315,48
45,161,2,0.07032217342,43
45,162,2,0.05763755406,47
45,163,2,0.0659792364,50
45,164,2,0.05501508455,46
45,165,2,0.04790048822,49
45,166,2,0.0513874531,45
45,167,2,0.07170150276,48
45,168,2,0.05784266372,49
45,169,2,0.05677760272,45
45,170,2,0.06991441805,41
45,171,2,0.04903617078,48
45,172,2,0.06929532067,52
45,173,2,0.0631707729,44
45,174,2,0.0453520672,49
45,175,2,0.05164674746,47
45,176,2,0.06009523747,44
45,177,2,0.06669856308,52
45,178,2,0.05848227989,48
45,179,2,0.07034852099,49
45,180,2,0.05744372988,45
45,181,2,0.04881364254,54
45,182,2,0.07031277592,46
45,183,2,0.06620866345,51
45,184,2,0.0459739948,43
45,185,2,0.06182304277,42
45,186,2,0.06338173384,43
45,187,2,0.05981595655,44
45,188,2,0.04907482567,43
45,189,2,0.04495681337,47
45,190,2,0.0645682387,45
45,191,2,0.0609361174,47
45,192,2,0.05778918954,42
45,193,2,0.05560501384,47
45,194,2,0.05781821126,46
45,195,2,0.05794170018,48
45,196,2,0.04626809587,52
45,197,2,0.06191665104,50
45,198,2,0.04384671359,44
45,199,2,0.06217198329,42
45,200,2,0.04875147178,43
45,201,2,0.05451008569,45
45,202,2,0.04918620906,42
45,203,2,0.06148955484,43
45,204,2,0.06130332301,43
45,205,2,0.06479145682,54
45,206,2,0.06507396261,40
45,207,2,0.06966701541,50
45,208,2,0.05981571928,47
45,209,2,0.07338805291,47
45,210,2,0.05849281925,44
45,211,2,0.06523574388,46
45,212,2,0.0657477002,46
45,213,2,0.05091300311,43
45,214,2,0.05375941863,47
45,215,2,0.07365135926,53
45,216,2,0.05302691453,43
45,217,2,0.05755818403,46
45,218,2,0.06480318938,50
45,219,2,0.06922095212,48
45,220,2,0.05772196202,42
45,221,2,0.06813729813,51
45,222,2,0.0569640396,49
45,223,2,0.06484065806,43
45,224,2,0.06831191541,46
45,225,2,0.04873619658,44
45,226,2,0.06819982143,49
45,227,2,0.0641229234,46
45,228,2,0.06497969115,45
45,229,2,0.0577231842,47
45,230,2,0.06187055225,51
45,231,2,0.06059130601,42
45,232,2,0.04951702908,46
45,233,2,0.03778399678,46
45,234,2,0.058111323,46
45,235,2,0.04600922127,46
45,236,2,0.0564327558,45
45,237,2,0.06006354647,50
45,238,2,0.05562306501,42
45,239,2,0.06660373055,52
45,240,2,0.03338733245,45
45,241,2,0.0548348156,44
45,242,2,0.07444448147,44
45,243,2,0.04746024342,47
45,244,2,0.06019001457,46
45,245,2,0.06520863117,47
45,246,2,0.06439219549,48
45,247,2,0.06220518483,49
45,248,2,0.05981356955,45
45,249,2,0.06214041225,52
45,250,2,0.06015926885,51
45,251,2,0.06329871235,46
45,252,2,0.0568080338,46
45,253,2,0.05666600509,45
45,254,2,0.05617477899,50
45,255,2,0.06737269496,52
45,256,2,0.05485041709,43
45,257,2,0.0448400648,41
45,258,2,0.03882452249,47
45,259,2,0.06401701507,43
45,260,2,0.05529734094,48
45,261,2,0.0475505549,54
45,262,2,0.06807501753,47
45,263,2,0.07400049629,46
45,264,2,0.07232858507,47
45,265,2,0.05455619002,44
45,266,2,0.06116457478,46
45,267,2,0.05215013244,48
45,268,2,0.07375491114,49
45,269,2,0.0577173444,48
45,270,2,0.06022090587,48
45,271,2,0.0664328432,45
45,272,2,0.07215144323,52
45,273,2,0.05075922061,46
45,274,2,0.04699812296,41
45,275,2,0.05614398925,45
45,276,2,0.04773382341,47
45,277,2,0.0559060666,48
45,278,2,0.06231286095,56
45,279,2,0.06334123396,41
45,280,2,0.05255739495,43
45,281,2,0.05697104752,44
45,282,2,0.04822713127,47
45,283,2,0.06005952793,49
45,284,2,0.0768419507,48
45,285,2,0.04570913089,47
45,286,2,0.05728365243,47
45,287,2,0.07172441279,45
45,288,2,0.07676041454,51
45,289,2,0.06529607027,47
45,290,2,0.0607334259,47
45,291,2,0.06394237945,39
45,292,2,0.0606243713,50
45,293,2,0.06812010924,51
45,294,2,0.04520641879,46
45,295,2,0.06366529405,50
45,296,2,0.05581005242,49
45,297,2,0.04963312493,48
45,298,2,0.05926307334,45
45,299,2,0.05781009459,50
45,300,2,0.05987654555,43
45,301,2,0.05086863429,53
45,302,2,0.03497131807,44
45,303,2,0.07347630793,46
45,304,2,0.05842221891,48
45,305,2,0.06803235092,48
45,306,2,0.0540766137,41
45,307,2,0.05867536407,47
45,308,2,0.06379840661,48
45,309,2,0.05942768592,46
45,310,2,0.06402600302,50
45,311,2,0.07019772179,52
45,312,2,0.06285341345,44
45,313,2,0.06636152533,49
45,314,2,0.05371013657,47
45,315,2,0.06331510074,47
45,316,2,0.04988116391,45
45,317,2,0.06385257072,49
45,318,2,0.05692755035,47
45,319,2,0.05600315431,48
45,320,2,0.06033147879,41
45,321,2,0.06418250107,43
45,322,2,0.06082321519,48
45,323,2,0.06906423273,51
45,324,2,0.05650714188,47
45,325,2,0.06425597225,48
45,326,2,0.05400433439,43
45,327,2,0.06208190751,48
45,328,2,0.05184009685,43
45,329,2,0.05488276119,49
45,330,2,0.04666156416,41
45,331,2,0.06854808855,46
45,332,2,0.05647907345,46
45,333,2,0.05325172958,45
45,334,2,0.06412574668,42
45,335,2,0.0478950093,43
45,336,2,0.05260070454,48
45,337,2,0.04629167732,50
45,338,2,0.06859087353,48
45,339,2,0.05493982357,44
45,340,2,0.04048224504,48
45,341,2,0.05274522022,47
45,342,2,0.0582925149,47
45,343,2,0.06374641162,47
45,344,2,0.06087533914,44
45,345,2,0.06790244793,42
45,346,2,0.06164361381,44
45,347,2,0.05293392449,45
45,348,2,0.05899743172,47
45,349,2,0.06964043174,42
45,350,2,0.04972876881,44
45,351,2,0.06864817095,55
45,352,2,0.07133390795,43
45,353,2,0.04616157678,43
45,354,2,0.06525130711,44
45,355,2,0.07099717336,49
45,356,2,0.04972987968,48
45,357,2,0.05044212743,50
45,358,2,0.05106201097,44
45,359,2,0.05064552764,43
45,360,2,0.06435106837,54
45,361,2,0.04913980006,48
45,362,2,0.05668944158,43
45,363,2,0.05730195117,51
45,364,2,0.04828550801,47
45,365,2,0.07300256567,47
45,366,2,0.06597164209,47
45,367,2,0.04738261408,43
45,368,2,0.05533344124,45
45,369,2,0.05779960141,43
45,370,2,0.06196745461,46
45,371,2,0.0362988526,41
45,372,2,0.07997178633,53
45,373,2,0.06583108256,46
45,374,2,0.05974260129,44
45,375,2,0.0543168629,45
45,376,2,0.05642173866,47
45,377,2,0.06494272287,51
45,378,2,0.05976651878,46
45,379,2,0.05065535872,51
45,380,2,0.05789643842,43
45,381,2,0.04855423176,47
45,382,2,0.03948244463,42
45,383,2,0.05884598884,44
45,384,2,0.05926308426,45
45,385,2,0.0449872375,42
45,386,2,0.06173595141,43
45,387,2,0.06173068027,47
45,388,2,0.04957554185,49
45,389,2,0.05152264525,44
45,390,2,0.05493284826,49
45,391,2,0.05613551936,48
45,392,2,0.05230319728,46
45,393,2,0.04860549154,45
45,394,2,0.05610158449,48
45,395,2,0.07072690352,54
45,396,2,0.05124317463,48
45,397,2,0.05545155326,44
45,398,2,0.05577942043,45
45,399,2,0.05724620987,50
45,400,2,0.04952130159,47
45,401,2,0.06676121117,47
45,402,2,0.04728741033,46
45,403,2,0.04417572072,42
45,404,2,0.05280777719,45
45,405,2,0.06036391587,47
45,406,2,0.0667387403,53
45,407,2,0.05977955604,45
45,408,2,0.05383368287,45
45,409,2,0.05075740368,42
45,410,2,0.0540356343,45
45,411,2,0.06900106224,42
45,412,2,0.04859415444,46
45,413,2,0.05552166203,42
45,414,2,0.04509607823,48
45,415,2,0.05616108381,42
45,416,2,0.06413788579,50
45,417,2,0.06144527106,47
45,418,2,0.0694561052,51
45,419,2,0.06430994023,53
45,420,2,0.06471777891,48
45,421,2,0.06078211534,47
45,422,2,0.03688567888,46
45,423,2,0.05559751022,47
45,424,2,0.06260390698,49
45,425,2,0.05490975463,46
45,426,2,0.05459983099,45
45,427,2,0.05480783207,46
45,428,2,0.07168906623,47
45,429,2,0.05529894101,41
45,430,2,0.05776795389,44
45,431,2,0.04672760245,46
45,432,2,0.06011293484,42
45,433,2,0.03781161612,46
45,434,2,0.05926166985,44
45,435,2,0.04628157392,39
45,436,2,0.05817283224,45
45,437,2,0.06893139637,49
45,438,2,0.04907453805,47
45,439,2,0.05442072728,41
45,440,2,0.0614624448,40
45,441,2,0.05748743891,47
45,442,2,0.05753240052,48
45,443,2,0.0424287679,46
45,444,2,0.06197242369,44
45,445,2,0.03547185775,45
45,446,2,0.07666115596,43
45,447,2,0.04348150545,45
45,448,2,0.05732552841,47
45,449,2,0.05726073753,47
45,450,2,0.04995924638,44
45,451,2,0.06589483576,50
45,452,2,0.05517276205,47
45,453,2,0.06707470757,47
45,454,2,0.04506792453,43
45,455,2,0.06362553524,44
45,456,2,0.07079393706,49
45,457,2,0.04176088146,50
45,458,2,0.04809100436,43
45,459,2,0.03837656982,43
45,460,2,0.04661431842,45
45,461,2,0.06273227664,45
45,462,2,0.06499007894,44
45,463,2,0.05122681926,45
45,464,2,0.07599117471,49
45,465,2,0.05998802484,43
45,466,2,0.04910273564,44
45,467,2,0.06540592455,46
45,468,2,0.07181354073,52
45,469,2,0.07139246061,47
45,470,2,0.06542365656,43
45,471,2,0.06172393121,47
45,472,2,0.05672728737,47
45,473,2,0.04900546486,42
45,474,2,0.06830984904,52
45,475,2,0.05735230551,47
45,476,2,0.05483965737,41
45,477,2,0.06202166477,48
45,478,2,0.06966322798,47
45,479,2,0.04949216384,44
45,480,2,0.05748275186,50
45,481,2,0.0533180417,44
45,482,2,0.05101824537,46
45,483,2,0.06156885226,45
45,484,2,0.06099112274,47
45,485,2,0.04343449386,46
45,486,2,0.07299255736,52
45,487,2,0.04365417743,48
45,488,2,0.05230300791,49
45,489,2,0.05505048577,48
45,490,2,0.06412634778,45
45,491,2,0.05342497311,46
45,492,2,0.05387892121,42
45,493,2,0.05294371699,43
45,494,2,0.04585884355,50
45,495,2,0.08047803435,44
45,496,2,0.0441882777,41
45,497,2,0.05249759236,44
45,498,2,0.06818627169,45
45,499,2,0.03687056808,46
45,500,2,0.0616412799,49
45,501,2,0.0531034542,46
45,502,2,0.0652348667,56
45,503,2,0.06174163188,43
45,504,2,0.05848391812,45
45,505,2,0.05160351484,46
45,506,2,0.06131901292,49
45,507,2,0.05973870683,45
45,508,2,0.06158488163,48
45,509,2,0.04442610921,44
45,510,2,0.04922071838,43
45,511,2,0.06443000749,43
45,512,2,0.05825435585,48
45,513,2,0.04980721911,49
45,514,2,0.05308519212,50
45,515,2,0.055491478,49
45,516,2,0.06555115898,45
45,517,2,0.04947588373,48
45,518,2,0.06393267567,54
45,519,2,0.06557082482,46
45,520,2,0.05570208214,44
45,521,2,0.05219462609,48
45,522,2,0.0724888639,46
45,523,2,0.04788077845,48
45,524,2,0.05460036928,45
45,525,2,0.05730250061,48
45,526,2,0.06837493196,44
45,527,2,0.06029607606,42
45,528,2,0.04939476688,44
45,529,2,0.0652313363,50
45,530,2,0.06058371051,49
45,531,2,0.05969083659,41
45,532,2,0.05788029907,45
45,533,2,0.0616093526,46
45,534,2,0.05685724012,45
45,535,2,0.04682006603,47
45,536,2,0.05475946404,44
45,537,2,0.05843421445,48
45,538,2,0.06277962454,47
45,539,2,0.04976336443,42
45,540,2,0.06869577392,51
45,541,2,0.05547281504,45
45,542,2,0.04921336433,46
45,543,2,0.05015862219,46
45,544,2,0.05715307196,50
45,545,2,0.05162033968,44
45,546,2,0.05886746228,49
45,547,2,0.04444284618,48
45,548,2,0.04618049109,41
45,549,2,0.05499786988,48
45,550,2,0.0691804373,48
45,551,2,0.06243527489,40
45,552,2,0.0518129558,46
45,553,2,0.05121582092,39
45,554,2,0.05756600571,44
45,555,2,0.0696449455,50
45,556,2,0.05249271543,53
45,557,2,0.05629126485,46
45,558,2,0.03927781812,45
45,559,2,0.06288528883,46
45,560,2,0.05243880037,43
45,561,2,0.06505876242,45
45,562,2,0.06861560624,47
45,563,2,0.05684050993,42
45,564,2,0.04770230564,47
45,565,2,0.04973930375,46
45,566,2,0.05858436859,49
45,567,2,0.06092717936,50
45,568,2,0.07570557279,42
45,569,2,0.07878325817,46
45,570,2,0.07353720976,50
45,571,2,0.06237091024,44
45,572,2,0.05361884901,46
45,573,2,0.07736634848,47
45,574,2,0.05838439066,47
45,575,2,0.05763099457,51
45,576,2,0.05846744473,44
45,577,2,0.05220101661,51
45,578,2,0.05443078116,46
45,579,2,0.0617267095,45
45,580,2,0.06482657916,46
45,581,2,0.08071215944,45
45,582,2,0.07927796401,46
45,583,2,0.03976500482,42
45,584,2,0.06781002917,46
45,585,2,0.06131132879,48
45,586,2,0.06946365653,51
45,587,2,0.060202276,46
45,588,2,0.06930987071,53
45,589,2,0.05723541741,47
45,590,2,0.05652060851,42
45,591,2,0.06037180901,46
45,592,2,0.05783026251,48
45,593,2,0.06078948345,49
45,594,2,0.04955104932,46
45,595,2,0.0608310746,53
45,596,2,0.06832657427,44
45,597,2,0.06408307311,49
45,598,2,0.05104834317,49
45,599,2,0.05792322017,51
45,600,2,0.04899609202,48
45,601,2,0.05574625676,45
45,602,2,0.05452798533,43
45,603,2,0.06100010656,52
45,604,2,0.0607911011,44
45,605,2,0.05848236706,45
45,606,2,0.05422997902,44
45,607,2,0.0703639168,46
45,608,2,0.06627572488,48
45,609,2,0.06682435779,49
45,610,2,0.07154930624,49
45,611,2,0.04514859316,46
45,612,2,0.04593030177,51
45,613,2,0.04429096671,43
45,614,2,0.05093588562,45
45,615,2,0.05529255871,46
45,616,2,0.06862302207,43
45,617,2,0.05336722725,43
45,618,2,0.07178642365,40
45,619,2,0.0605111872,52
45,620,2,0.04953009133,44
45,621,2,0.05869352198,50
45,622,2,0.07011388652,48
45,623,2,0.07002676512,46
45,624,2,0.07054187837,44
45,625,2,0.04820980298,43
45,626,2,0.05343752926,46
45,627,2,0.05011110962,47
45,628,2,0.05698879374,47
45,629,2,0.06290937291,44
45,630,2,0.05414647684,45
45,631,2,0.04974998585,44
45,632,2,0.05832301636,44
45,633,2,0.07565308006,51
45,634,2,0.0662128436,54
45,635,2,0.06820032666,49
45,636,2,0.04954941473,43
45,637,2,0.07158876352,43
45,638,2,0.0516884643,45
45,639,2,0.05294368312,51
45,640,2,0.05647167196,40
45,641,2,0.06924881557,47
45,642,2,0.05369452392,41
45,643,2,0.05884720516,46
45,644,2,0.04472596108,43
45,645,2,0.05319396869,42
45,646,2,0.05356212904,50
45,647,2,0.05657243713,41
45,648,2,0.04911058958,48
45,649,2,0.05516471338,50
45,650,2,0.05938424307,48
45,651,2,0.0688314706,44
45,652,2,0.06506645473,46
45,653,2,0.04355841211,41
45,654,2,0.06226090107,44
45,655,2,0.05934461477,50
45,656,2,0.05895811173,43
45,657,2,0.06275144355,47
45,658,2,0.06791031133,50
45,659,2,0.0664483574,44
45,660,2,0.06829631747,55
45,661,2,0.05915263639,45
45,662,2,0.05839812619,44
45,663,2,0.05356760589,53
45,664,2,0.05641498918,43
45,665,2,0.05721391665,44
45,666,2,0.05823055741,50
45,667,2,0.0571160802,45
45,668,2,0.04356512376,50
45,669,2,0.04201453917,45
45,670,2,0.05122829897,48
45,671,2,0.06615044209,48
45,672,2,0.04841236148,50
45,673,2,0.06324133653,48
45,674,2,0.05379267519,47
45,675,2,0.04926829961,45
45,676,2,0.03370797636,47
45,677,2,0.04568615038,42
45,678,2,0.05151829964,44
45,679,2,0.05161643597,47
45,680,2,0.06349784504,42
45,681,2,0.03176109496,42
45,682,2,0.04336318238,44
45,683,2,0.04806096892,42
45,684,2,0.0641778974,48
45,685,2,0.06068533616,46
45,686,2,0.0485077317,47
45,687,2,0.05613385174,48
45,688,2,0.05806686262,50
45,689,2,0.05260979183,46
45,690,2,0.06198425649,47
45,691,2,0.05563599168,52
45,692,2,0.06333444544,49
45,693,2,0.07500402025,52
45,694,2,0.06017045154,43
45,695,2,0.06602022093,49
45,696,2,0.05390577741,43
45,697,2,0.03831246784,43
45,698,2,0.04327400218,50
45,699,2,0.05379625322,51
45,700,2,0.07402565723,49
45,701,2,0.06457642757,46
45,702,2,0.05845534257,46
45,703,2,0.06567531716,44
45,704,2,0.05413695673,50
45,705,2,0.05675987499,46
45,706,2,0.06141497668,48
45,707,2,0.05359294327,46
45,708,2,0.04739029266,46
45,709,2,0.05286323266,46
45,710,2,0.04231044043,49
45,711,2,0.04337801903,45
45,712,2,0.05483566138,44
45,713,2,0.05921151794,44
45,714,2,0.05897092343,46
45,715,2,0.04512328275,44
45,716,2,0.04834644201,46
45,717,2,0.05538868116,46
45,718,2,0.05285675972,47
45,719,2,0.04830766154,48
45,720,2,0.05103369208,48
45,721,2,0.06355272701,46
45,722,2,0.05693408226,43
45,723,2,0.05981869397,46
45,724,2,0.05710690257,45
45,725,2,0.05831212647,49
45,726,2,0.06148847542,49
45,727,2,0.0412397553,46
45,728,2,0.05851426776,47
45,729,2,0.05533577298,44
45,730,2,0.05239889988,43
45,731,2,0.05049545501,48
45,732,2,0.05511777352,46
45,733,2,0.05832164426,46
45,734,2,0.05697299861,45
45,735,2,0.05822877741,44
45,736,2,0.05190601561,44
45,737,2,0.0473973556,51
45,738,2,0.05891772744,47
45,739,2,0.06257154425,42
45,740,2,0.04298238233,42
45,741,2,0.06166364901,43
45,742,2,0.05093632998,49
45,743,2,0.06887015582,50
45,744,2,0.04607679839,51
45,745,2,0.058443133,43
45,746,2,0.05513645381,47
45,747,2,0.05946502417,43
45,748,2,0.05040095668,44
45,749,2,0.07238840718,49
45,750,2,0.0558126731,51
45,751,2,0.06103270233,44
45,752,2,0.07661186855,52
45,753,2,0.0655863783,47
45,754,2,0.05354475494,46
45,755,2,0.03557639061,48
45,756,2,0.06242794815,43
45,757,2,0.07701465924,52
45,758,2,0.07212791116,46
45,759,2,0.04426758142,49
45,760,2,0.05958517811,48
45,761,2,0.04808689452,49
45,762,2,0.05837995195,48
45,763,2,0.06150310995,51
45,764,2,0.05039888354,46
45,765,2,0.05921758752,46
45,766,2,0.06478834993,48
45,767,2,0.06205958087,46
45,768,2,0.04698550809,45
45,769,2,0.05351248926,46
45,770,2,0.07853426266,46
45,771,2,0.04557748508,49
45,772,2,0.05943148321,44
45,773,2,0.06616699329,51
45,774,2,0.05259011211,41
45,775,2,0.06223860201,46
45,776,2,0.05293109275,48
45,777,2,0.06831552491,50
45,778,2,0.04688551601,48
45,779,2,0.048672518,45
45,780,2,0.07252545413,48
45,781,2,0.04108431895,42
45,782,2,0.05247896366,47
45,783,2,0.03956500147,45
45,784,2,0.05314015856,44
45,785,2,0.05463244931,47
45,786,2,0.05004163855,45
45,787,2,0.04499794929,44
45,788,2,0.0624082611,47
45,789,2,0.0540782259,40
45,790,2,0.05745138687,42
45,791,2,0.05845505856,46
45,792,2,0.06099302002,50
45,793,2,0.06316537609,48
45,794,2,0.04864006139,45
45,795,2,0.05504898568,45
45,796,2,0.06744553207,46
45,797,2,0.06867816377,48
45,798,2,0.05379604464,48
45,799,2,0.04632001359,45
45,800,2,0.05436271395,50
45,801,2,0.07032694246,50
45,802,2,0.05009829538,46
45,803,2,0.04038544441,50
45,804,2,0.05245764032,50
45,805,2,0.05741723218,52
45,806,2,0.06711828229,49
45,807,2,0.05949288517,41
45,808,2,0.0575026139,44
45,809,2,0.06212771436,47
45,810,2,0.0736735858,50
45,811,2,0.07354321293,50
45,812,2,0.0741947641,56
45,813,2,0.05201323322,48
45,814,2,0.04991194086,42
45,815,2,0.07878534932,46
45,816,2,0.04125776072,43
45,817,2,0.04800997276,49
45,818,2,0.04790936544,45
45,819,2,0.07338203042,49
45,820,2,0.06637239981,55
45,821,2,0.06934479666,52
45,822,2,0.05279119792,49
45,823,2,0.06812353519,47
45,824,2,0.05516715962,42
45,825,2,0.04702967874,44
45,826,2,0.06122891889,47
45,827,2,0.05184545424,52
45,828,2,0.03924469209,43
45,829,2,0.05153608677,47
45,830,2,0.05312608969,50
45,831,2,0.05684207292,49
45,832,2,0.05308746971,47
45,833,2,0.0517330151,45
45,834,2,0.05979868811,48
45,835,2,0.06112560615,49
45,836,2,0.07053444693,45
45,837,2,0.06236909685,50
45,838,2,0.07430049774,57
45,839,2,0.06284944932,48
45,840,2,0.06022199453,52
45,841,2,0.06479782291,50
45,842,2,0.05836223421,47
45,843,2,0.04445223248,40
45,844,2,0.05689263574,46
45,845,2,0.06381356706,45
45,846,2,0.04927028584,45
45,847,2,0.05751588339,48
45,848,2,0.03316189175,43
45,849,2,0.04109634685,47
45,850,2,0.05496533655,44
45,851,2,0.07204033802,46
45,852,2,0.0700566952,45
45,853,2,0.06555787611,48
45,854,2,0.06577557605,50
45,855,2,0.05212352406,45
45,856,2,0.05326143607,46
45,857,2,0.05523424125,43
45,858,2,0.06235338199,49
45,859,2,0.07371973683,46
45,860,2,0.05516815403,46
45,861,2,0.05860410364,45
45,862,2,0.05426608346,53
45,863,2,0.04675429792,47
45,864,2,0.07141607785,45
45,865,2,0.04641172702,41
45,866,2,0.07553107148,49
45,867,2,0.06381974789,44
45,868,2,0.05919659788,45
45,869,2,0.04007117468,43
45,870,2,0.05384677425,46
45,871,2,0.06481541686,49
45,872,2,0.04572953651,44
45,873,2,0.06754868501,47
45,874,2,0.05677816611,50
45,875,2,0.04945419858,45
45,876,2,0.06453366985,48
45,877,2,0.05364114463,43
45,878,2,0.06351170632,49
45,879,2,0.04702305093,45
45,880,2,0.05164446113,45
45,881,2,0.05787470834,48
45,882,2,0.04611887183,49
45,883,2,0.06605611438,46
45,884,2,0.05384374971,42
45,885,2,0.05241899525,47
45,886,2,0.04575115164,41
45,887,2,0.05444031086,42
45,888,2,0.04957196459,45
45,889,2,0.05233703591,48
45,890,2,0.04595998793,50
45,891,2,0.06720879482,47
45,892,2,0.05548256853,42
45,893,2,0.05064578656,44
45,894,2,0.066154409,48
45,895,2,0.0570718929,45
45,896,2,0.05730020435,44
45,897,2,0.05185497478,50
45,898,2,0.05624238334,44
45,899,2,0.0626910667,45
45,900,2,0.03811765803,48
45,901,2,0.05434440523,46
45,902,2,0.05201991483,43
45,903,2,0.05985847539,49
45,904,2,0.06022935765,48
45,905,2,0.05253243335,45
45,906,2,0.06045602366,48
45,907,2,0.05495713655,45
45,908,2,0.04937937617,46
45,909,2,0.07143558392,50
45,910,2,0.05334661419,47
45,911,2,0.05329409026,41
45,912,2,0.0702031029,51
45,913,2,0.06697974722,54
45,914,2,0.07443061605,48
45,915,2,0.04138157212,47
45,916,2,0.07045282789,51
45,917,2,0.05951563796,45
45,918,2,0.05379213223,45
45,919,2,0.05328493145,47
45,920,2,0.05743300126,48
45,921,2,0.0470332376,46
45,922,2,0.06488892811,45
45,923,2,0.05770470281,47
45,924,2,0.05602349588,47
45,925,2,0.0631261455,47
45,926,2,0.07456641835,55
45,927,2,0.05042969942,46
45,928,2,0.05772584724,47
45,929,2,0.05323256007,45
45,930,2,0.06793429703,46
45,931,2,0.04919206173,43
45,932,2,0.06313895665,49
45,933,2,0.06297023258,45
45,934,2,0.06464925312,52
45,935,2,0.05956057553,45
45,936,2,0.05410816301,39
45,937,2,0.06882194065,41
45,938,2,0.078010615,45
45,939,2,0.05635017192,43
45,940,2,0.0568511622,51
45,941,2,0.06488771786,51
45,942,2,0.06314148319,50
45,943,2,0.04583796004,44
45,944,2,0.05186846968,45
45,945,2,0.07948812343,48
45,946,2,0.05508752798,44
45,947,2,0.07208183417,48
45,948,2,0.06386356279,50
45,949,2,0.06409834408,43
45,950,2,0.04738397364,45
45,951,2,0.05886559755,54
45,952,2,0.05311654926,51
45,953,2,0.03370887282,43
45,954,2,0.05718281177,43
45,955,2,0.05956122502,47
45,956,2,0.05980760496,45
45,957,2,0.04993370493,44
45,958,2,0.04456830535,43
45,959,2,0.04501801937,48
45,960,2,0.05919701758,52
45,961,2,0.0471815251,48
45,962,2,0.06014617225,49
45,963,2,0.05580507995,43
45,964,2,0.05476012645,44
45,965,2,0.06415726812,46
45,966,2,0.06020983925,46
45,967,2,0.06855583683,54
45,968,2,0.06900021664,46
45,969,2,0.07159556697,45
45,970,2,0.04959790074,44
45,971,2,0.04783767156,47
45,972,2,0.07202350964,49
45,973,2,0.05220388659,46
45,974,2,0.05208688518,45
45,975,2,0.06395879201,47
45,976,2,0.0523388661,48
45,977,2,0.04327951618,45
45,978,2,0.06107491035,46
45,979,2,0.05808636699,48
45,980,2,0.06096462857,43
45,981,2,0.03375080708,46
45,982,2,0.0442253139,51
45,983,2,0.05198707671,49
45,984,2,0.0598261827,48
45,985,2,0.04879022797,46
45,986,2,0.05510191252,41
45,987,2,0.06967258974,51
45,988,2,0.07162861417,41
45,989,2,0.05480099385,42
45,990,2,0.05756269961,50
45,991,2,0.06636959533,54
45,992,2,0.06215492202,44
45,993,2,0.05761287718,47
45,994,2,0.05501761243,46
45,995,2,0.06003194346,48
45,996,2,0.0679958423,50
45,997,2,0.05952447229,44
45,998,2,0.06574690095,48
45,999,2,0.05783776947,46
48,0,2,0.06316272719,57
48,1,2,0.06973069063,52
48,2,2,0.05464046861,54
48,3,2,0.07574674124,55
48,4,2,0.05968219085,51
48,5,2,0.06123179527,53
48,6,2,0.06364593774,47
48,7,2,0.05512176659,52
48,8,2,0.06644835078,58
48,9,2,0.07633634115,51
48,10,2,0.06589650633,55
48,11,2,0.06534446943,53
48,12,2,0.05246708557,53
48,13,2,0.07341216045,54
48,14,2,0.06537280042,52
48,15,2,0.06728864789,54
48,16,2,0.05812019888,54
48,17,2,0.06755150987,56
48,18,2,0.0558894493,49
48,19,2,0.06241377102,53
48,20,2,0.07220718493,54
48,21,2,0.07272735433,56
48,22,2,0.05705589045,52
48,23,2,0.06266170432,55
48,24,2,0.05436548628,52
48,25,2,0.08407692676,54
48,26,2,0.0555333186,51
48,27,2,0.06328226474,56
48,28,2,0.06245990513,54
48,29,2,0.05186881061,52
48,30,2,0.06816836077,55
48,31,2,0.07254520832,58
48,32,2,0.0656847073,57
48,33,2,0.06505246745,55
48,34,2,0.05929774021,49
48,35,2,0.05342968728,52
48,36,2,0.06347015714,54
48,37,2,0.07184985631,51
48,38,2,0.0575847374,53
48,39,2,0.05497535612,52
48,40,2,0.05697630563,56
48,41,2,0.0443057483,53
48,42,2,0.07020684989,50
48,43,2,0.05878637017,49
48,44,2,0.06071576419,51
48,45,2,0.07230982868,55
48,46,2,0.06155788727,51
48,47,2,0.07244211197,51
48,48,2,0.06324238769,48
48,49,2,0.04197762271,51
48,50,2,0.08566905709,54
48,51,2,0.05821865285,55
48,52,2,0.06172178201,56
48,53,2,0.0718015397,56
48,54,2,0.05826216034,54
48,55,2,0.06391636285,54
48,56,2,0.05283111339,51
48,57,2,0.07858933602,55
48,58,2,0.06271964327,50
48,59,2,0.06535853163,56
48,60,2,0.06662378338,58
48,61,2,0.04718318174,53
48,62,2,0.08459160092,55
48,63,2,0.05483007144,52
48,64,2,0.05526342359,52
48,65,2,0.07489805284,52
48,66,2,0.05983830229,53
48,67,2,0.05529195136,49
48,68,2,0.06615454142,50
48,69,2,0.06065351771,49
48,70,2,0.0659744997,51
48,71,2,0.07164228503,55
48,72,2,0.06317568244,56
48,73,2,0.06610499303,47
48,74,2,0.05602738664,56
48,75,2,0.07087979686,55
48,76,2,0.06050933664,49
48,77,2,0.05641753211,53
48,78,2,0.0757264811,56
48,79,2,0.05156303197,56
48,80,2,0.06457865222,55
48,81,2,0.07762337321,57
48,82,2,0.05987965718,54
48,83,2,0.05076850292,51
48,84,2,0.05745762199,49
48,85,2,0.05891571199,49
48,86,2,0.06870326128,55
48,87,2,0.08051279332,58
48,88,2,0.07238208903,54
48,89,2,0.03892509277,49
48,90,2,0.05830366973,53
48,91,2,0.08156449578,53
48,92,2,0.0618314,47
48,93,2,0.06413686747,50
48,94,2,0.06712462512,49
48,95,2,0.06275497509,55
48,96,2,0.07625766186,61
48,97,2,0.06192714057,55
48,98,2,0.06497819524,48
48,99,2,0.06916090051,52
48,100,2,0.06488733027,50
48,101,2,0.07315199564,50
48,102,2,0.07144836949,50
48,103,2,0.0728662749,55
48,104,2,0.07057398766,57
48,105,2,0.05763029896,55
48,106,2,0.0613017003,52
48,107,2,0.06186080684,48
48,108,2,0.06204616623,54
48,109,2,0.05129534043,49
48,110,2,0.06500715155,51
48,111,2,0.06402323587,49
48,112,2,0.06678612868,52
48,113,2,0.06335775233,53
48,114,2,0.05547003599,56
48,115,2,0.06955545786,55
48,116,2,0.05167837477,53
48,117,2,0.06005481037,55
48,118,2,0.07159201353,49
48,119,2,0.07397251369,58
48,120,2,0.06089339594,51
48,121,2,0.04044220152,47
48,122,2,0.06885505826,58
48,123,2,0.07469326919,53
48,124,2,0.07665449565,55
48,125,2,0.06149308023,52
48,126,2,0.06675384339,53
48,127,2,0.05918314361,52
48,128,2,0.06968289875,52
48,129,2,0.06565033621,55
48,130,2,0.06673274727,55
48,131,2,0.06969293713,54
48,132,2,0.06943973878,53
48,133,2,0.06744051436,51
48,134,2,0.07093669494,54
48,135,2,0.07258018008,58
48,136,2,0.06575113352,51
48,137,2,0.05460297514,51
48,138,2,0.0620466545,54
48,139,2,0.06046432212,53
48,140,2,0.05634670999,57
48,141,2,0.05735655924,50
48,142,2,0.0545593712,56
48,143,2,0.06520533812,52
48,144,2,0.06554523247,50
48,145,2,0.0813985252,61
48,146,2,0.06742824156,52
48,147,2,0.054983676,55
48,148,2,0.05440984459,51
48,149,2,0.07569473599,56
48,150,2,0.07736128499,56
48,151,2,0.05907208045,49
48,152,2,0.07671574997,51
48,153,2,0.07495551983,53
48,154,2,0.06354228831,51
48,155,2,0.07393864443,57
48,156,2,0.06492983262,46
48,157,2,0.05898891524,48
48,158,2,0.05173175475,46
48,159,2,0.07026919074,48
48,160,2,0.06719511523,56
48,161,2,0.0707006365,52
48,162,2,0.06426907732,51
48,163,2,0.07129753571,51
48,164,2,0.06657810237,53
48,165,2,0.05352720261,56
48,166,2,0.06409536155,51
48,167,2,0.06694337591,56
48,168,2,0.07771331092,57
48,169,2,0.07928355877,52
48,170,2,0.07182115611,49
48,171,2,0.04886285701,54
48,172,2,0.07986078778,55
48,173,2,0.06606369438,50
48,174,2,0.05125101912,54
48,175,2,0.08432898742,53
48,176,2,0.06174706045,51
48,177,2,0.06537014127,54
48,178,2,0.06025943394,55
48,179,2,0.07796387729,52
48,180,2,0.0686428812,54
48,181,2,0.04766283329,58
48,182,2,0.07193960136,51
48,183,2,0.06800235828,56
48,184,2,0.05046134536,53
48,185,2,0.06628568472,50
48,186,2,0.07744203331,51
48,187,2,0.05770952569,48
48,188,2,0.0582248745,49
48,189,2,0.0621054282,54
48,190,2,0.06491312827,49
48,191,2,0.06376271092,52
48,192,2,0.06905541206,51
48,193,2,0.06448626724,54
48,194,2,0.05160033729,53
48,195,2,0.05515462052,51
48,196,2,0.04540671266,53
48,197,2,0.06837647839,56
48,198,2,0.06314136163,55
48,199,2,0.07286818266,50
48,200,2,0.06542248345,52
48,201,2,0.06272353126,52
48,202,2,0.05352554306,49
48,203,2,0.06037033997,51
48,204,2,0.06441043769,50
48,205,2,0.0650914208,58
48,206,2,0.07619834538,49
48,207,2,0.07201073521,55
48,208,2,0.06176897927,51
48,209,2,0.08276248278,54
48,210,2,0.05564612626,49
48,211,2,0.06234526166,50
48,212,2,0.06803831685,56
48,213,2,0.05147187382,51
48,214,2,0.06102478559,52
48,215,2,0.07526629758,57
48,216,2,0.0610328659,51
48,217,2,0.05826623455,54
48,218,2,0.06669440698,60
48,219,2,0.06395023932,56
48,220,2,0.05654935093,50
48,221,2,0.06291579622,57
48,222,2,0.05283672858,55
48,223,2,0.0789010742,52
48,224,2,0.06954156391,54
48,225,2,0.04307228065,51
48,226,2,0.06596095699,53
48,227,2,0.06747417318,51
48,228,2,0.07158102729,54
48,229,2,0.06752058314,54
48,230,2,0.05848799008,57
48,231,2,0.06462306011,51
48,232,2,0.06477606116,55
48,233,2,0.04419344077,53
48,234,2,0.06771154507,55
48,235,2,0.05107930073,53
48,236,2,0.06336082673,52
48,237,2,0.06520362383,55
48,238,2,0.05325074778,49
48,239,2,0.07231600577,58
48,240,2,0.06020054236,51
48,241,2,0.05943659123,50
48,242,2,0.07118129514,49
48,243,2,0.07706214977,58
48,244,2,0.06208409131,50
48,245,2,0.06867162128,55
48,246,2,0.06784494466,53
48,247,2,0.06696657055,53
48,248,2,0.07828367652,53
48,249,2,0.06161544472,57
48,250,2,0.05841664304,58
48,251,2,0.06848527437,54
48,252,2,0.07822266815,52
48,253,2,0.06487623092,54
48,254,2,0.06115253221,54
48,255,2,0.0712544798,57
48,256,2,0.06442829172,50
48,257,2,0.06806181394,48
48,258,2,0.05151891414,54
48,259,2,0.06755296122,50
48,260,2,0.06326593378,50
48,261,2,0.05022125087,56
48,262,2,0.07234247005,56
48,263,2,0.06710193256,53
48,264,2,0.07927707907,53
48,265,2,0.06421811813,51
48,266,2,0.07069954207,55
48,267,2,0.06966308724,58
48,268,2,0.07339314691,51
48,269,2,0.07564112286,58
48,270,2,0.06419650997,53
48,271,2,0.06752881658,54
48,272,2,0.07330672315,56
48,273,2,0.07368567063,55
48,274,2,0.04583594673,48
48,275,2,0.06832059402,52
48,276,2,0.08029973388,55
48,277,2,0.05739160918,51
48,278,2,0.06603530434,59
48,279,2,0.05927087488,49
48,280,2,0.06071482918,50
48,281,2,0.06111784018,48
48,282,2,0.06038897584,54
48,283,2,0.07439754029,55
48,284,2,0.07513011678,53
48,285,2,0.05162797335,55
48,286,2,0.06666997978,54
48,287,2,0.08184093868,53
48,288,2,0.07820471163,53
48,289,2,0.0685599543,56
48,290,2,0.06719593008,55
48,291,2,0.05832802162,47
48,292,2,0.06683313487,52
48,293,2,0.07374452686,59
48,294,2,0.06738748495,51
48,295,2,0.0763047614,53
48,296,2,0.05997196281,55
48,297,2,0.06275948464,54
48,298,2,0.07373358609,52
48,299,2,0.0723998146,55
48,300,2,0.06022407337,51
48,301,2,0.07414237799,58
48,302,2,0.04993050849,51
48,303,2,0.07193648248,54
48,304,2,0.06519367248,52
48,305,2,0.07025085472,55
48,306,2,0.07158877373,51
48,307,2,0.06108161447,53
48,308,2,0.06918987851,56
48,309,2,0.06756019522,54
48,310,2,0.0644477361,53
48,311,2,0.068379944,55
48,312,2,0.05869116227,50
48,313,2,0.07755739722,56
48,314,2,0.06846348688,53
48,315,2,0.06029503073,53
48,316,2,0.06032715458,55
48,317,2,0.06217101654,51
48,318,2,0.05393514747,51
48,319,2,0.06636363711,55
48,320,2,0.05701731351,48
48,321,2,0.06811194767,50
48,322,2,0.05691763789,52
48,323,2,0.0762734162,57
48,324,2,0.07934358952,53
48,325,2,0.06572620088,55
48,326,2,0.06406838768,52
48,327,2,0.06770250047,52
48,328,2,0.06936625824,51
48,329,2,0.06495937409,54
48,330,2,0.05747377609,49
48,331,2,0.07959532043,53
48,332,2,0.07638253584,53
48,333,2,0.06580069394,54
48,334,2,0.0674337286,50
48,335,2,0.0582579505,50
48,336,2,0.0680674682,55
48,337,2,0.05987207422,57
48,338,2,0.06733247108,53
48,339,2,0.06000179213,51
48,340,2,0.04508438392,52
48,341,2,0.05453515352,54
48,342,2,0.0563668214,56
48,343,2,0.071498677,54
48,344,2,0.06753566566,51
48,345,2,0.08803016622,49
48,346,2,0.07816014294,49
48,347,2,0.05778748594,53
48,348,2,0.05617027277,51
48,349,2,0.06323381472,51
48,350,2,0.04927803472,49
48,351,2,0.06862028788,60
48,352,2,0.0753361775,52
48,353,2,0.05577909718,49
48,354,2,0.07212089249,51
48,355,2,0.0676496899,52
48,356,2,0.07823669869,57
48,357,2,0.06569354779,56
48,358,2,0.06154307105,52
48,359,2,0.06379437352,53
48,360,2,0.06669990992,60
48,361,2,0.05527403264,55
48,362,2,0.05516464333,50
48,363,2,0.05769301756,56
48,364,2,0.0496793993,52
48,365,2,0.07356955037,52
48,366,2,0.07882631743,54
48,367,2,0.04650462352,49
48,368,2,0.06425166876,54
48,369,2,0.06209037188,49
48,370,2,0.07299262487,52
48,371,2,0.04135128259,50
48,372,2,0.08301905112,56
48,373,2,0.06312840451,52
48,374,2,0.06634602165,48
48,375,2,0.05983624779,55
48,376,2,0.07326303716,55
48,377,2,0.06817749947,52
48,378,2,0.05899263243,53
48,379,2,0.06996843632,59
48,380,2,0.05861718949,48
48,381,2,0.06023465053,49
48,382,2,0.04948209691,52
48,383,2,0.05712572167,54
48,384,2,0.05787773291,49
48,385,2,0.05891054226,49
48,386,2,0.0704605972,50
48,387,2,0.07416662394,54
48,388,2,0.05905292662,55
48,389,2,0.06118839613,53
48,390,2,0.06359255845,51
48,391,2,0.06009636485,51
48,392,2,0.05293684233,53
48,393,2,0.05366213817,52
48,394,2,0.05933049672,55
48,395,2,0.06845754588,61
48,396,2,0.07627393205,56
48,397,2,0.05964706718,51
48,398,2,0.06002235574,54
48,399,2,0.06605516625,57
48,400,2,0.04706952006,57
48,401,2,0.06452282118,52
48,402,2,0.0642825992,53
48,403,2,0.04964605514,51
48,404,2,0.06058137287,51
48,405,2,0.06148275526,51
48,406,2,0.07236515786,56
48,407,2,0.06726902045,53
48,408,2,0.05943726616,50
48,409,2,0.06258057894,49
48,410,2,0.05532578176,52
48,411,2,0.06900787602,49
48,412,2,0.05396968367,51
48,413,2,0.06279250288,51
48,414,2,0.05721223634,54
48,415,2,0.06588929001,50
48,416,2,0.06355057513,55
48,417,2,0.07049590002,51
48,418,2,0.07505795863,53
48,419,2,0.07290912311,58
48,420,2,0.06395153824,52
48,421,2,0.07389324813,56
48,422,2,0.074600211,56
48,423,2,0.05373884105,52
48,424,2,0.0652154897,56
48,425,2,0.04961982367,53
48,426,2,0.07074537977,53
48,427,2,0.07057066308,53
48,428,2,0.06929254951,51
48,429,2,0.05911427296,49
48,430,2,0.05569042,54
48,431,2,0.0489930628,52
48,432,2,0.0562781341,49
48,433,2,0.06780110898,54
48,434,2,0.06586614191,52
48,435,2,0.06308996164,48
48,436,2,0.0709811619,52
48,437,2,0.06674156853,51
48,438,2,0.05751300645,55
48,439,2,0.05654826172,52
48,440,2,0.0645466803,49
48,441,2,0.05308662256,52
48,442,2,0.05598036502,54
48,443,2,0.05212711802,52
48,444,2,0.06630501057,52
48,445,2,0.03352844846,50
48,446,2,0.07399566169,52
48,447,2,0.0453975259,49
48,448,2,0.06765027715,49
48,449,2,0.05705022243,55
48,450,2,0.06128483889,50
48,451,2,0.08203105968,58
48,452,2,0.0672265743,53
48,453,2,0.08138914279,52
48,454,2,0.05268999634,50
48,455,2,0.06718924988,51
48,456,2,0.06790427099,54
48,457,2,0.05269804646,56
48,458,2,0.07665238795,52
48,459,2,0.06134615716,50
48,460,2,0.05010605205,51
48,461,2,0.06900323929,50
48,462,2,0.06107999607,54
48,463,2,0.0458409886,53
48,464,2,0.08070080041,55
48,465,2,0.06528337362,51
48,466,2,0.06304673546,50
48,467,2,0.05884732379,55
48,468,2,0.08126374554,56
48,469,2,0.07841334707,53
48,470,2,0.06674495787,50
48,471,2,0.07331857145,52
48,472,2,0.05798766024,53
48,473,2,0.06300045532,50
48,474,2,0.08042424204,59
48,475,2,0.06443200623,57
48,476,2,0.05172160654,49
48,477,2,0.0594892699,54
48,478,2,0.07735941621,56
48,479,2,0.04891273617,51
48,480,2,0.06762565987,57
48,481,2,0.05502721549,48
48,482,2,0.07691229231,53
48,483,2,0.06146914257,52
48,484,2,0.05534477782,55
48,485,2,0.0669311154,55
48,486,2,0.07590375832,56
48,487,2,0.05404099753,55
48,488,2,0.07039602024,55
48,489,2,0.06211658094,54
48,490,2,0.06734763187,53
48,491,2,0.0650314764,53
48,492,2,0.05482317262,51
48,493,2,0.04995338861,51
48,494,2,0.05383176936,53
48,495,2,0.0776018084,51
48,496,2,0.05325913653,47
48,497,2,0.04606986176,54
48,498,2,0.07795691476,52
48,499,2,0.04373368941,51
48,500,2,0.06666839866,56
48,501,2,0.06129833495,56
48,502,2,0.07584325907,63
48,503,2,0.06216564465,48
48,504,2,0.06124759099,51
48,505,2,0.06386198589,53
48,506,2,0.07620228285,56
48,507,2,0.06245838009,53
48,508,2,0.06300819586,53
48,509,2,0.05289353701,49
48,510,2,0.06162878056,53
48,511,2,0.07447886519,50
48,512,2,0.06375988282,52
48,513,2,0.0599114834,57
48,514,2,0.06215382943,53
48,515,2,0.05654829376,53
48,516,2,0.06524799578,51
48,517,2,0.05398760706,53
48,518,2,0.05937600238,59
48,519,2,0.08111611156,54
48,520,2,0.06469584965,51
48,521,2,0.05961722186,55
48,522,2,0.07447120867,53
48,523,2,0.07095548899,57
48,524,2,0.07106431692,51
48,525,2,0.0707227138,55
48,526,2,0.06517326639,48
48,527,2,0.07825954874,53
48,528,2,0.06139821385,51
48,529,2,0.07424872623,59
48,530,2,0.07576794695,57
48,531,2,0.07397501007,51
48,532,2,0.06351069622,53
48,533,2,0.06785207584,50
48,534,2,0.06326410233,51
48,535,2,0.05296968859,53
48,536,2,0.06981735737,49
48,537,2,0.05931030795,55
48,538,2,0.08139186698,59
48,539,2,0.06460529722,52
48,540,2,0.06916595952,56
48,541,2,0.05282191355,53
48,542,2,0.0483957667,54
48,543,2,0.04738165424,51
48,544,2,0.06421192011,53
48,545,2,0.06378386857,53
48,546,2,0.06599484029,59
48,547,2,0.04237997319,51
48,548,2,0.06119455937,49
48,549,2,0.06554779911,55
48,550,2,0.07011233436,53
48,551,2,0.07744384182,47
48,552,2,0.05834310939,56
48,553,2,0.0616449675,49
48,554,2,0.05700874306,51
48,555,2,0.07907600474,57
48,556,2,0.0641085223,61
48,557,2,0.05583537227,54
48,558,2,0.05251857224,52
48,559,2,0.07105326614,53
48,560,2,0.06627545159,52
48,561,2,0.06658342935,49
48,562,2,0.06852432458,51
48,563,2,0.06648984922,48
48,564,2,0.04952892345,54
48,565,2,0.06058124844,52
48,566,2,0.05824049748,51
48,567,2,0.06426186756,55
48,568,2,0.07688027324,49
48,569,2,0.07869777924,56
48,570,2,0.0729313958,58
48,571,2,0.06193239996,50
48,572,2,0.06498163218,57
48,573,2,0.07961949723,53
48,574,2,0.06985121402,56
48,575,2,0.06277225161,54
48,576,2,0.06363090532,51
48,577,2,0.05451061546,56
48,578,2,0.05572913343,54
48,579,2,0.06208136015,50
48,580,2,0.06580693236,56
48,581,2,0.07854804376,52
48,582,2,0.07460320059,53
48,583,2,0.04324857096,49
48,584,2,0.06907560972,56
48,585,2,0.06811542654,53
48,586,2,0.07520978375,58
48,587,2,0.07343887547,56
48,588,2,0.06659254682,58
48,589,2,0.070483675,55
48,590,2,0.0564950436,49
48,591,2,0.07493777156,51
48,592,2,0.06609606364,50
48,593,2,0.05799139231,54
48,594,2,0.05637504991,54
48,595,2,0.0672742236,57
48,596,2,0.06720305581,53
48,597,2,0.07814661456,56
48,598,2,0.05507825778,59
48,599,2,0.06372701562,58
48,600,2,0.0629667486,51
48,601,2,0.05200712004,55
48,602,2,0.06250058189,51
48,603,2,0.06576015576,58
48,604,2,0.06986523574,54
48,605,2,0.06762975438,54
48,606,2,0.05984716107,52
48,607,2,0.07805997009,55
48,608,2,0.07301136627,54
48,609,2,0.0771904047,57
48,610,2,0.0718682214,57
48,611,2,0.05847292873,55
48,612,2,0.06151695553,59
48,613,2,0.05352886609,50
48,614,2,0.05664136495,49
48,615,2,0.05614821886,55
48,616,2,0.06326403317,50
48,617,2,0.06417156358,51
48,618,2,0.06805388361,48
48,619,2,0.07072136643,55
48,620,2,0.05719721109,51
48,621,2,0.06426734387,53
48,622,2,0.07571640801,56
48,623,2,0.07493897068,53
48,624,2,0.06433975242,52
48,625,2,0.05017402407,52
48,626,2,0.06244198104,54
48,627,2,0.04506415111,54
48,628,2,0.06516186188,53
48,629,2,0.05883453875,50
48,630,2,0.06203888144,49
48,631,2,0.05185187548,49
48,632,2,0.05581732559,52
48,633,2,0.07346900936,56
48,634,2,0.07397154055,59
48,635,2,0.07415501615,53
48,636,2,0.06139963376,53
48,637,2,0.06823947029,51
48,638,2,0.05893359207,52
48,639,2,0.07556215948,56
48,640,2,0.0633498141,48
48,641,2,0.07258793451,53
48,642,2,0.0623668508,50
48,643,2,0.06017887789,54
48,644,2,0.05983602341,52
48,645,2,0.05661792472,48
48,646,2,0.05603842699,53
48,647,2,0.05636697766,47
48,648,2,0.06016670312,55
48,649,2,0.06269268504,56
48,650,2,0.06167102075,56
48,651,2,0.06934464045,54
48,652,2,0.06642346189,53
48,653,2,0.0566235957,48
48,654,2,0.06954991577,50
48,655,2,0.05741077536,55
48,656,2,0.06403094109,51
48,657,2,0.06179359928,53
48,658,2,0.072381622,54
48,659,2,0.08043661952,52
48,660,2,0.0768386385,59
48,661,2,0.07162217985,50
48,662,2,0.06291738248,51
48,663,2,0.0589722077,60
48,664,2,0.05738922522,49
48,665,2,0.07587837377,54
48,666,2,0.05580714448,55
48,667,2,0.05464910064,52
48,668,2,0.044638561,53
48,669,2,0.06139278017,53
48,670,2,0.05865260245,54
48,671,2,0.06963551185,51
48,672,2,0.07077800399,58
48,673,2,0.06731002991,52
48,674,2,0.06277821285,53
48,675,2,0.05019010758,49
48,676,2,0.04661375861,57
48,677,2,0.04512887317,50
48,678,2,0.05560954867,54
48,679,2,0.06035432522,53
48,680,2,0.06537821091,48
48,681,2,0.02939672731,49
48,682,2,0.05569907862,51
48,683,2,0.05713654031,48
48,684,2,0.06784719785,53
48,685,2,0.07551936915,53
48,686,2,0.0539286398,52
48,687,2,0.06510897336,54
48,688,2,0.06483582132,56
48,689,2,0.04394528092,56
48,690,2,0.07631573566,54
48,691,2,0.05631676771,59
48,692,2,0.07178972467,58
48,693,2,0.07085149024,58
48,694,2,0.05823853019,53
48,695,2,0.07120104904,57
48,696,2,0.05289504635,49
48,697,2,0.04722779086,48
48,698,2,0.07885102762,59
48,699,2,0.07521192178,61
48,700,2,0.06991025724,55
48,701,2,0.0691751959,53
48,702,2,0.05696011107,54
48,703,2,0.06791428088,49
48,704,2,0.05558554992,56
48,705,2,0.06870193523,53
48,706,2,0.05563258111,55
48,707,2,0.06276503398,55
48,708,2,0.05079272889,52
48,709,2,0.05163844925,51
48,710,2,0.05795629255,55
48,711,2,0.06034340314,52
48,712,2,0.0701080565,51
48,713,2,0.05734911,53
48,714,2,0.06531516012,55
48,715,2,0.04738903828,48
48,716,2,0.06558041181,53
48,717,2,0.07113004139,54
48,718,2,0.07541995413,56
48,719,2,0.06308356979,54
48,720,2,0.05174526655,53
48,721,2,0.07814590636,55
48,722,2,0.0691478349,51
48,723,2,0.05818870402,54
48,724,2,0.07703078221,52
48,725,2,0.0836985784,57
48,726,2,0.07048260053,57
48,727,2,0.06139290533,55
48,728,2,0.06178856363,54
48,729,2,0.05541162733,48
48,730,2,0.05755732436,50
48,731,2,0.06051434118,51
48,732,2,0.06464028559,53
48,733,2,0.06241468826,53
48,734,2,0.07784483878,55
48,735,2,0.07332726323,49
48,736,2,0.06479599698,53
48,737,2,0.0738252928,60
48,738,2,0.07061550882,56
48,739,2,0.06069965762,49
48,740,2,0.06039406932,53
48,741,2,0.07387320799,51
48,742,2,0.06781210513,57
48,743,2,0.07230714523,55
48,744,2,0.04783075211,54
48,745,2,0.06358804871,50
48,746,2,0.05795758196,55
48,747,2,0.06702025543,50
48,748,2,0.05997848671,52
48,749,2,0.07203271969,54
48,750,2,0.06422377127,54
48,751,2,0.06502684051,49
48,752,2,0.07643641194,55
48,753,2,0.06077094371,57
48,754,2,0.07123459862,54
48,755,2,0.04230458116,55
48,756,2,0.05849697483,52
48,757,2,0.07497704099,54
48,758,2,0.07535717847,56
48,759,2,0.06054473417,53
48,760,2,0.05960319299,54
48,761,2,0.0476497635,55
48,762,2,0.05973701383,52
48,763,2,0.07183374649,57
48,764,2,0.06442890399,53
48,765,2,0.0692039745,52
48,766,2,0.07860685315,57
48,767,2,0.0614933698,50
48,768,2,0.05995333269,53
48,769,2,0.06078084678,55
48,770,2,0.08509386601,52
48,771,2,0.07187436759,57
48,772,2,0.06102799072,51
48,773,2,0.0663963865,53
48,774,2,0.07154747587,47
48,775,2,0.07125323302,54
48,776,2,0.05850282373,52
48,777,2,0.07089076517,55
48,778,2,0.05637256763,53
48,779,2,0.05178287463,48
48,780,2,0.07519177652,53
48,781,2,0.05424903502,49
48,782,2,0.05923208534,54
48,783,2,0.0514495332,50
48,784,2,0.06353545078,51
48,785,2,0.0643086841,54
48,786,2,0.05436914349,53
48,787,2,0.06072842057,51
48,788,2,0.0707783889,55
48,789,2,0.04598141421,50
48,790,2,0.06249432699,50
48,791,2,0.05293741571,51
48,792,2,0.07247959568,55
48,793,2,0.06423680372,54
48,794,2,0.05638831353,53
48,795,2,0.07850456287,55
48,796,2,0.06967039313,51
48,797,2,0.06550333856,57
48,798,2,0.06857233659,53
48,799,2,0.04459759742,54
48,800,2,0.05966821633,56
48,801,2,0.06896027204,58
48,802,2,0.07543859248,50
48,803,2,0.05310653011,53
48,804,2,0.05590893548,57
48,805,2,0.06070342445,59
48,806,2,0.07255968284,53
48,807,2,0.07463589996,49
48,808,2,0.07005092292,53
48,809,2,0.07149769328,51
48,810,2,0.08085013235,56
48,811,2,0.07566317752,54
48,812,2,0.07952582781,61
48,813,2,0.06021004612,50
48,814,2,0.04972218801,50
48,815,2,0.0765398044,50
48,816,2,0.04528526228,51
48,817,2,0.04922369532,55
48,818,2,0.06509582332,51
48,819,2,0.08252842959,56
48,820,2,0.06340483743,59
48,821,2,0.0744516341,55
48,822,2,0.05478129885,57
48,823,2,0.06713160797,56
48,824,2,0.05708077419,49
48,825,2,0.05852230092,50
48,826,2,0.06102575651,51
48,827,2,0.0603872025,58
48,828,2,0.05488336223,52
48,829,2,0.07450203726,55
48,830,2,0.06435043731,60
48,831,2,0.07482916261,56
48,832,2,0.05291173584,53
48,833,2,0.0624004421,56
48,834,2,0.06691490207,53
48,835,2,0.06403114377,58
48,836,2,0.06967691312,49
48,837,2,0.06424453855,57
48,838,2,0.07658913771,61
48,839,2,0.06575003091,55
48,840,2,0.0662266118,55
48,841,2,0.07162057203,58
48,842,2,0.07275988802,53
48,843,2,0.04242019172,48
48,844,2,0.06360551565,52
48,845,2,0.05701104508,55
48,846,2,0.06042603367,54
48,847,2,0.05856015242,54
48,848,2,0.0603102505,53
48,849,2,0.05802769778,53
48,850,2,0.05402512515,53
48,851,2,0.07086685454,54
48,852,2,0.07189013956,54
48,853,2,0.07540662318,58
48,854,2,0.07517666354,55
48,855,2,0.05325048209,47
48,856,2,0.04822644038,55
48,857,2,0.07291145698,50
48,858,2,0.06911422955,52
48,859,2,0.0748149116,54
48,860,2,0.06794335499,53
48,861,2,0.06455281396,56
48,862,2,0.0567083111,56
48,863,2,0.05672695466,55
48,864,2,0.0643214172,51
48,865,2,0.05639596574,51
48,866,2,0.073337878,56
48,867,2,0.0611062277,51
48,868,2,0.06319887743,54
48,869,2,0.04672084277,49
48,870,2,0.07821814553,53
48,871,2,0.0650451928,55
48,872,2,0.05210168341,51
48,873,2,0.06728150325,52
48,874,2,0.07761564612,57
48,875,2,0.05857971113,50
48,876,2,0.07733422592,53
48,877,2,0.06875640045,52
48,878,2,0.06951464289,60
48,879,2,0.05152757296,51
48,880,2,0.07276071604,51
48,881,2,0.06645301169,52
48,882,2,0.05421586096,57
48,883,2,0.07767780348,55
48,884,2,0.05179062577,48
48,885,2,0.06674635555,55
48,886,2,0.07133283022,50
48,887,2,0.0540894609,49
48,888,2,0.05371989589,53
48,889,2,0.07209381637,56
48,890,2,0.04959313119,52
48,891,2,0.07558134016,54
48,892,2,0.06417890033,47
48,893,2,0.06467375937,52
48,894,2,0.06344266217,54
48,895,2,0.0577719673,50
48,896,2,0.06994625271,51
48,897,2,0.06444542961,56
48,898,2,0.06295530356,51
48,899,2,0.06676542186,51
48,900,2,0.05228175299,53
48,901,2,0.07361129702,55
48,902,2,0.05726318356,51
48,903,2,0.05852913088,54
48,904,2,0.06528002141,55
48,905,2,0.06507194843,53
48,906,2,0.06407506449,52
48,907,2,0.06146392534,54
48,908,2,0.04727274154,51
48,909,2,0.07205984638,55
48,910,2,0.06128652523,56
48,911,2,0.06914826701,49
48,912,2,0.07066050189,57
48,913,2,0.07225179745,57
48,914,2,0.08419823123,54
48,915,2,0.06639085279,57
48,916,2,0.06417117654,57
48,917,2,0.06878561333,51
48,918,2,0.06508819168,55
48,919,2,0.05770585157,53
48,920,2,0.06588325901,54
48,921,2,0.05478018229,53
48,922,2,0.07485781958,52
48,923,2,0.06461857358,52
48,924,2,0.0663036856,54
48,925,2,0.07138111427,54
48,926,2,0.06979324652,59
48,927,2,0.06780688957,54
48,928,2,0.07487698888,50
48,929,2,0.07407716455,51
48,930,2,0.06376142927,55
48,931,2,0.05280219573,48
48,932,2,0.06223807927,51
48,933,2,0.07759035098,52
48,934,2,0.07493332109,55
48,935,2,0.07050035624,54
48,936,2,0.06095339339,47
48,937,2,0.07165807654,52
48,938,2,0.07062313417,51
48,939,2,0.05329491706,49
48,940,2,0.06284161543,57
48,941,2,0.06711629652,60
48,942,2,0.07945719267,57
48,943,2,0.04392950974,51
48,944,2,0.05743379917,51
48,945,2,0.08073565236,51
48,946,2,0.06261113739,50
48,947,2,0.08058449333,53
48,948,2,0.06365984352,52
48,949,2,0.06807538982,52
48,950,2,0.06500604657,53
48,951,2,0.07743806536,63
48,952,2,0.06442211667,56
48,953,2,0.04007632238,51
48,954,2,0.05534822162,50
48,955,2,0.06478735234,56
48,956,2,0.07728889416,53
48,957,2,0.05232397373,51
48,958,2,0.06828437436,54
48,959,2,0.04173758349,53
48,960,2,0.07847957496,58
48,961,2,0.04808464393,51
48,962,2,0.07034706197,56
48,963,2,0.07539218893,51
48,964,2,0.06336135251,52
48,965,2,0.07243896051,53
48,966,2,0.06171672683,56
48,967,2,0.07315056156,59
48,968,2,0.07209797394,51
48,969,2,0.06878743558,52
48,970,2,0.06068221979,55
48,971,2,0.05699911243,56
48,972,2,0.07854032599,52
48,973,2,0.06840820791,52
48,974,2,0.05899892191,54
48,975,2,0.07282287987,57
48,976,2,0.0607984666,54
48,977,2,0.04535565665,52
48,978,2,0.0661728915,58
48,979,2,0.06071583403,56
48,980,2,0.07063181018,52
48,981,2,0.04088942844,52
48,982,2,0.05981638626,54
48,983,2,0.05696163467,55
48,984,2,0.07187299025,54
48,985,2,0.05477908403,53
48,986,2,0.05293584993,49
48,987,2,0.07253741765,53
48,988,2,0.06874663145,48
48,989,2,0.05296078957,49
48,990,2,0.06192608101,54
48,991,2,0.07915071554,58
48,992,2,0.05880238371,49
48,993,2,0.05460969828,51
48,994,2,0.0606898301,50
48,995,2,0.07115035022,52
48,996,2,0.07250995544,57
48,997,2,0.0653587,52
48,998,2,0.06456521729,54
48,999,2,0.06042990966,52
51,0,2,0.06616959293,61
51,1,2,0.07916393537,59
51,2,2,0.07987073971,62
51,3,2,0.07893594804,61
51,4,2,0.05750243829,59
51,5,2,0.06619920485,60
51,6,2,0.06863836236,57
51,7,2,0.06918733211,59
51,8,2,0.07584710993,64
51,9,2,0.08220571241,58
51,10,2,0.07983242398,63
51,11,2,0.07424903748,58
51,12,2,0.05820573748,61
51,13,2,0.07261412409,62
51,14,2,0.08073586698,58
51,15,2,0.06695959259,62
51,16,2,0.0675968766,60
51,17,2,0.076700104,63
51,18,2,0.07499007399,58
51,19,2,0.0651426818,59
51,20,2,0.07227732081,62
51,21,2,0.07551284726,65
51,22,2,0.06934007065,59
51,23,2,0.07802633329,62
51,24,2,0.07834215558,63
51,25,2,0.07823911648,61
51,26,2,0.06409520857,57
51,27,2,0.0658629692,61
51,28,2,0.07840664075,57
51,29,2,0.05318147849,58
51,30,2,0.07106354627,59
51,31,2,0.07241485414,65
51,32,2,0.07174502264,61
51,33,2,0.0684447051,63
51,34,2,0.06594036238,58
51,35,2,0.05914576465,60
51,36,2,0.0724616492,61
51,37,2,0.07250819324,58
51,38,2,0.07348938848,60
51,39,2,0.06702136334,60
51,40,2,0.07381741091,60
51,41,2,0.05762547979,62
51,42,2,0.08406481375,57
51,43,2,0.08089863669,60
51,44,2,0.07221030859,59
51,45,2,0.06932777226,61
51,46,2,0.0712321684,59
51,47,2,0.08262389558,61
51,48,2,0.07664251794,58
51,49,2,0.07308177475,59
51,50,2,0.08465986005,62
51,51,2,0.06080783252,60
51,52,2,0.0633695377,60
51,53,2,0.08521339896,60
51,54,2,0.08610809422,61
51,55,2,0.08285106878,63
51,56,2,0.07233891151,58
51,57,2,0.08202120647,63
51,58,2,0.07173963998,58
51,59,2,0.07301134277,61
51,60,2,0.07460403278,65
51,61,2,0.06029010949,59
51,62,2,0.08325735718,60
51,63,2,0.08121118934,60
51,64,2,0.08124753996,62
51,65,2,0.08448278381,60
51,66,2,0.06402241446,58
51,67,2,0.07024766657,56
51,68,2,0.06446206023,58
51,69,2,0.05928821212,58
51,70,2,0.06035236258,59
51,71,2,0.07886644457,61
51,72,2,0.06872186725,60
51,73,2,0.0701426737,58
51,74,2,0.06829906883,60
51,75,2,0.07055544951,63
51,76,2,0.07499323487,57
51,77,2,0.081423977,63
51,78,2,0.07951603515,60
51,79,2,0.05092656757,61
51,80,2,0.06108732617,60
51,81,2,0.08113835862,63
51,82,2,0.06513794847,57
51,83,2,0.07674308848,60
51,84,2,0.06600128341,59
51,85,2,0.07015783022,57
51,86,2,0.0723260715,61
51,87,2,0.07881507505,63
51,88,2,0.07348560174,59
51,89,2,0.05649160927,57
51,90,2,0.05733245823,59
51,91,2,0.0828215609,60
51,92,2,0.06833922103,56
51,93,2,0.05926375729,60
51,94,2,0.07012532157,58
51,95,2,0.0640275456,62
51,96,2,0.07614569546,64
51,97,2,0.07850906548,61
51,98,2,0.06988085317,58
51,99,2,0.07514414415,61
51,100,2,0.07163785398,59
51,101,2,0.07856300674,56
51,102,2,0.06741290961,57
51,103,2,0.07615842267,61
51,104,2,0.06703432899,63
51,105,2,0.06033647393,58
51,106,2,0.08142710243,57
51,107,2,0.06491000335,57
51,108,2,0.07172418651,61
51,109,2,0.05292966436,56
51,110,2,0.07467200071,58
51,111,2,0.06504124318,58
51,112,2,0.07380285729,59
51,113,2,0.06752294961,56
51,114,2,0.06157779621,60
51,115,2,0.06703030797,62
51,116,2,0.07115376018,61
51,117,2,0.06525597982,64
51,118,2,0.07587154354,58
51,119,2,0.07711613113,62
51,120,2,0.06764487986,61
51,121,2,0.05737315983,56
51,122,2,0.07044484602,63
51,123,2,0.07641424563,60
51,124,2,0.0810280315,62
51,125,2,0.0716609604,59
51,126,2,0.06503355741,63
51,127,2,0.06684701913,61
51,128,2,0.07892540244,60
51,129,2,0.08333023485,64
51,130,2,0.07768209232,62
51,131,2,0.08134079172,62
51,132,2,0.07076215306,60
51,133,2,0.08108630127,58
51,134,2,0.07150970026,59
51,135,2,0.08163416904,64
51,136,2,0.06280137191,58
51,137,2,0.05891137931,57
51,138,2,0.07099913208,60
51,139,2,0.06394693528,58
51,140,2,0.05489146728,60
51,141,2,0.06134604376,58
51,142,2,0.06397151823,60
51,143,2,0.07148403284,58
51,144,2,0.06608777891,56
51,145,2,0.07788301652,65
51,146,2,0.06796822138,59
51,147,2,0.05282110753,62
51,148,2,0.06845605409,60
51,149,2,0.07327449141,59
51,150,2,0.07860144498,61
51,151,2,0.08123821335,60
51,152,2,0.07868897976,59
51,153,2,0.08197624414,61
51,154,2,0.07275178268,60
51,155,2,0.07473914412,61
51,156,2,0.07418115115,56
51,157,2,0.06406176945,56
51,158,2,0.05655457406,56
51,159,2,0.0749266202,58
51,160,2,0.08038630984,63
51,161,2,0.07076459143,58
51,162,2,0.08507428342,62
51,163,2,0.0731417474,60
51,164,2,0.07696202758,61
51,165,2,0.05848709091,60
51,166,2,0.07729014772,57
51,167,2,0.07571548771,60
51,168,2,0.0843139427,61
51,169,2,0.07567697078,58
51,170,2,0.07549784177,58
51,171,2,0.073775186,63
51,172,2,0.07352446184,62
51,173,2,0.07954328252,60
51,174,2,0.06716485376,62
51,175,2,0.08399905467,58
51,176,2,0.06223422963,59
51,177,2,0.07405741399,59
51,178,2,0.06662609713,60
51,179,2,0.07962539508,59
51,180,2,0.07964172841,59
51,181,2,0.06905671653,64
51,182,2,0.07409742385,61
51,183,2,0.08012626108,62
51,184,2,0.06442459296,62
51,185,2,0.074173196,61
51,186,2,0.0864509846,61
51,187,2,0.06693411217,58
51,188,2,0.06053110178,56
51,189,2,0.07931639007,63
51,190,2,0.0661924301,58
51,191,2,0.06578105942,56
51,192,2,0.08710990196,60
51,193,2,0.07716745775,62
51,194,2,0.06680680933,62
51,195,2,0.0667229047,58
51,196,2,0.04763682575,60
51,197,2,0.07019538703,61
51,198,2,0.06842932353,59
51,199,2,0.07586367948,59
51,200,2,0.07636572002,58
51,201,2,0.0718163897,58
51,202,2,0.07185747618,58
51,203,2,0.06873478648,58
51,204,2,0.0783495247,58
51,205,2,0.07356072294,62
51,206,2,0.08499956937,57
51,207,2,0.07348742319,63
51,208,2,0.06962473065,60
51,209,2,0.08477901518,56
51,210,2,0.07867995837,58
51,211,2,0.08072465111,58
51,212,2,0.08125609001,63
51,213,2,0.05437039846,58
51,214,2,0.08311486428,60
51,215,2,0.07727049068,61
51,216,2,0.08247280883,57
51,217,2,0.06816045677,61
51,218,2,0.06818562027,64
51,219,2,0.06848290581,60
51,220,2,0.07106146532,57
51,221,2,0.06962235658,61
51,222,2,0.05790236279,61
51,223,2,0.08354875775,57
51,224,2,0.08194082685,64
51,225,2,0.06073902893,58
51,226,2,0.07305738055,59
51,227,2,0.07963580437,62
51,228,2,0.08095041241,60
51,229,2,0.0660828743,58
51,230,2,0.07289337936,64
51,231,2,0.06324649623,60
51,232,2,0.0839430332,61
51,233,2,0.0690685906,58
51,234,2,0.07204219191,58
51,235,2,0.05911415677,58
51,236,2,0.06615286357,57
51,237,2,0.06660510885,59
51,238,2,0.06689638516,56
51,239,2,0.08402837117,64
51,240,2,0.06777539441,57
51,241,2,0.07096972577,59
51,242,2,0.07533178919,58
51,243,2,0.08051526608,62
51,244,2,0.06483493989,60
51,245,2,0.07375615897,66
51,246,2,0.07981841668,62
51,247,2,0.06595336227,58
51,248,2,0.07887374882,59
51,249,2,0.06754432436,63
51,250,2,0.07607796538,63
51,251,2,0.06840160044,58
51,252,2,0.08603940418,59
51,253,2,0.0832186032,61
51,254,2,0.0645701825,62
51,255,2,0.07235766631,62
51,256,2,0.06518478623,57
51,257,2,0.07120074793,58
51,258,2,0.0635092194,62
51,259,2,0.07374996255,58
51,260,2,0.06628090262,59
51,261,2,0.08213403899,65
51,262,2,0.08325233688,65
51,263,2,0.06771538488,59
51,264,2,0.08444358164,61
51,265,2,0.0793737874,60
51,266,2,0.07712215493,64
51,267,2,0.06884579677,61
51,268,2,0.07851371336,58
51,269,2,0.08063116595,63
51,270,2,0.07364348118,58
51,271,2,0.07406121731,61
51,272,2,0.07657692474,59
51,273,2,0.07433268449,62
51,274,2,0.08243795379,55
51,275,2,0.07433965412,58
51,276,2,0.07851032377,59
51,277,2,0.06329543807,61
51,278,2,0.07272694294,62
51,279,2,0.05717573179,56
51,280,2,0.06112676797,58
51,281,2,0.06229755228,57
51,282,2,0.06728645554,64
51,283,2,0.07550509493,59
51,284,2,0.08386398012,60
51,285,2,0.05656450875,61
51,286,2,0.06782365671,60
51,287,2,0.08568559606,62
51,288,2,0.07721122998,58
51,289,2,0.07443603147,62
51,290,2,0.06981304214,59
51,291,2,0.06755598715,57
51,292,2,0.06305209794,59
51,293,2,0.08235229279,66
51,294,2,0.07167516279,59
51,295,2,0.07488819072,61
51,296,2,0.06607000342,59
51,297,2,0.07743581738,63
51,298,2,0.07748728003,62
51,299,2,0.07972095701,61
51,300,2,0.06467053084,57
51,301,2,0.07611143731,66
51,302,2,0.05870019359,60
51,303,2,0.08433809913,60
51,304,2,0.07413090441,61
51,305,2,0.07448012288,62
51,306,2,0.08046190149,60
51,307,2,0.0765633897,59
51,308,2,0.06899242258,59
51,309,2,0.06671853374,61
51,310,2,0.06886117608,58
51,311,2,0.06935544473,58
51,312,2,0.08235742041,59
51,313,2,0.07544011298,63
51,314,2,0.07941965854,61
51,315,2,0.06643462421,58
51,316,2,0.05961179484,59
51,317,2,0.07345521916,59
51,318,2,0.08179493475,58
51,319,2,0.07982608511,63
51,320,2,0.07333751368,58
51,321,2,0.06647624218,58
51,322,2,0.07216722187,60
51,323,2,0.08111740866,63
51,324,2,0.07798280785,64
51,325,2,0.06762215332,61
51,326,2,0.06716617318,60
51,327,2,0.07114353076,60
51,328,2,0.07663153648,58
51,329,2,0.08392590521,61
51,330,2,0.0840699997,58
51,331,2,0.08203223726,62
51,332,2,0.07579560685,60
51,333,2,0.07547997295,60
51,334,2,0.06862697586,59
51,335,2,0.06938917414,60
51,336,2,0.07881406013,63
51,337,2,0.06102107944,63
51,338,2,0.07948006299,59
51,339,2,0.06008288278,59
51,340,2,0.06663164057,61
51,341,2,0.07996927733,64
51,342,2,0.06126720384,62
51,343,2,0.07990075799,60
51,344,2,0.07113293675,58
51,345,2,0.08245325501,58
51,346,2,0.08165007651,57
51,347,2,0.0579821431,58
51,348,2,0.07640466197,61
51,349,2,0.06283899071,61
51,350,2,0.05937710274,56
51,351,2,0.07921979426,61
51,352,2,0.08306175343,61
51,353,2,0.07164207833,57
51,354,2,0.07281373187,58
51,355,2,0.07258324288,61
51,356,2,0.08377678206,58
51,357,2,0.07712133912,65
51,358,2,0.0735864928,61
51,359,2,0.06592546994,57
51,360,2,0.06458763867,62
51,361,2,0.0621746534,63
51,362,2,0.07953097433,62
51,363,2,0.06906621479,63
51,364,2,0.05963150585,59
51,365,2,0.08129313633,61
51,366,2,0.07930557239,58
51,367,2,0.06166326997,56
51,368,2,0.08049667961,63
51,369,2,0.06000169521,58
51,370,2,0.07428525188,59
51,371,2,0.0696757384,60
51,372,2,0.07617169679,64
51,373,2,0.07248007694,58
51,374,2,0.07015560432,56
51,375,2,0.07826022602,63
51,376,2,0.07173474146,61
51,377,2,0.06681969673,60
51,378,2,0.05579255895,58
51,379,2,0.08670177071,65
51,380,2,0.07514221555,56
51,381,2,0.0794761969,58
51,382,2,0.0640419104,61
51,383,2,0.07410325508,62
51,384,2,0.06347811581,56
51,385,2,0.06823848552,55
51,386,2,0.07111046767,57
51,387,2,0.08174892909,60
51,388,2,0.07511469178,62
51,389,2,0.08134943044,62
51,390,2,0.07490812905,59
51,391,2,0.08124587983,62
51,392,2,0.07932737744,63
51,393,2,0.06788700397,57
51,394,2,0.05890795957,61
51,395,2,0.07812418953,66
51,396,2,0.0773125685,62
51,397,2,0.07119835112,58
51,398,2,0.06168846468,59
51,399,2,0.0653259702,60
51,400,2,0.05231646058,61
51,401,2,0.08151656163,59
51,402,2,0.06674972806,59
51,403,2,0.05536410126,58
51,404,2,0.06408662424,60
51,405,2,0.07111395329,62
51,406,2,0.07556687994,64
51,407,2,0.07508719335,61
51,408,2,0.07631882893,58
51,409,2,0.0728937308,58
51,410,2,0.07870747423,59
51,411,2,0.06795923213,60
51,412,2,0.05392297816,57
51,413,2,0.06554966831,59
51,414,2,0.07504809781,64
51,415,2,0.07655120331,58
51,416,2,0.06481400032,57
51,417,2,0.08017096554,58
51,418,2,0.08265344523,58
51,419,2,0.07527180663,60
51,420,2,0.06619835961,59
51,421,2,0.08473522512,61
51,422,2,0.07111500627,61
51,423,2,0.06984345373,58
51,424,2,0.06428847833,59
51,425,2,0.05975179566,61
51,426,2,0.06964643328,61
51,427,2,0.07811090268,61
51,428,2,0.08132627252,57
51,429,2,0.06537815162,60
51,430,2,0.06533347782,62
51,431,2,0.07462480632,60
51,432,2,0.07504692927,59
51,433,2,0.07014760183,61
51,434,2,0.06443133905,62
51,435,2,0.06275868864,57
51,436,2,0.07667582058,58
51,437,2,0.0767554445,60
51,438,2,0.05925984814,60
51,439,2,0.06946412933,62
51,440,2,0.07353355173,60
51,441,2,0.06787422098,61
51,442,2,0.0744226869,61
51,443,2,0.05710823117,61
51,444,2,0.07406774865,60
51,445,2,0.05995207991,58
51,446,2,0.08034481571,61
51,447,2,0.0419537239,56
51,448,2,0.07832835063,60
51,449,2,0.07168950954,59
51,450,2,0.06137256627,58
51,451,2,0.08431645362,64
51,452,2,0.07811426556,59
51,453,2,0.08093465999,62
51,454,2,0.05162566648,58
51,455,2,0.06337954961,58
51,456,2,0.07916106558,62
51,457,2,0.05720875194,59
51,458,2,0.07982729143,59
51,459,2,0.06355624654,58
51,460,2,0.0742462307,59
51,461,2,0.07639425588,58
51,462,2,0.07461549114,61
51,463,2,0.06504634671,59
51,464,2,0.08393389777,58
51,465,2,0.06051345239,60
51,466,2,0.08164352801,57
51,467,2,0.05863067167,62
51,468,2,0.08366383274,62
51,469,2,0.08182138287,60
51,470,2,0.07333124355,60
51,471,2,0.08275695985,59
51,472,2,0.06307009076,57
51,473,2,0.07223492871,57
51,474,2,0.08125384501,63
51,475,2,0.07079581988,62
51,476,2,0.07389368433,59
51,477,2,0.07354097732,59
51,478,2,0.07496991021,63
51,479,2,0.07840289337,61
51,480,2,0.07425834611,60
51,481,2,0.0472038833,58
51,482,2,0.07282335443,59
51,483,2,0.07680006442,58
51,484,2,0.06768057171,60
51,485,2,0.06966049235,59
51,486,2,0.07784457266,61
51,487,2,0.05941240831,63
51,488,2,0.07389157123,60
51,489,2,0.08086483035,60
51,490,2,0.07578000416,59
51,491,2,0.07507457344,61
51,492,2,0.05814996261,58
51,493,2,0.06223117695,60
51,494,2,0.06696409054,62
51,495,2,0.08546845675,59
51,496,2,0.08214044952,58
51,497,2,0.06625452077,60
51,498,2,0.08640054907,61
51,499,2,0.05919672816,59
51,500,2,0.07099790223,62
51,501,2,0.06690523321,61
51,502,2,0.07604504361,66
51,503,2,0.0829565824,56
51,504,2,0.06446155406,57
51,505,2,0.06919594745,60
51,506,2,0.0837428889,59
51,507,2,0.07188369563,58
51,508,2,0.07110041194,59
51,509,2,0.05442713477,57
51,510,2,0.08011900744,62
51,511,2,0.08501164775,60
51,512,2,0.07786265483,60
51,513,2,0.07244011985,64
51,514,2,0.06491764155,60
51,515,2,0.07619676378,62
51,516,2,0.06877296194,59
51,517,2,0.06341186535,58
51,518,2,0.0645764913,62
51,519,2,0.08084177556,60
51,520,2,0.0789234111,60
51,521,2,0.0615153663,62
51,522,2,0.07160041412,60
51,523,2,0.07272779903,61
51,524,2,0.08215376657,59
51,525,2,0.07431998636,60
51,526,2,0.06969961587,56
51,527,2,0.08283409042,61
51,528,2,0.06912121991,58
51,529,2,0.07966598579,65
51,530,2,0.07581589682,62
51,531,2,0.08131706665,61
51,532,2,0.08455751544,60
51,533,2,0.07600752809,59
51,534,2,0.0733201727,58
51,535,2,0.05948195513,61
51,536,2,0.07360448313,56
51,537,2,0.06432490697,60
51,538,2,0.08412128393,65
51,539,2,0.06453740992,61
51,540,2,0.07695487541,60
51,541,2,0.07546401916,61
51,542,2,0.04726408502,61
51,543,2,0.04771788911,56
51,544,2,0.08295094137,60
51,545,2,0.07880099067,62
51,546,2,0.07705869418,65
51,547,2,0.06014679943,61
51,548,2,0.05700097317,59
51,549,2,0.07511597794,60
51,550,2,0.07039210195,60
51,551,2,0.08615199123,56
51,552,2,0.07644353798,62
51,553,2,0.07776190548,58
51,554,2,0.06301061923,57
51,555,2,0.0821986377,60
51,556,2,0.07899598954,67
51,557,2,0.06960502594,60
51,558,2,0.06797375442,60
51,559,2,0.0744318727,60
51,560,2,0.08177591147,61
51,561,2,0.07066690477,57
51,562,2,0.08259384776,61
51,563,2,0.06316640341,56
51,564,2,0.07035426347,61
51,565,2,0.06409259889,61
51,566,2,0.06026652881,59
51,567,2,0.07095871214,60
51,568,2,0.07998319128,55
51,569,2,0.07921704013,58
51,570,2,0.07646020914,62
51,571,2,0.05937418366,58
51,572,2,0.06862573601,62
51,573,2,0.07363685075,61
51,574,2,0.07330814014,62
51,575,2,0.06433478112,59
51,576,2,0.08064182233,59
51,577,2,0.06513033288,63
51,578,2,0.06708688523,59
51,579,2,0.0742099253,56
51,580,2,0.06214494175,61
51,581,2,0.08360752472,61
51,582,2,0.07326760159,61
51,583,2,0.05201487927,60
51,584,2,0.06872564048,59
51,585,2,0.07215772252,60
51,586,2,0.07881872707,60
51,587,2,0.07469812166,62
51,588,2,0.06446197689,62
51,589,2,0.07753563343,63
51,590,2,0.07881784113,57
51,591,2,0.08334228364,59
51,592,2,0.06841582789,61
51,593,2,0.07649126469,64
51,594,2,0.05824329113,63
51,595,2,0.06892003251,60
51,596,2,0.06833278262,59
51,597,2,0.08339273728,63
51,598,2,0.05745883385,62
51,599,2,0.08057428125,63
51,600,2,0.06761764831,56
51,601,2,0.05279667112,62
51,602,2,0.08322258889,59
51,603,2,0.07495094291,62
51,604,2,0.07657650709,61
51,605,2,0.07723402329,58
51,606,2,0.06527539514,61
51,607,2,0.08319267326,62
51,608,2,0.07921040628,61
51,609,2,0.0776782038,64
51,610,2,0.08458177297,59
51,611,2,0.0580914331,61
51,612,2,0.06267632604,61
51,613,2,0.05622846239,57
51,614,2,0.05433876213,56
51,615,2,0.06737547846,61
51,616,2,0.07294085012,60
51,617,2,0.07629251509,56
51,618,2,0.07522265727,58
51,619,2,0.08134588744,63
51,620,2,0.06322612809,58
51,621,2,0.06654712671,59
51,622,2,0.07893219066,60
51,623,2,0.07863814769,60
51,624,2,0.06252926052,57
51,625,2,0.07950337494,61
51,626,2,0.06549866453,60
51,627,2,0.07277807454,63
51,628,2,0.0823706622,60
51,629,2,0.0697845754,58
51,630,2,0.07743092692,60
51,631,2,0.05514616631,57
51,632,2,0.07450679603,60
51,633,2,0.07641848286,63
51,634,2,0.07928200024,62
51,635,2,0.07543727303,59
51,636,2,0.06347706727,58
51,637,2,0.08594197843,60
51,638,2,0.07593608418,57
51,639,2,0.07484997872,61
51,640,2,0.07593118965,58
51,641,2,0.07268985724,60
51,642,2,0.0821798882,57
51,643,2,0.05928689824,59
51,644,2,0.08200625768,60
51,645,2,0.06003217428,57
51,646,2,0.06491909363,60
51,647,2,0.06543193914,58
51,648,2,0.07725697057,63
51,649,2,0.06969521688,58
51,650,2,0.0767238228,61
51,651,2,0.07609106644,59
51,652,2,0.06576058341,64
51,653,2,0.06489638775,58
51,654,2,0.07068411212,58
51,655,2,0.06058547911,60
51,656,2,0.06516874907,60
51,657,2,0.06604828793,59
51,658,2,0.0746639443,63
51,659,2,0.07655557753,58
51,660,2,0.0819942183,65
51,661,2,0.0755500529,59
51,662,2,0.0844480986,61
51,663,2,0.0798522146,66
51,664,2,0.06991375701,58
51,665,2,0.07201003467,60
51,666,2,0.06773876327,65
51,667,2,0.07108187666,59
51,668,2,0.05412108444,60
51,669,2,0.06987753837,62
51,670,2,0.06101431767,58
51,671,2,0.08205925614,58
51,672,2,0.07353375856,64
51,673,2,0.06970442426,60
51,674,2,0.07015418859,60
51,675,2,0.05840054291,56
51,676,2,0.05402735431,60
51,677,2,0.06026220289,57
51,678,2,0.05288655331,61
51,679,2,0.06425180068,59
51,680,2,0.07609106644,59
51,681,2,0.06887504009,60
51,682,2,0.0620630815,58
51,683,2,0.06837460719,59
51,684,2,0.08382660991,58
51,685,2,0.0792908884,59
51,686,2,0.07385095413,59
51,687,2,0.07019572009,61
51,688,2,0.08164062348,62
51,689,2,0.05279667112,62
51,690,2,0.07796267606,62
51,691,2,0.05759026173,60
51,692,2,0.08132783528,66
51,693,2,0.07482941567,61
51,694,2,0.05785996635,60
51,695,2,0.0677294287,64
51,696,2,0.06384903686,58
51,697,2,0.06561169774,55
51,698,2,0.08138940646,63
51,699,2,0.07097833596,65
51,700,2,0.07910318143,61
51,701,2,0.06953386215,58
51,702,2,0.05928468166,60
51,703,2,0.06524564017,58
51,704,2,0.05910719286,62
51,705,2,0.06786130858,58
51,706,2,0.07828351688,62
51,707,2,0.07279173743,61
51,708,2,0.05613430253,60
51,709,2,0.06357531287,58
51,710,2,0.06523353944,58
51,711,2,0.08313541515,60
51,712,2,0.08259239251,58
51,713,2,0.07348822542,60
51,714,2,0.06374910272,59
51,715,2,0.07652375575,58
51,716,2,0.06111552275,59
51,717,2,0.07271162251,66
51,718,2,0.0817939583,59
51,719,2,0.07633355121,63
51,720,2,0.06385567324,60
51,721,2,0.07265779679,63
51,722,2,0.07963349511,62
51,723,2,0.06612163646,60
51,724,2,0.07808916534,59
51,725,2,0.0812526007,62
51,726,2,0.07712133912,65
51,727,2,0.07083362365,61
51,728,2,0.07383669839,61
51,729,2,0.06726134473,57
51,730,2,0.06438716272,61
51,731,2,0.06646068911,61
51,732,2,0.07116728448,60
51,733,2,0.06961908057,60
51,734,2,0.08008973588,60
51,735,2,0.07684448918,60
51,736,2,0.07153198362,59
51,737,2,0.08180295371,65
51,738,2,0.07828797119,64
51,739,2,0.06597800767,59
51,740,2,0.07325641917,60
51,741,2,0.07290547466,56
51,742,2,0.07703999689,61
51,743,2,0.06861774023,60
51,744,2,0.06518592359,62
51,745,2,0.06902352233,58
51,746,2,0.0724249133,62
51,747,2,0.07340397542,61
51,748,2,0.07100096736,63
51,749,2,0.07288401396,61
51,750,2,0.07789999859,59
51,751,2,0.0632741003,58
51,752,2,0.0748774439,59
51,753,2,0.07644664944,62
51,754,2,0.07061118589,63
51,755,2,0.05351327744,62
51,756,2,0.05972321776,62
51,757,2,0.07896053845,61
51,758,2,0.07712440022,63
51,759,2,0.0713940353,59
51,760,2,0.0527686573,62
51,761,2,0.05428957066,61
51,762,2,0.0770739792,60
51,763,2,0.0736758418,59
51,764,2,0.07279173743,61
51,765,2,0.0860160141,59
51,766,2,0.07614569546,64
51,767,2,0.05876006488,57
51,768,2,0.05817093431,59
51,769,2,0.07436688831,61
51,770,2,0.08230118865,61
51,771,2,0.07617169679,64
51,772,2,0.06621356407,57
51,773,2,0.07879120782,61
51,774,2,0.08375893442,56
51,775,2,0.07595646022,59
51,776,2,0.06380169893,56
51,777,2,0.08223236193,63
51,778,2,0.05573340842,58
51,779,2,0.08452062168,56
51,780,2,0.07754887434,60
51,781,2,0.06354987759,58
51,782,2,0.06340655986,62
51,783,2,0.05675697929,58
51,784,2,0.06107026935,59
51,785,2,0.08262989048,61
51,786,2,0.05623295589,60
51,787,2,0.07574714456,60
51,788,2,0.07997725175,62
51,789,2,0.05266862194,58
51,790,2,0.08418297826,57
51,791,2,0.05707799199,57
51,792,2,0.08184147047,61
51,793,2,0.0773849496,63
51,794,2,0.07688783129,61
51,795,2,0.07552653166,60
51,796,2,0.07528893192,59
51,797,2,0.07213527129,62
51,798,2,0.07758141837,59
51,799,2,0.06220164214,61
51,800,2,0.07683358781,62
51,801,2,0.07741940863,64
51,802,2,0.07499956141,57
51,803,2,0.06119923446,59
51,804,2,0.07205644965,63
51,805,2,0.08404362891,66
51,806,2,0.08335004829,60
51,807,2,0.06889525366,58
51,808,2,0.06164047954,62
51,809,2,0.08081420679,60
51,810,2,0.08186321947,62
51,811,2,0.07773741222,60
51,812,2,0.07586119957,66
51,813,2,0.07069530599,58
51,814,2,0.0457219305,58
51,815,2,0.08355792465,56
51,816,2,0.06153989747,58
51,817,2,0.0680366872,61
51,818,2,0.07383445491,58
51,819,2,0.07907189903,61
51,820,2,0.07061249772,64
51,821,2,0.08050973014,61
51,822,2,0.05611592813,63
51,823,2,0.06301331272,60
51,824,2,0.06975053357,57
51,825,2,0.05592353353,57
51,826,2,0.07978248556,59
51,827,2,0.07603117289,64
51,828,2,0.06377314128,60
51,829,2,0.07788146821,61
51,830,2,0.0839783156,63
51,831,2,0.07419386438,60
51,832,2,0.05835144341,59
51,833,2,0.0738418624,60
51,834,2,0.07586908258,60
51,835,2,0.06591867821,60
51,836,2,0.08441896699,59
51,837,2,0.06880711074,62
51,838,2,0.07850878652,63
51,839,2,0.06373147243,60
51,840,2,0.08195128152,62
51,841,2,0.07893316939,61
51,842,2,0.07250400732,61
51,843,2,0.06091997503,56
51,844,2,0.06824161053,58
51,845,2,0.06126147053,61
51,846,2,0.07690409436,60
51,847,2,0.07495138411,59
51,848,2,0.06908324665,60
51,849,2,0.05736650202,59
51,850,2,0.06714158475,64
51,851,2,0.08075079527,61
51,852,2,0.06901020885,62
51,853,2,0.07805529705,60
51,854,2,0.07580178887,62
51,855,2,0.07638459504,57
51,856,2,0.05255109366,61
51,857,2,0.08492150498,61
51,858,2,0.08088065336,57
51,859,2,0.07372367933,62
51,860,2,0.08625233529,62
51,861,2,0.06575724887,59
51,862,2,0.06807289395,63
51,863,2,0.06928154596,60
51,864,2,0.06498011218,59
51,865,2,0.05832342071,58
51,866,2,0.08166109713,62
51,867,2,0.06480615795,58
51,868,2,0.07142967149,59
51,869,2,0.05908963358,56
51,870,2,0.08320914906,60
51,871,2,0.07244318687,61
51,872,2,0.07415116391,60
51,873,2,0.07608639251,61
51,874,2,0.07810956077,63
51,875,2,0.06833438621,58
51,876,2,0.07542606773,59
51,877,2,0.07209645407,61
51,878,2,0.08644373909,64
51,879,2,0.06453465857,59
51,880,2,0.08185424101,60
51,881,2,0.07390359991,59
51,882,2,0.05540580954,61
51,883,2,0.07388811132,63
51,884,2,0.07782195204,58
51,885,2,0.08516736165,61
51,886,2,0.06529244791,60
51,887,2,0.06510095962,55
51,888,2,0.0579821431,58
51,889,2,0.08494726748,63
51,890,2,0.05379402016,58
51,891,2,0.08450371046,62
51,892,2,0.05933206535,55
51,893,2,0.07732593379,60
51,894,2,0.07197281116,59
51,895,2,0.05211751218,58
51,896,2,0.0721404173,57
51,897,2,0.07165538549,60
51,898,2,0.07274893927,60
51,899,2,0.07627050188,61
51,900,2,0.06799773866,61
51,901,2,0.08540123548,62
51,902,2,0.06236966049,57
51,903,2,0.06983948122,62
51,904,2,0.080945143,64
51,905,2,0.06377938873,59
51,906,2,0.06654719319,59
51,907,2,0.077194401,60
51,908,2,0.07716817582,58
51,909,2,0.08261663821,60
51,910,2,0.06699684413,61
51,911,2,0.06033900405,60
51,912,2,0.0686841925,62
51,913,2,0.07475408113,61
51,914,2,0.08550314044,62
51,915,2,0.07024012872,62
51,916,2,0.07160274786,61
51,917,2,0.06376447846,56
51,918,2,0.07280701811,60
51,919,2,0.07112933729,60
51,920,2,0.07376841266,62
51,921,2,0.06853086574,63
51,922,2,0.07746715794,56
51,923,2,0.0741340358,63
51,924,2,0.08550121039,61
51,925,2,0.07386752097,62
51,926,2,0.08412727591,64
51,927,2,0.07198592512,61
51,928,2,0.07181069696,60
51,929,2,0.08089303345,60
51,930,2,0.06830800836,61
51,931,2,0.07183043391,56
51,932,2,0.07812218953,61
51,933,2,0.0859495109,58
51,934,2,0.08242750075,61
51,935,2,0.07627050188,61
51,936,2,0.07111845931,57
51,937,2,0.07520853955,61
51,938,2,0.07995596582,60
51,939,2,0.0597964385,57
51,940,2,0.06651208458,63
51,941,2,0.07927532958,65
51,942,2,0.07967189985,62
51,943,2,0.06537461675,59
51,944,2,0.06642113453,57
51,945,2,0.08599603468,59
51,946,2,0.06794870973,58
51,947,2,0.08400230116,62
51,948,2,0.06870161448,57
51,949,2,0.07305670211,60
51,950,2,0.06314418418,57
51,951,2,0.07584051179,68
51,952,2,0.08301294971,64
51,953,2,0.0496528323,61
51,954,2,0.0720899675,56
51,955,2,0.06789420154,62
51,956,2,0.07929796073,60
51,957,2,0.06636855701,60
51,958,2,0.08124159751,58
51,959,2,0.06244927397,60
51,960,2,0.07841343182,62
51,961,2,0.05850813585,58
51,962,2,0.07966043689,63
51,963,2,0.07812498289,58
51,964,2,0.07155926011,60
51,965,2,0.07560174966,61
51,966,2,0.0801748241,67
51,967,2,0.08041861578,65
51,968,2,0.08382928643,62
51,969,2,0.06779609677,59
51,970,2,0.07252767423,60
51,971,2,0.06076055847,59
51,972,2,0.080642986,62
51,973,2,0.07087801072,59
51,974,2,0.07052778529,61
51,975,2,0.0800661681,64
51,976,2,0.06301436046,59
51,977,2,0.05188654693,60
51,978,2,0.07337991573,62
51,979,2,0.06798227848,61
51,980,2,0.07192298512,59
51,981,2,0.08615654611,63
51,982,2,0.07331290448,59
51,983,2,0.06316267072,60
51,984,2,0.06809117316,61
51,985,2,0.07488184599,58
51,986,2,0.05691292973,57
51,987,2,0.08275424834,62
51,988,2,0.06039482453,57
51,989,2,0.04883492823,58
51,990,2,0.06585171934,62
51,991,2,0.0782866383,62
51,992,2,0.06906194146,59
51,993,2,0.06261874762,57
51,994,2,0.06057998619,58
51,995,2,0.06581174216,61
51,996,2,0.0734207137,61
51,997,2,0.08287649787,59
51,998,2,0.07124240611,60
51,999,2,0.07027634304,61
54,0,2,0.08424522649,68
54,1,2,0.07956116307,68
54,2,2,0.08505402402,67
54,3,2,0.08424522649,68
54,4,2,0.08452018876,66
54,5,2,0.07803286702,68
54,6,2,0.06678905471,66
54,7,2,0.08595547432,66
54,8,2,0.08409220902,67
54,9,2,0.08072999931,66
54,10,2,0.08436379821,68
54,11,2,0.08452018876,66
54,12,2,0.08248378043,69
54,13,2,0.08343283597,66
54,14,2,0.08461800723,67
54,15,2,0.06678905471,66
54,16,2,0.07341455779,67
54,17,2,0.07341455779,67
54,18,2,0.08409220902,67
54,19,2,0.08248378043,69
54,20,2,0.07341455779,67
54,21,2,0.0808084825,69
54,22,2,0.08128545138,66
54,23,2,0.08414486885,68
54,24,2,0.08571428571,70
54,25,2,0.08409220902,67
54,26,2,0.06678905471,66
54,27,2,0.08414486885,68
54,28,2,0.07803286702,68
54,29,2,0.07480715357,67
54,30,2,0.08595547432,66
54,31,2,0.0806801876,68
54,32,2,0.07341455779,67
54,33,2,0.08461800723,67
54,34,2,0.06678905471,66
54,35,2,0.08436379821,68
54,36,2,0.07803286702,68
54,37,2,0.08523938966,67
54,38,2,0.08414486885,68
54,39,2,0.08237241853,67
54,40,2,0.08452018876,66
54,41,2,0.07480715357,67
54,42,2,0.08453016273,67
54,43,2,0.08409220902,67
54,44,2,0.08248378043,69
54,45,2,0.07803286702,68
54,46,2,0.08452018876,66
54,47,2,0.08571428571,70
54,48,2,0.08343283597,66
54,49,2,0.08196152952,66
54,50,2,0.0808084825,69
54,51,2,0.07956116307,68
54,52,2,0.08436379821,68
54,53,2,0.08237241853,67
54,54,2,0.08595547432,66
54,55,2,0.08571428571,70
54,56,2,0.08072999931,66
54,57,2,0.08453016273,67
54,58,2,0.08461800723,67
54,59,2,0.08436379821,68
54,60,2,0.08571428571,70
54,61,2,0.08414486885,68
54,62,2,0.08424522649,68
54,63,2,0.08461800723,67
54,64,2,0.08571428571,70
54,65,2,0.08237241853,67
54,66,2,0.08461800723,67
54,67,2,0.08424522649,68
54,68,2,0.08237241853,67
54,69,2,0.06678905471,66
54,70,2,0.08424522649,68
54,71,2,0.08343283597,66
54,72,2,0.08505402402,67
54,73,2,0.08523938966,67
54,74,2,0.08123897998,66
54,75,2,0.07341455779,67
54,76,2,0.07480715357,67
54,77,2,0.08571428571,70
54,78,2,0.0808084825,69
54,79,2,0.0808084825,69
54,80,2,0.0808084825,69
54,81,2,0.08571428571,70
54,82,2,0.08453016273,67
54,83,2,0.08248378043,69
54,84,2,0.08595547432,66
54,85,2,0.0806801876,68
54,86,2,0.08571428571,70
54,87,2,0.07803286702,68
54,88,2,0.08461800723,67
54,89,2,0.07956116307,68
54,90,2,0.08452018876,66
54,91,2,0.08196152952,66
54,92,2,0.08237241853,67
54,93,2,0.08414486885,68
54,94,2,0.08072999931,66
54,95,2,0.08248378043,69
54,96,2,0.08196152952,66
54,97,2,0.08409220902,67
54,98,2,0.08343283597,66
54,99,2,0.07956116307,68
54,100,2,0.08409220902,67
54,101,2,0.08343283597,66
54,102,2,0.08343283597,66
54,103,2,0.07480715357,67
54,104,2,0.07341455779,67
54,105,2,0.0808084825,69
54,106,2,0.08196152952,66
54,107,2,0.08505402402,67
54,108,2,0.0808084825,69
54,109,2,0.07480715357,67
54,110,2,0.08128545138,66
54,111,2,0.08409220902,67
54,112,2,0.08196152952,66
54,113,2,0.08595547432,66
54,114,2,0.07803286702,68
54,115,2,0.08343283597,66
54,116,2,0.0808084825,69
54,117,2,0.08248378043,69
54,118,2,0.08461800723,67
54,119,2,0.08424522649,68
54,120,2,0.07480715357,67
54,121,2,0.06678905471,66
54,122,2,0.08571428571,70
54,123,2,0.08414486885,68
54,124,2,0.07803286702,68
54,125,2,0.08072999931,66
54,126,2,0.07956116307,68
54,127,2,0.06678905471,66
54,128,2,0.08453016273,67
54,129,2,0.08452018876,66
54,130,2,0.07956116307,68
54,131,2,0.08461800723,67
54,132,2,0.08523938966,67
54,133,2,0.08409220902,67
54,134,2,0.08452018876,66
54,135,2,0.08248378043,69
54,136,2,0.08523938966,67
54,137,2,0.07803286702,68
54,138,2,0.08343283597,66
54,139,2,0.08414486885,68
54,140,2,0.08248378043,69
54,141,2,0.08595547432,66
54,142,2,0.07803286702,68
54,143,2,0.08072999931,66
54,144,2,0.06678905471,66
54,145,2,0.08248378043,69
54,146,2,0.08237241853,67
54,147,2,0.07341455779,67
54,148,2,0.07480715357,67
54,149,2,0.08452018876,66
54,150,2,0.08409220902,67
54,151,2,0.07480715357,67
54,152,2,0.08343283597,66
54,153,2,0.08523938966,67
54,154,2,0.08414486885,68
54,155,2,0.08436379821,68
54,156,2,0.08123897998,66
54,157,2,0.06678905471,66
54,158,2,0.06678905471,66
54,159,2,0.08237241853,67
54,160,2,0.08571428571,70
54,161,2,0.08072999931,66
54,162,2,0.08436379821,68
54,163,2,0.0806801876,68
54,164,2,0.08237241853,67
54,165,2,0.0806801876,68
54,166,2,0.08414486885,68
54,167,2,0.08409220902,67
54,168,2,0.08571428571,70
54,169,2,0.07956116307,68
54,170,2,0.0806801876,68
54,171,2,0.07480715357,67
54,172,2,0.0806801876,68
54,173,2,0.0806801876,68
54,174,2,0.08343283597,66
54,175,2,0.08452018876,66
54,176,2,0.08523938966,67
54,177,2,0.08414486885,68
54,178,2,0.0808084825,69
54,179,2,0.07480715357,67
54,180,2,0.08072999931,66
54,181,2,0.08409220902,67
54,182,2,0.08409220902,67
54,183,2,0.08453016273,67
54,184,2,0.08436379821,68
54,185,2,0.08409220902,67
54,186,2,0.08523938966,67
54,187,2,0.08414486885,68
54,188,2,0.06060606061,66
54,189,2,0.08595547432,66
54,190,2,0.06060606061,66
54,191,2,0.08414486885,68
54,192,2,0.08436379821,68
54,193,2,0.08248378043,69
54,194,2,0.0808084825,69
54,195,2,0.08248378043,69
54,196,2,0.07480715357,67
54,197,2,0.08237241853,67
54,198,2,0.08595547432,66
54,199,2,0.08453016273,67
54,200,2,0.08237241853,67
54,201,2,0.08343283597,66
54,202,2,0.08523938966,67
54,203,2,0.08453016273,67
54,204,2,0.08461800723,67
54,205,2,0.0808084825,69
54,206,2,0.08196152952,66
54,207,2,0.08414486885,68
54,208,2,0.07341455779,67
54,209,2,0.08523938966,67
54,210,2,0.08343283597,66
54,211,2,0.08505402402,67
54,212,2,0.0806801876,68
54,213,2,0.0808084825,69
54,214,2,0.08409220902,67
54,215,2,0.08248378043,69
54,216,2,0.08424522649,68
54,217,2,0.08248378043,69
54,218,2,0.0806801876,68
54,219,2,0.07956116307,68
54,220,2,0.08072999931,66
54,221,2,0.08571428571,70
54,222,2,0.06678905471,66
54,223,2,0.08461800723,67
54,224,2,0.08424522649,68
54,225,2,0.08248378043,69
54,226,2,0.0806801876,68
54,227,2,0.07803286702,68
54,228,2,0.08414486885,68
54,229,2,0.06678905471,66
54,230,2,0.08248378043,69
54,231,2,0.08453016273,67
54,232,2,0.08571428571,70
54,233,2,0.06678905471,66
54,234,2,0.08424522649,68
54,235,2,0.07480715357,67
54,236,2,0.07341455779,67
54,237,2,0.08072999931,66
54,238,2,0.08072999931,66
54,239,2,0.08414486885,68
54,240,2,0.08452018876,66
54,241,2,0.08452018876,66
54,242,2,0.07341455779,67
54,243,2,0.07803286702,68
54,244,2,0.07956116307,68
54,245,2,0.0808084825,69
54,246,2,0.0808084825,69
54,247,2,0.0806801876,68
54,248,2,0.08343283597,66
54,249,2,0.08424522649,68
54,250,2,0.08248378043,69
54,251,2,0.08453016273,67
54,252,2,0.08595547432,66
54,253,2,0.08414486885,68
54,254,2,0.0808084825,69
54,255,2,0.08523938966,67
54,256,2,0.07685228605,66
54,257,2,0.08409220902,67
54,258,2,0.0808084825,69
54,259,2,0.08461800723,67
54,260,2,0.08436379821,68
54,261,2,0.07956116307,68
54,262,2,0.08523938966,67
54,263,2,0.08505402402,67
54,264,2,0.08461800723,67
54,265,2,0.08595547432,66
54,266,2,0.0808084825,69
54,267,2,0.07956116307,68
54,268,2,0.08237241853,67
54,269,2,0.08424522649,68
54,270,2,0.07341455779,67
54,271,2,0.08409220902,67
54,272,2,0.07956116307,68
54,273,2,0.0808084825,69
54,274,2,0.08343283597,66
54,275,2,0.08436379821,68
54,276,2,0.08523938966,67
54,277,2,0.07685228605,66
54,278,2,0.08571428571,70
54,279,2,0.06060606061,66
54,280,2,0.08409220902,67
54,281,2,0.08461800723,67
54,282,2,0.07803286702,68
54,283,2,0.08461800723,67
54,284,2,0.08123897998,66
54,285,2,0.07685228605,66
54,286,2,0.08436379821,68
54,287,2,0.08461800723,67
54,288,2,0.08424522649,68
54,289,2,0.08072999931,66
54,290,2,0.07956116307,68
54,291,2,0.08123897998,66
54,292,2,0.08123897998,66
54,293,2,0.08248378043,69
54,294,2,0.08123897998,66
54,295,2,0.07685228605,66
54,296,2,0.06678905471,66
54,297,2,0.08571428571,70
54,298,2,0.08571428571,70
54,299,2,0.08409220902,67
54,300,2,0.08424522649,68
54,301,2,0.08248378043,69
54,302,2,0.08196152952,66
54,303,2,0.08505402402,67
54,304,2,0.08237241853,67
54,305,2,0.08436379821,68
54,306,2,0.08414486885,68
54,307,2,0.08123897998,66
54,308,2,0.08414486885,68
54,309,2,0.0808084825,69
54,310,2,0.08595547432,66
54,311,2,0.08436379821,68
54,312,2,0.08453016273,67
54,313,2,0.08571428571,70
54,314,2,0.08072999931,66
54,315,2,0.06678905471,66
54,316,2,0.08414486885,68
54,317,2,0.08414486885,68
54,318,2,0.07480715357,67
54,319,2,0.0808084825,69
54,320,2,0.07685228605,66
54,321,2,0.08436379821,68
54,322,2,0.08424522649,68
54,323,2,0.08409220902,67
54,324,2,0.08248378043,69
54,325,2,0.07480715357,67
54,326,2,0.0806801876,68
54,327,2,0.07341455779,67
54,328,2,0.07480715357,67
54,329,2,0.08414486885,68
54,330,2,0.08452018876,66
54,331,2,0.0808084825,69
54,332,2,0.08571428571,70
54,333,2,0.08409220902,67
54,334,2,0.08452018876,66
54,335,2,0.08248378043,69
54,336,2,0.08072999931,66
54,337,2,0.0806801876,68
54,338,2,0.08595547432,66
54,339,2,0.06678905471,66
54,340,2,0.07956116307,68
54,341,2,0.08571428571,70
54,342,2,0.08248378043,69
54,343,2,0.08571428571,70
54,344,2,0.08424522649,68
54,345,2,0.08436379821,68
54,346,2,0.08123897998,66
54,347,2,0.0808084825,69
54,348,2,0.08424522649,68
54,349,2,0.07480715357,67
54,350,2,0.08595547432,66
54,351,2,0.08409220902,67
54,352,2,0.08128545138,66
54,353,2,0.0806801876,68
54,354,2,0.08595547432,66
54,355,2,0.08409220902,67
54,356,2,0.08452018876,66
54,357,2,0.0808084825,69
54,358,2,0.07341455779,67
54,359,2,0.08409220902,67
54,360,2,0.07480715357,67
54,361,2,0.08571428571,70
54,362,2,0.08237241853,67
54,363,2,0.08571428571,70
54,364,2,0.08237241853,67
54,365,2,0.08571428571,70
54,366,2,0.08505402402,67
54,367,2,0.08343283597,66
54,368,2,0.08237241853,67
54,369,2,0.06060606061,66
54,370,2,0.0808084825,69
54,371,2,0.08436379821,68
54,372,2,0.07341455779,67
54,373,2,0.08424522649,68
54,374,2,0.08523938966,67
54,375,2,0.08409220902,67
54,376,2,0.08343283597,66
54,377,2,0.08072999931,66
54,378,2,0.07480715357,67
54,379,2,0.08523938966,67
54,380,2,0.08595547432,66
54,381,2,0.08436379821,68
54,382,2,0.0808084825,69
54,383,2,0.08571428571,70
54,384,2,0.08505402402,67
54,385,2,0.07685228605,66
54,386,2,0.08414486885,68
54,387,2,0.08436379821,68
54,388,2,0.08248378043,69
54,389,2,0.08523938966,67
54,390,2,0.08452018876,66
54,391,2,0.0806801876,68
54,392,2,0.08523938966,67
54,393,2,0.07341455779,67
54,394,2,0.07956116307,68
54,395,2,0.0808084825,69
54,396,2,0.08424522649,68
54,397,2,0.08248378043,69
54,398,2,0.06060606061,66
54,399,2,0.08424522649,68
54,400,2,0.08414486885,68
54,401,2,0.08436379821,68
54,402,2,0.06678905471,66
54,403,2,0.06678905471,66
54,404,2,0.06678905471,66
54,405,2,0.0808084825,69
54,406,2,0.08571428571,70
54,407,2,0.08523938966,67
54,408,2,0.08072999931,66
54,409,2,0.08072999931,66
54,410,2,0.08452018876,66
54,411,2,0.06678905471,66
54,412,2,0.07480715357,67
54,413,2,0.0806801876,68
54,414,2,0.08461800723,67
54,415,2,0.08343283597,66
54,416,2,0.08128545138,66
54,417,2,0.0806801876,68
54,418,2,0.08452018876,66
54,419,2,0.08436379821,68
54,420,2,0.08237241853,67
54,421,2,0.08409220902,67
54,422,2,0.08237241853,67
54,423,2,0.08505402402,67
54,424,2,0.08128545138,66
54,425,2,0.08571428571,70
54,426,2,0.08072999931,66
54,427,2,0.08248378043,69
54,428,2,0.08436379821,68
54,429,2,0.07480715357,67
54,430,2,0.08571428571,70
54,431,2,0.07480715357,67
54,432,2,0.08461800723,67
54,433,2,0.08409220902,67
54,434,2,0.08248378043,69
54,435,2,0.06678905471,66
54,436,2,0.07956116307,68
54,437,2,0.08523938966,67
54,438,2,0.08461800723,67
54,439,2,0.07956116307,68
54,440,2,0.0806801876,68
54,441,2,0.0808084825,69
54,442,2,0.08237241853,67
54,443,2,0.08248378043,69
54,444,2,0.07685228605,66
54,445,2,0.08452018876,66
54,446,2,0.08523938966,67
54,447,2,0.07480715357,67
54,448,2,0.08424522649,68
54,449,2,0.08343283597,66
54,450,2,0.08248378043,69
54,451,2,0.08248378043,69
54,452,2,0.08072999931,66
54,453,2,0.08505402402,67
54,454,2,0.07341455779,67
54,455,2,0.06678905471,66
54,456,2,0.08414486885,68
54,457,2,0.08409220902,67
54,458,2,0.08123897998,66
54,459,2,0.07956116307,68
54,460,2,0.07685228605,66
54,461,2,0.08343283597,66
54,462,2,0.08452018876,66
54,463,2,0.08237241853,67
54,464,2,0.08595547432,66
54,465,2,0.06060606061,66
54,466,2,0.08409220902,67
54,467,2,0.08571428571,70
54,468,2,0.08461800723,67
54,469,2,0.08414486885,68
54,470,2,0.08248378043,69
54,471,2,0.08453016273,67
54,472,2,0.08414486885,68
54,473,2,0.07341455779,67
54,474,2,0.0806801876,68
54,475,2,0.08123897998,66
54,476,2,0.08248378043,69
54,477,2,0.08523938966,67
54,478,2,0.08248378043,69
54,479,2,0.08409220902,67
54,480,2,0.08237241853,67
54,481,2,0.06678905471,66
54,482,2,0.0806801876,68
54,483,2,0.08523938966,67
54,484,2,0.07803286702,68
54,485,2,0.08072999931,66
54,486,2,0.08248378043,69
54,487,2,0.06678905471,66
54,488,2,0.08196152952,66
54,489,2,0.08424522649,68
54,490,2,0.08424522649,68
54,491,2,0.08414486885,68
54,492,2,0.08424522649,68
54,493,2,0.07341455779,67
54,494,2,0.07480715357,67
54,495,2,0.08595547432,66
54,496,2,0.08505402402,67
54,497,2,0.08523938966,67
54,498,2,0.08595547432,66
54,499,2,0.07480715357,67
54,500,2,0.08461800723,67
54,501,2,0.0808084825,69
54,502,2,0.08248378043,69
54,503,2,0.08452018876,66
54,504,2,0.08505402402,67
54,505,2,0.08072999931,66
54,506,2,0.08343283597,66
54,507,2,0.08461800723,67
54,508,2,0.07341455779,67
54,509,2,0.07341455779,67
54,510,2,0.08523938966,67
54,511,2,0.08424522649,68
54,512,2,0.08248378043,69
54,513,2,0.0808084825,69
54,514,2,0.07685228605,66
54,515,2,0.07956116307,68
54,516,2,0.08123897998,66
54,517,2,0.08123897998,66
54,518,2,0.08571428571,70
54,519,2,0.08248378043,69
54,520,2,0.08452018876,66
54,521,2,0.08424522649,68
54,522,2,0.07685228605,66
54,523,2,0.08571428571,70
54,524,2,0.08436379821,68
54,525,2,0.08072999931,66
54,526,2,0.08453016273,67
54,527,2,0.08453016273,67
54,528,2,0.08414486885,68
54,529,2,0.08409220902,67
54,530,2,0.08248378043,69
54,531,2,0.08436379821,68
54,532,2,0.08453016273,67
54,533,2,0.07803286702,68
54,534,2,0.08072999931,66
54,535,2,0.08436379821,68
54,536,2,0.08452018876,66
54,537,2,0.08072999931,66
54,538,2,0.08248378043,69
54,539,2,0.08343283597,66
54,540,2,0.08343283597,66
54,541,2,0.0806801876,68
54,542,2,0.08571428571,70
54,543,2,0.06678905471,66
54,544,2,0.08414486885,68
54,545,2,0.08523938966,67
54,546,2,0.08571428571,70
54,547,2,0.08571428571,70
54,548,2,0.08343283597,66
54,549,2,0.0806801876,68
54,550,2,0.08505402402,67
54,551,2,0.08595547432,66
54,552,2,0.07803286702,68
54,553,2,0.08409220902,67
54,554,2,0.07480715357,67
54,555,2,0.08595547432,66
54,556,2,0.08248378043,69
54,557,2,0.08452018876,66
54,558,2,0.08595547432,66
54,559,2,0.0806801876,68
54,560,2,0.08571428571,70
54,561,2,0.07685228605,66
54,562,2,0.08248378043,69
54,563,2,0.08237241853,67
54,564,2,0.08409220902,67
54,565,2,0.08571428571,70
54,566,2,0.08424522649,68
54,567,2,0.08461800723,67
54,568,2,0.08453016273,67
54,569,2,0.08505402402,67
54,570,2,0.08072999931,66
54,571,2,0.06060606061,66
54,572,2,0.0806801876,68
54,573,2,0.07803286702,68
54,574,2,0.08409220902,67
54,575,2,0.08424522649,68
54,576,2,0.08424522649,68
54,577,2,0.0808084825,69
54,578,2,0.07803286702,68
54,579,2,0.08123897998,66
54,580,2,0.08436379821,68
54,581,2,0.08571428571,70
54,582,2,0.07341455779,67
54,583,2,0.08424522649,68
54,584,2,0.0806801876,68
54,585,2,0.08523938966,67
54,586,2,0.08409220902,67
54,587,2,0.08461800723,67
54,588,2,0.08237241853,67
54,589,2,0.07480715357,67
54,590,2,0.08453016273,67
54,591,2,0.08461800723,67
54,592,2,0.08414486885,68
54,593,2,0.08409220902,67
54,594,2,0.08248378043,69
54,595,2,0.08196152952,66
54,596,2,0.08461800723,67
54,597,2,0.08453016273,67
54,598,2,0.08248378043,69
54,599,2,0.08414486885,68
54,600,2,0.08409220902,67
54,601,2,0.08248378043,69
54,602,2,0.0808084825,69
54,603,2,0.08248378043,69
54,604,2,0.08523938966,67
54,605,2,0.08343283597,66
54,606,2,0.07803286702,68
54,607,2,0.08461800723,67
54,608,2,0.08424522649,68
54,609,2,0.07956116307,68
54,610,2,0.08453016273,67
54,611,2,0.08571428571,70
54,612,2,0.0808084825,69
54,613,2,0.08409220902,67
54,614,2,0.08453016273,67
54,615,2,0.0806801876,68
54,616,2,0.07803286702,68
54,617,2,0.08452018876,66
54,618,2,0.07685228605,66
54,619,2,0.08414486885,68
54,620,2,0.08595547432,66
54,621,2,0.08523938966,67
54,622,2,0.08237241853,67
54,623,2,0.08505402402,67
54,624,2,0.08123897998,66
54,625,2,0.0808084825,69
54,626,2,0.08414486885,68
54,627,2,0.08248378043,69
54,628,2,0.08424522649,68
54,629,2,0.08123897998,66
54,630,2,0.07803286702,68
54,631,2,0.08461800723,67
54,632,2,0.08461800723,67
54,633,2,0.0808084825,69
54,634,2,0.08452018876,66
54,635,2,0.08424522649,68
54,636,2,0.06678905471,66
54,637,2,0.08072999931,66
54,638,2,0.08128545138,66
54,639,2,0.07803286702,68
54,640,2,0.08123897998,66
54,641,2,0.08237241853,67
54,642,2,0.08123897998,66
54,643,2,0.08436379821,68
54,644,2,0.08409220902,67
54,645,2,0.08461800723,67
54,646,2,0.08237241853,67
54,647,2,0.07685228605,66
54,648,2,0.0806801876,68
54,649,2,0.08452018876,66
54,650,2,0.08424522649,68
54,651,2,0.07803286702,68
54,652,2,0.07341455779,67
54,653,2,0.08436379821,68
54,654,2,0.06678905471,66
54,655,2,0.06060606061,66
54,656,2,0.08505402402,67
54,657,2,0.07480715357,67
54,658,2,0.08571428571,70
54,659,2,0.08424522649,68
54,660,2,0.08571428571,70
54,661,2,0.08461800723,67
54,662,2,0.08571428571,70
54,663,2,0.08571428571,70
54,664,2,0.08248378043,69
54,665,2,0.08409220902,67
54,666,2,0.0808084825,69
54,667,2,0.08523938966,67
54,668,2,0.07956116307,68
54,669,2,0.0806801876,68
54,670,2,0.08072999931,66
54,671,2,0.08072999931,66
54,672,2,0.07956116307,68
54,673,2,0.08461800723,67
54,674,2,0.07341455779,67
54,675,2,0.08523938966,67
54,676,2,0.08461800723,67
54,677,2,0.08461800723,67
54,678,2,0.07480715357,67
54,679,2,0.08461800723,67
54,680,2,0.08343283597,66
54,681,2,0.07341455779,67
54,682,2,0.07341455779,67
54,683,2,0.08409220902,67
54,684,2,0.08505402402,67
54,685,2,0.07956116307,68
54,686,2,0.08523938966,67
54,687,2,0.07685228605,66
54,688,2,0.08409220902,67
54,689,2,0.08571428571,70
54,690,2,0.0806801876,68
54,691,2,0.08436379821,68
54,692,2,0.08248378043,69
54,693,2,0.08523938966,67
54,694,2,0.06060606061,66
54,695,2,0.07956116307,68
54,696,2,0.08505402402,67
54,697,2,0.08453016273,67
54,698,2,0.08436379821,68
54,699,2,0.07480715357,67
54,700,2,0.08424522649,68
54,701,2,0.08505402402,67
54,702,2,0.08248378043,69
54,703,2,0.08523938966,67
54,704,2,0.06060606061,66
54,705,2,0.08461800723,67
54,706,2,0.08424522649,68
54,707,2,0.07480715357,67
54,708,2,0.07956116307,68
54,709,2,0.08237241853,67
54,710,2,0.08461800723,67
54,711,2,0.08523938966,67
54,712,2,0.08453016273,67
54,713,2,0.08424522649,68
54,714,2,0.08571428571,70
54,715,2,0.07341455779,67
54,716,2,0.08248378043,69
54,717,2,0.0806801876,68
54,718,2,0.08414486885,68
54,719,2,0.08571428571,70
54,720,2,0.08424522649,68
54,721,2,0.08072999931,66
54,722,2,0.0808084825,69
54,723,2,0.08453016273,67
54,724,2,0.08248378043,69
54,725,2,0.08571428571,70
54,726,2,0.08248378043,69
54,727,2,0.08436379821,68
54,728,2,0.08571428571,70
54,729,2,0.08595547432,66
54,730,2,0.07480715357,67
54,731,2,0.08248378043,69
54,732,2,0.07341455779,67
54,733,2,0.08248378043,69
54,734,2,0.08072999931,66
54,735,2,0.07341455779,67
54,736,2,0.08409220902,67
54,737,2,0.0808084825,69
54,738,2,0.0808084825,69
54,739,2,0.06678905471,66
54,740,2,0.08409220902,67
54,741,2,0.08123897998,66
54,742,2,0.08571428571,70
54,743,2,0.08248378043,69
54,744,2,0.08248378043,69
54,745,2,0.07341455779,67
54,746,2,0.08505402402,67
54,747,2,0.08523938966,67
54,748,2,0.07803286702,68
54,749,2,0.08424522649,68
54,750,2,0.08237241853,67
54,751,2,0.07480715357,67
54,752,2,0.08343283597,66
54,753,2,0.07956116307,68
54,754,2,0.08237241853,67
54,755,2,0.08248378043,69
54,756,2,0.07341455779,67
54,757,2,0.08248378043,69
54,758,2,0.0808084825,69
54,759,2,0.08343283597,66
54,760,2,0.0808084825,69
54,761,2,0.06678905471,66
54,762,2,0.07685228605,66
54,763,2,0.08237241853,67
54,764,2,0.08453016273,67
54,765,2,0.0806801876,68
54,766,2,0.0808084825,69
54,767,2,0.07685228605,66
54,768,2,0.0808084825,69
54,769,2,0.07685228605,66
54,770,2,0.08424522649,68
54,771,2,0.07341455779,67
54,772,2,0.06678905471,66
54,773,2,0.0808084825,69
54,774,2,0.08072999931,66
54,775,2,0.08248378043,69
54,776,2,0.08461800723,67
54,777,2,0.08453016273,67
54,778,2,0.08453016273,67
54,779,2,0.08237241853,67
54,780,2,0.08452018876,66
54,781,2,0.08072999931,66
54,782,2,0.08237241853,67
54,783,2,0.08461800723,67
54,784,2,0.08248378043,69
54,785,2,0.08452018876,66
54,786,2,0.08436379821,68
54,787,2,0.0806801876,68
54,788,2,0.07956116307,68
54,789,2,0.07341455779,67
54,790,2,0.08452018876,66
54,791,2,0.08409220902,67
54,792,2,0.08571428571,70
54,793,2,0.08523938966,67
54,794,2,0.0806801876,68
54,795,2,0.08436379821,68
54,796,2,0.08072999931,66
54,797,2,0.08409220902,67
54,798,2,0.07480715357,67
54,799,2,0.06678905471,66
54,800,2,0.0808084825,69
54,801,2,0.08571428571,70
54,802,2,0.08453016273,67
54,803,2,0.07685228605,66
54,804,2,0.07956116307,68
54,805,2,0.08571428571,70
54,806,2,0.08461800723,67
54,807,2,0.07480715357,67
54,808,2,0.08248378043,69
54,809,2,0.08237241853,67
54,810,2,0.08571428571,70
54,811,2,0.07956116307,68
54,812,2,0.08571428571,70
54,813,2,0.07956116307,68
54,814,2,0.08436379821,68
54,815,2,0.08453016273,67
54,816,2,0.08453016273,67
54,817,2,0.07803286702,68
54,818,2,0.0806801876,68
54,819,2,0.08461800723,67
54,820,2,0.08237241853,67
54,821,2,0.0808084825,69
54,822,2,0.06060606061,66
54,823,2,0.08571428571,70
54,824,2,0.07685228605,66
54,825,2,0.07480715357,67
54,826,2,0.08414486885,68
54,827,2,0.08424522649,68
54,828,2,0.08248378043,69
54,829,2,0.08343283597,66
54,830,2,0.08409220902,67
54,831,2,0.08461800723,67
54,832,2,0.08409220902,67
54,833,2,0.08424522649,68
54,834,2,0.08453016273,67
54,835,2,0.08452018876,66
54,836,2,0.08409220902,67
54,837,2,0.08248378043,69
54,838,2,0.0808084825,69
54,839,2,0.08237241853,67
54,840,2,0.0808084825,69
54,841,2,0.08523938966,67
54,842,2,0.08453016273,67
54,843,2,0.08453016273,67
54,844,2,0.08424522649,68
54,845,2,0.07803286702,68
54,846,2,0.07956116307,68
54,847,2,0.0808084825,69
54,848,2,0.08452018876,66
54,849,2,0.08248378043,69
54,850,2,0.0806801876,68
54,851,2,0.08343283597,66
54,852,2,0.07803286702,68
54,853,2,0.08072999931,66
54,854,2,0.08248378043,69
54,855,2,0.08196152952,66
54,856,2,0.08571428571,70
54,857,2,0.08409220902,67
54,858,2,0.07956116307,68
54,859,2,0.07341455779,67
54,860,2,0.08414486885,68
54,861,2,0.07480715357,67
54,862,2,0.08248378043,69
54,863,2,0.07956116307,68
54,864,2,0.0806801876,68
54,865,2,0.08248378043,69
54,866,2,0.08523938966,67
54,867,2,0.06678905471,66
54,868,2,0.08123897998,66
54,869,2,0.07480715357,67
54,870,2,0.08523938966,67
54,871,2,0.08343283597,66
54,872,2,0.07480715357,67
54,873,2,0.07341455779,67
54,874,2,0.08248378043,69
54,875,2,0.08523938966,67
54,876,2,0.08343283597,66
54,877,2,0.08409220902,67
54,878,2,0.08409220902,67
54,879,2,0.07685228605,66
54,880,2,0.08461800723,67
54,881,2,0.08343283597,66
54,882,2,0.08571428571,70
54,883,2,0.08505402402,67
54,884,2,0.08128545138,66
54,885,2,0.08571428571,70
54,886,2,0.08461800723,67
54,887,2,0.08595547432,66
54,888,2,0.08237241853,67
54,889,2,0.08571428571,70
54,890,2,0.06678905471,66
54,891,2,0.08571428571,70
54,892,2,0.08595547432,66
54,893,2,0.08072999931,66
54,894,2,0.08523938966,67
54,895,2,0.08595547432,66
54,896,2,0.08453016273,67
54,897,2,0.07480715357,67
54,898,2,0.08072999931,66
54,899,2,0.0808084825,69
54,900,2,0.07480715357,67
54,901,2,0.08453016273,67
54,902,2,0.08523938966,67
54,903,2,0.07956116307,68
54,904,2,0.08571428571,70
54,905,2,0.07341455779,67
54,906,2,0.08461800723,67
54,907,2,0.08248378043,69
54,908,2,0.08452018876,66
54,909,2,0.0808084825,69
54,910,2,0.06678905471,66
54,911,2,0.08128545138,66
54,912,2,0.08461800723,67
54,913,2,0.08072999931,66
54,914,2,0.08571428571,70
54,915,2,0.08461800723,67
54,916,2,0.08436379821,68
54,917,2,0.08453016273,67
54,918,2,0.08409220902,67
54,919,2,0.08523938966,67
54,920,2,0.08196152952,66
54,921,2,0.08571428571,70
54,922,2,0.08343283597,66
54,923,2,0.08414486885,68
54,924,2,0.08414486885,68
54,925,2,0.08072999931,66
54,926,2,0.08248378043,69
54,927,2,0.07803286702,68
54,928,2,0.07480715357,67
54,929,2,0.08461800723,67
54,930,2,0.06678905471,66
54,931,2,0.08072999931,66
54,932,2,0.07803286702,68
54,933,2,0.08123897998,66
54,934,2,0.08505402402,67
54,935,2,0.07956116307,68
54,936,2,0.08595547432,66
54,937,2,0.07803286702,68
54,938,2,0.08237241853,67
54,939,2,0.08595547432,66
54,940,2,0.08248378043,69
54,941,2,0.0808084825,69
54,942,2,0.08523938966,67
54,943,2,0.08523938966,67
54,944,2,0.08196152952,66
54,945,2,0.07956116307,68
54,946,2,0.08343283597,66
54,947,2,0.08414486885,68
54,948,2,0.08237241853,67
54,949,2,0.08409220902,67
54,950,2,0.0806801876,68
54,951,2,0.08571428571,70
54,952,2,0.08571428571,70
54,953,2,0.06678905471,66
54,954,2,0.08461800723,67
54,955,2,0.08571428571,70
54,956,2,0.08196152952,66
54,957,2,0.08414486885,68
54,958,2,0.08072999931,66
54,959,2,0.08453016273,67
54,960,2,0.07480715357,67
54,961,2,0.08237241853,67
54,962,2,0.0806801876,68
54,963,2,0.08343283597,66
54,964,2,0.07341455779,67
54,965,2,0.08248378043,69
54,966,2,0.08571428571,70
54,967,2,0.08571428571,70
54,968,2,0.08571428571,70
54,969,2,0.0806801876,68
54,970,2,0.0806801876,68
54,971,2,0.0806801876,68
54,972,2,0.08453016273,67
54,973,2,0.07685228605,66
54,974,2,0.08571428571,70
54,975,2,0.08461800723,67
54,976,2,0.07956116307,68
54,977,2,0.08424522649,68
54,978,2,0.0808084825,69
54,979,2,0.08571428571,70
54,980,2,0.07803286702,68
54,981,2,0.08248378043,69
54,982,2,0.08436379821,68
54,983,2,0.0808084825,69
54,984,2,0.08505402402,67
54,985,2,0.07480715357,67
54,986,2,0.07480715357,67
54,987,2,0.08436379821,68
54,988,2,0.08409220902,67
54,989,2,0.0808084825,69
54,990,2,0.08424522649,68
54,991,2,0.08505402402,67
54,992,2,0.0806801876,68
54,993,2,0.08409220902,67
54,994,2,0.08453016273,67
54,995,2,0.0808084825,69
54,996,2,0.0806801876,68
54,997,2,0.08072999931,66
54,998,2,0.08461800723,67
54,999,2,0.08523938966,67
